<?xml version='1.0' encoding='UTF-8'?>
<osm version='0.6' generator='JOSM'>
  <node id='-101835' action='modify' visible='true' lat='48.77158905213' lon='11.43791254601' />
  <node id='-101844' action='modify' visible='true' lat='48.77156772889' lon='11.43789712306' />
  <node id='-101853' action='modify' visible='true' lat='48.77157341871' lon='11.43790391257' />
  <node id='-101941' action='modify' visible='true' lat='48.77158485374' lon='11.43788279026' />
  <node id='-102005' action='modify' visible='true' lat='48.77251379434' lon='11.44160225979' />
  <node id='-102014' action='modify' visible='true' lat='48.77253053235' lon='11.44162279545' />
  <node id='-102027' action='modify' visible='true' lat='48.77250390626' lon='11.44149471989' />
  <node id='-102042' action='modify' visible='true' lat='48.77251092181' lon='11.44152489482' />
  <node id='-102064' action='modify' visible='true' lat='48.77254528173' lon='11.44157543762' />
  <node id='-102091' action='modify' visible='true' lat='48.76945567214' lon='11.43880220113' />
  <node id='-102103' action='modify' visible='true' lat='48.76943545271' lon='11.43872911094' />
  <node id='-102115' action='modify' visible='true' lat='48.76916610812' lon='11.43873414016' />
  <node id='-102125' action='modify' visible='true' lat='48.76916215813' lon='11.43872458479' />
  <node id='-102138' action='modify' visible='true' lat='48.76916812451' lon='11.43874587489' />
  <node id='-102151' action='modify' visible='true' lat='48.76923447337' lon='11.43880857138' />
  <node id='-102167' action='modify' visible='true' lat='48.76886057674' lon='11.43836215122' />
  <node id='-102179' action='modify' visible='true' lat='48.76883858923' lon='11.43836818619' />
  <node id='-102220' action='modify' visible='true' lat='48.77175488833' lon='11.43818059919' />
  <node id='-102266' action='modify' visible='true' lat='48.77262538112' lon='11.44161734696' />
  <node id='-102272' action='modify' visible='true' lat='48.77261875222' lon='11.4416421574' />
  <node id='1000' visible='true' version='1' lat='48.77114195348' lon='11.43823484541' />
  <node id='1001' visible='true' version='1' lat='48.77142946756' lon='11.43819847956' />
  <node id='1002' visible='true' version='1' lat='48.7715210029' lon='11.43818543688' />
  <node id='1003' visible='true' version='1' lat='48.77083942742' lon='11.43827145097' />
  <node id='1004' visible='true' version='1' lat='48.77062868335' lon='11.43830589462' />
  <node id='1005' visible='true' version='1' lat='48.77030881679' lon='11.43836677359' />
  <node id='1006' visible='true' version='1' lat='48.77009169636' lon='11.43840773888' />
  <node id='1007' visible='true' version='1' lat='48.76990752291' lon='11.43844368281' />
  <node id='1008' visible='true' version='1' lat='48.76961758453' lon='11.43850120412' />
  <node id='1009' visible='true' version='1' lat='48.77098901928' lon='11.43825271749' />
  <node id='1010' visible='true' version='1' lat='48.76946909677' lon='11.43853433799' />
  <node id='1011' visible='true' version='1' lat='48.76943303941' lon='11.43856840436' />
  <node id='1012' visible='true' version='1' lat='48.76941577271' lon='11.43861437818' />
  <node id='1013' action='modify' visible='true' version='1' lat='48.76940845073' lon='11.43868566259' />
  <node id='1014' action='modify' visible='true' version='1' lat='48.76941280675' lon='11.43873045823' />
  <node id='1015' action='modify' visible='true' version='1' lat='48.7694212442' lon='11.43877266303' />
  <node id='1016' visible='true' version='1' lat='48.76943617102' lon='11.43882085744' />
  <node id='1017' visible='true' version='1' lat='48.76945701627' lon='11.43886262513' />
  <node id='1018' action='modify' visible='true' version='1' lat='48.76948753162' lon='11.43891064144' />
  <node id='1019' visible='true' version='1' lat='48.76951551587' lon='11.4389417109' />
  <node id='1020' visible='true' version='1' lat='48.76973170131' lon='11.4391684424' />
  <node id='1021' visible='true' version='1' lat='48.77053568676' lon='11.43996669458' />
  <node id='1022' visible='true' version='1' lat='48.77086342586' lon='11.4402557286' />
  <node id='1023' visible='true' version='1' lat='48.77134640699' lon='11.44067334696' />
  <node id='1024' visible='true' version='1' lat='48.77172288906' lon='11.44101472437' />
  <node id='1025' visible='true' version='1' lat='48.7719531267' lon='11.44123434384' />
  <node id='1026' action='modify' visible='true' version='1' lat='48.77204133048' lon='11.44130054274' />
  <node id='1027' action='modify' visible='true' version='1' lat='48.77208048513' lon='11.44130030347' />
  <node id='1028' visible='true' version='1' lat='48.77210671774' lon='11.44128714523' />
  <node id='1029' visible='true' version='1' lat='48.77213033828' lon='11.44124573204' />
  <node id='1030' visible='true' version='1' lat='48.77213686571' lon='11.44121272384' />
  <node id='1031' visible='true' version='1' lat='48.77214174042' lon='11.44116208619' />
  <node id='1032' visible='true' version='1' lat='48.77214144079' lon='11.44111784663' />
  <node id='1033' visible='true' version='1' lat='48.77213493226' lon='11.44108123253' />
  <node id='1034' visible='true' version='1' lat='48.77206314244' lon='11.44087732068' />
  <node id='1035' visible='true' version='1' lat='48.77201574778' lon='11.44074389886' />
  <node id='1036' visible='true' version='1' lat='48.7719605058' lon='11.4405726412' />
  <node id='1037' visible='true' version='1' lat='48.77193175252' lon='11.44047193486' />
  <node id='1038' visible='true' version='1' lat='48.77190362907' lon='11.44036269409' />
  <node id='1039' visible='true' version='1' lat='48.77186688146' lon='11.44023410803' />
  <node id='1040' visible='true' version='1' lat='48.77182104022' lon='11.44005919283' />
  <node id='1041' visible='true' version='1' lat='48.77178936777' lon='11.43989246642' />
  <node id='1042' visible='true' version='1' lat='48.77176267721' lon='11.43971655547' />
  <node id='1043' visible='true' version='1' lat='48.77173854455' lon='11.43948964108' />
  <node id='1044' visible='true' version='1' lat='48.77171913925' lon='11.43928735467' />
  <node id='1045' visible='true' version='1' lat='48.77169889029' lon='11.43907001106' />
  <node id='1046' visible='true' version='1' lat='48.77167864131' lon='11.43884583989' />
  <node id='1047' visible='true' version='1' lat='48.77165914229' lon='11.43861939287' />
  <node id='1048' visible='true' version='1' lat='48.77163991071' lon='11.43838615945' />
  <node id='1049' visible='true' version='1' lat='48.77166688606' lon='11.43835972602' />
  <node id='1050' visible='true' version='1' lat='48.77166093732' lon='11.43829405402' />
  <node id='1051' action='modify' visible='true' version='1' lat='48.77162750092' lon='11.43821228228' />
  <node id='1052' action='modify' visible='true' version='1' lat='48.7716078494' lon='11.43819415519' />
  <node id='1053' action='modify' visible='true' version='1' lat='48.77157332602' lon='11.43818263069' />
  <node id='1054' visible='true' version='1' lat='48.77142734579' lon='11.43816273622' />
  <node id='1055' visible='true' version='1' lat='48.77151927856' lon='11.43815003322' />
  <node id='1056' visible='true' version='1' lat='48.77113871789' lon='11.43819853596' />
  <node id='1057' visible='true' version='1' lat='48.77098757426' lon='11.43821328811' />
  <node id='1058' visible='true' version='1' lat='48.77083775599' lon='11.43822938137' />
  <node id='1059' visible='true' version='1' lat='48.77062385539' lon='11.43826559119' />
  <node id='1060' visible='true' version='1' lat='48.77030698032' lon='11.43832795255' />
  <node id='1061' visible='true' version='1' lat='48.77008600627' lon='11.4383700297' />
  <node id='1062' visible='true' version='1' lat='48.76990243538' lon='11.43840377387' />
  <node id='1063' visible='true' version='1' lat='48.76961356051' lon='11.43846038662' />
  <node id='1064' visible='true' version='1' lat='48.76945233261' lon='11.4384896866' />
  <node id='1065' visible='true' version='1' lat='48.76936999928' lon='11.43850324757' />
  <node id='1066' visible='true' version='1' lat='48.76929153182' lon='11.43847199861' />
  <node id='1067' visible='true' version='1' lat='48.76936953829' lon='11.43846162123' />
  <node id='1068' visible='true' version='1' lat='48.76944590243' lon='11.43844824331' />
  <node id='1069' visible='true' version='1' lat='48.76960958293' lon='11.43841646545' />
  <node id='1070' visible='true' version='1' lat='48.76989508392' lon='11.43836215071' />
  <node id='1071' visible='true' version='1' lat='48.77008070288' lon='11.43832795255' />
  <node id='1072' visible='true' version='1' lat='48.7703021189' lon='11.43828436665' />
  <node id='1073' visible='true' version='1' lat='48.77061943595' lon='11.4382233464' />
  <node id='1074' visible='true' version='1' lat='48.77083610864' lon='11.43818246357' />
  <node id='1075' visible='true' version='1' lat='48.77090625702' lon='11.43817506664' />
  <node id='1076' visible='true' version='1' lat='48.77098492261' lon='11.43816836111' />
  <node id='1077' visible='true' version='1' lat='48.77113253073' lon='11.43815763228' />
  <node id='1078' visible='true' version='1' lat='48.77142668289' lon='11.43812183253' />
  <node id='1079' visible='true' version='1' lat='48.77151732474' lon='11.43810991774' />
  <node id='1080' visible='true' version='1' lat='48.77103751336' lon='11.43816500869' />
  <node id='1081' visible='true' version='1' lat='48.77103839724' lon='11.43820825931' />
  <node id='1082' visible='true' version='1' lat='48.77104060694' lon='11.43824715134' />
  <node id='1083' visible='true' version='1' lat='48.77091288593' lon='11.43822066452' />
  <node id='1084' visible='true' version='1' lat='48.7709146537' lon='11.43826156821' />
  <node id='1085' visible='true' version='1' lat='48.77098403851' lon='11.43815394457' />
  <node id='1086' visible='true' version='1' lat='48.77103773433' lon='11.43814355101' />
  <node id='1087' visible='true' version='1' lat='48.77113009984' lon='11.43812745776' />
  <node id='1088' visible='true' version='1' lat='48.77142535686' lon='11.43808405368' />
  <node id='1089' action='modify' visible='true' version='1' lat='48.77151484093' lon='11.43806942467' />
  <node id='1090' visible='true' version='1' lat='48.77128915469' lon='11.43810213729' />
  <node id='1091' visible='true' version='1' lat='48.77129008182' lon='11.43813919242' />
  <node id='1092' visible='true' version='1' lat='48.7712909657' lon='11.4381795932' />
  <node id='1093' visible='true' version='1' lat='48.77129328588' lon='11.43821630593' />
  <node id='1094' action='modify' visible='true' version='1' lat='48.77152782798' lon='11.43806713411' />
  <node id='1095' action='modify' visible='true' version='1' lat='48.77152511225' lon='11.43803301696' />
  <node id='1096' action='modify' visible='true' version='1' lat='48.77151094008' lon='11.43803609502' />
  <node id='1097' visible='true' version='1' lat='48.77140343891' lon='11.43806006726' />
  <node id='1098' visible='true' version='1' lat='48.77128743019' lon='11.43808856573' />
  <node id='1099' visible='true' version='1' lat='48.7711288844' lon='11.43812376989' />
  <node id='1100' visible='true' version='1' lat='48.77128696052' lon='11.43809770217' />
  <node id='1101' visible='true' version='1' lat='48.7715211357' lon='11.43799534149' />
  <node id='1102' visible='true' version='1' lat='48.77139857782' lon='11.43802151017' />
  <node id='1103' visible='true' version='1' lat='48.77128190618' lon='11.43805034392' />
  <node id='1104' visible='true' version='1' lat='48.77112413388' lon='11.43808387153' />
  <node id='1105' visible='true' version='1' lat='48.77102966114' lon='11.43810244298' />
  <node id='1106' visible='true' version='1' lat='48.7709751999' lon='11.43811404638' />
  <node id='1107' visible='true' version='1' lat='48.77083112685' lon='11.43814019792' />
  <node id='1108' visible='true' version='1' lat='48.77061545845' lon='11.4381797605' />
  <node id='1109' visible='true' version='1' lat='48.77029681553' lon='11.43824346296' />
  <node id='1110' visible='true' version='1' lat='48.7700736317' lon='11.43828436665' />
  <node id='1111' visible='true' version='1' lat='48.7698871288' lon='11.43832057647' />
  <node id='1112' visible='true' version='1' lat='48.76960339558' lon='11.43837489121' />
  <node id='1113' visible='true' version='1' lat='48.76944258777' lon='11.43840499269' />
  <node id='1114' visible='true' version='1' lat='48.76936971091' lon='11.43841723382' />
  <node id='1115' action='modify' visible='true' version='1' lat='48.7715161961' lon='11.43794786047' />
  <node id='1116' action='modify' visible='true' version='1' lat='48.76928988095' lon='11.43838768399' />
  <node id='1117' visible='true' version='1' lat='48.77139435844' lon='11.43798112362' />
  <node id='1118' visible='true' version='1' lat='48.77127787049' lon='11.43800991197' />
  <node id='1119' visible='true' version='1' lat='48.77112037525' lon='11.43804338071' />
  <node id='1120' visible='true' version='1' lat='48.77102650271' lon='11.43806344156' />
  <node id='1121' visible='true' version='1' lat='48.7709719941' lon='11.43807344623' />
  <node id='1122' visible='true' version='1' lat='48.77082835209' lon='11.43810169667' />
  <node id='1123' visible='true' version='1' lat='48.77061208073' lon='11.43813919189' />
  <node id='1124' visible='true' version='1' lat='48.77029343923' lon='11.43820289406' />
  <node id='1125' visible='true' version='1' lat='48.77007030536' lon='11.43824378859' />
  <node id='1126' visible='true' version='1' lat='48.76988373168' lon='11.43828001215' />
  <node id='1127' visible='true' version='1' lat='48.76959995088' lon='11.43833433599' />
  <node id='1128' visible='true' version='1' lat='48.76943932692' lon='11.43836440077' />
  <node id='1129' visible='true' version='1' lat='48.76936610532' lon='11.43837708116' />
  <node id='1130' visible='true' version='1' lat='48.7693719797' lon='11.43855254937' />
  <node id='1131' action='modify' visible='true' version='1' lat='48.76927866912' lon='11.43838947606' />
  <node id='1132' action='modify' visible='true' version='1' lat='48.76924175846' lon='11.43839316409' />
  <node id='1133' action='modify' visible='true' version='1' lat='48.76916556748' lon='11.43839621898' />
  <node id='1134' action='modify' visible='true' version='1' lat='48.76910086851' lon='11.43839284951' />
  <node id='1135' action='modify' visible='true' version='1' lat='48.76902045579' lon='11.43838562004' />
  <node id='1136' visible='true' version='1' lat='48.76884663437' lon='11.43837359902' />
  <node id='1137' visible='true' version='1' lat='48.76881052509' lon='11.43837401433' />
  <node id='1138' visible='true' version='1' lat='48.76869384744' lon='11.43838092618' />
  <node id='1139' visible='true' version='1' lat='48.7686275532' lon='11.43839031391' />
  <node id='1140' visible='true' version='1' lat='48.76851750457' lon='11.43841378324' />
  <node id='1141' visible='true' version='1' lat='48.76840303606' lon='11.43844060533' />
  <node id='1142' visible='true' version='1' lat='48.76829696462' lon='11.43847010963' />
  <node id='1143' visible='true' version='1' lat='48.7681824956' lon='11.43850967221' />
  <node id='1144' visible='true' version='1' lat='48.76929093775' lon='11.4384279798' />
  <node id='1145' visible='true' version='1' lat='48.76818826047' lon='11.4385535629' />
  <node id='1146' visible='true' version='1' lat='48.76928011053' lon='11.43842944078' />
  <node id='1147' visible='true' version='1' lat='48.76924244355' lon='11.43843331768' />
  <node id='1148' visible='true' version='1' lat='48.76917721611' lon='11.43843753727' />
  <node id='1149' visible='true' version='1' lat='48.76909347444' lon='11.43843820755' />
  <node id='1150' visible='true' version='1' lat='48.76907141182' lon='11.43843647139' />
  <node id='1151' visible='true' version='1' lat='48.76892070701' lon='11.438422641' />
  <node id='1152' visible='true' version='1' lat='48.76884761242' lon='11.4384200914' />
  <node id='1153' visible='true' version='1' lat='48.76880592151' lon='11.43842048257' />
  <node id='1154' visible='true' version='1' lat='48.76869559709' lon='11.43842573684' />
  <node id='1155' visible='true' version='1' lat='48.76863046176' lon='11.43843496047' />
  <node id='1156' visible='true' version='1' lat='48.76852121608' lon='11.43845825856' />
  <node id='1157' visible='true' version='1' lat='48.76840730256' lon='11.4384849506' />
  <node id='1158' visible='true' version='1' lat='48.76830216894' lon='11.43851419405' />
  <node id='1159' visible='true' version='1' lat='48.76819424632' lon='11.43858907168' />
  <node id='1160' visible='true' version='1' lat='48.76928143049' lon='11.43847303952' />
  <node id='1161' visible='true' version='1' lat='48.76924395502' lon='11.43847682915' />
  <node id='1162' visible='true' version='1' lat='48.76916617922' lon='11.43848185077' />
  <node id='1163' visible='true' version='1' lat='48.76909202338' lon='11.43848107171' />
  <node id='1164' visible='true' version='1' lat='48.76905935015' lon='11.4384789844' />
  <node id='1165' visible='true' version='1' lat='48.76894578205' lon='11.43846831032' />
  <node id='1166' visible='true' version='1' lat='48.76884847951' lon='11.43846130876' />
  <node id='1167' visible='true' version='1' lat='48.76879977429' lon='11.43846064564' />
  <node id='1168' visible='true' version='1' lat='48.76870015502' lon='11.43846658178' />
  <node id='1169' visible='true' version='1' lat='48.76863342958' lon='11.43847539595' />
  <node id='1170' visible='true' version='1' lat='48.76852514858' lon='11.43849533334' />
  <node id='1171' visible='true' version='1' lat='48.76841227517' lon='11.4385233674' />
  <node id='1172' visible='true' version='1' lat='48.76830856448' lon='11.43855284068' />
  <node id='1173' visible='true' version='1' lat='48.76929462003' lon='11.43851536649' />
  <node id='1174' visible='true' version='1' lat='48.76820089512' lon='11.43863162127' />
  <node id='1175' visible='true' version='1' lat='48.76928354649' lon='11.43851687606' />
  <node id='1176' action='modify' visible='true' version='1' lat='48.76924527473' lon='11.43852251558' />
  <node id='1177' action='modify' visible='true' version='1' lat='48.76916346627' lon='11.43852795431' />
  <node id='1178' action='modify' visible='true' version='1' lat='48.76908979889' lon='11.43852779155' />
  <node id='1179' action='modify' visible='true' version='1' lat='48.76904741561' lon='11.4385251441' />
  <node id='1180' action='modify' visible='true' version='1' lat='48.76895532521' lon='11.43851553909' />
  <node id='1181' visible='true' version='1' lat='48.76884940405' lon='11.43850473384' />
  <node id='1182' visible='true' version='1' lat='48.76880060504' lon='11.43850349408' />
  <node id='1183' visible='true' version='1' lat='48.76870052471' lon='11.43850882463' />
  <node id='1184' visible='true' version='1' lat='48.76863738377' lon='11.43851722935' />
  <node id='1185' visible='true' version='1' lat='48.76852974402' lon='11.43853748618' />
  <node id='1186' visible='true' version='1' lat='48.76841694048' lon='11.43856391815' />
  <node id='1187' visible='true' version='1' lat='48.76831368249' lon='11.43859263988' />
  <node id='1188' visible='true' version='1' lat='48.76820743664' lon='11.43867578627' />
  <node id='1189' visible='true' version='1' lat='48.76928506169' lon='11.43856569081' />
  <node id='1190' visible='true' version='1' lat='48.76924635228' lon='11.43856987354' />
  <node id='1191' visible='true' version='1' lat='48.76916496013' lon='11.43857383484' />
  <node id='1192' visible='true' version='1' lat='48.7690882533' lon='11.43857293823' />
  <node id='1193' visible='true' version='1' lat='48.76902750679' lon='11.43856902797' />
  <node id='1194' visible='true' version='1' lat='48.76895132527' lon='11.43856384261' />
  <node id='1195' visible='true' version='1' lat='48.76885025035' lon='11.43854548679' />
  <node id='1196' visible='true' version='1' lat='48.76881384082' lon='11.43854366239' />
  <node id='1197' visible='true' version='1' lat='48.76880104625' lon='11.43854355867' />
  <node id='1198' visible='true' version='1' lat='48.76870205841' lon='11.43855087348' />
  <node id='1199' visible='true' version='1' lat='48.76864059293' lon='11.43855957743' />
  <node id='1200' visible='true' version='1' lat='48.76853388997' lon='11.43858233325' />
  <node id='1201' visible='true' version='1' lat='48.76842173392' lon='11.4386086135' />
  <node id='1202' visible='true' version='1' lat='48.76831957004' lon='11.4386370309' />
  <node id='1203' visible='true' version='1' lat='48.76944910412' lon='11.43854908826' />
  <node id='1204' visible='true' version='1' lat='48.7689059882' lon='11.43855392899' />
  <node id='1205' visible='true' version='1' lat='48.76890557327' lon='11.43850884658' />
  <node id='1206' visible='true' version='1' lat='48.76889891685' lon='11.43846441027' />
  <node id='1207' visible='true' version='1' lat='48.76889692803' lon='11.43842082437' />
  <node id='1208' action='modify' visible='true' version='1' lat='48.76890068469' lon='11.43837489154' />
  <node id='1209' action='modify' visible='true' version='1' lat='48.76935640175' lon='11.43857872795' />
  <node id='1210' visible='true' version='1' lat='48.76928607211' lon='11.43859080903' />
  <node id='1211' visible='true' version='1' lat='48.76924666724' lon='11.43859429352' />
  <node id='1212' visible='true' version='1' lat='48.76923115097' lon='11.43859605906' />
  <node id='1213' action='modify' visible='true' version='1' lat='48.76921689729' lon='11.43859733469' />
  <node id='1214' visible='true' version='1' lat='48.7691627662' lon='11.43859952621' />
  <node id='1215' visible='true' version='1' lat='48.76908586559' lon='11.43859751455' />
  <node id='1216' visible='true' version='1' lat='48.76901382641' lon='11.43859416179' />
  <node id='1217' action='modify' visible='true' version='1' lat='48.76908763343' lon='11.43864948236' />
  <node id='1218' visible='true' version='1' lat='48.76914972835' lon='11.43870763173' />
  <node id='1219' visible='true' version='1' lat='48.76921447517' lon='11.4387738698' />
  <node id='1220' visible='true' version='1' lat='48.76926768359' lon='11.43882509446' />
  <node id='1221' visible='true' version='1' lat='48.7693461781' lon='11.43890127473' />
  <node id='1222' visible='true' version='1' lat='48.76941677402' lon='11.43896916089' />
  <node id='1223' visible='true' version='1' lat='48.76947788069' lon='11.43902733855' />
  <node id='1224' visible='true' version='1' lat='48.76969753155' lon='11.43924795024' />
  <node id='1225' visible='true' version='1' lat='48.77049613332' lon='11.44003987245' />
  <node id='1226' visible='true' version='1' lat='48.77082626549' lon='11.44033156268' />
  <node id='1227' visible='true' version='1' lat='48.77131416768' lon='11.44074998729' />
  <node id='1228' visible='true' version='1' lat='48.77168318476' lon='11.4410939806' />
  <node id='1229' visible='true' version='1' lat='48.77191623681' lon='11.44131462472' />
  <node id='1230' visible='true' version='1' lat='48.77201018104' lon='11.44140399529' />
  <node id='1231' visible='true' version='1' lat='48.77207486091' lon='11.44146480411' />
  <node id='1232' visible='true' version='1' lat='48.77216621739' lon='11.44155129723' />
  <node id='1233' visible='true' version='1' lat='48.77217726566' lon='11.44156202607' />
  <node id='1234' visible='true' version='1' lat='48.77220864273' lon='11.44159287147' />
  <node id='1235' visible='true' version='1' lat='48.77227669996' lon='11.44165657394' />
  <node id='1236' visible='true' version='1' lat='48.77232531221' lon='11.44170686536' />
  <node id='1237' action='modify' visible='true' version='1' lat='48.77235271182' lon='11.44174952924' />
  <node id='1238' action='modify' visible='true' version='1' lat='48.7723759131' lon='11.44180074267' />
  <node id='1239' action='modify' visible='true' version='1' lat='48.77238939193' lon='11.44184751369' />
  <node id='1240' action='modify' visible='true' version='1' lat='48.77239881442' lon='11.44189015522' />
  <node id='1241' action='modify' visible='true' version='1' lat='48.77240576589' lon='11.44192543931' />
  <node id='1242' action='modify' visible='true' version='1' lat='48.7724118198' lon='11.44196268104' />
  <node id='1243' action='modify' visible='true' version='1' lat='48.77241983426' lon='11.44201461282' />
  <node id='1244' visible='true' version='1' lat='48.77243888793' lon='11.44216954641' />
  <node id='1245' visible='true' version='1' lat='48.77245170385' lon='11.44236668877' />
  <node id='1246' visible='true' version='1' lat='48.77245431941' lon='11.44248872928' />
  <node id='1247' visible='true' version='1' lat='48.77245214577' lon='11.4426865422' />
  <node id='1248' visible='true' version='1' lat='48.7724494402' lon='11.442846079' />
  <node id='1249' visible='true' version='1' lat='48.77244463344' lon='11.44306003913' />
  <node id='1250' visible='true' version='1' lat='48.77218221365' lon='11.44151130877' />
  <node id='1251' visible='true' version='1' lat='48.77208876135' lon='11.44142523274' />
  <node id='1252' visible='true' version='1' lat='48.77199651614' lon='11.44133403763' />
  <node id='1253' visible='true' version='1' lat='48.77193199399' lon='11.44126966462' />
  <node id='1254' visible='true' version='1' lat='48.77170130454' lon='11.44105240569' />
  <node id='1255' visible='true' version='1' lat='48.77133272953' lon='11.44071310624' />
  <node id='1256' visible='true' version='1' lat='48.77084836305' lon='11.44029334053' />
  <node id='1257' visible='true' version='1' lat='48.77051867298' lon='11.44000097975' />
  <node id='1258' visible='true' version='1' lat='48.76970990666' lon='11.43920570478' />
  <node id='1259' visible='true' version='1' lat='48.76949600126' lon='11.43899246916' />
  <node id='1260' visible='true' version='1' lat='48.76943868286' lon='11.43893763633' />
  <node id='1261' visible='true' version='1' lat='48.76938424201' lon='11.43888425075' />
  <node id='1262' action='modify' visible='true' version='1' lat='48.76931127859' lon='11.43881359717' />
  <node id='1263' action='modify' visible='true' version='1' lat='48.76923576905' lon='11.4387378315' />
  <node id='1264' visible='true' version='1' lat='48.76940482428' lon='11.43882257019' />
  <node id='1265' action='modify' visible='true' version='1' lat='48.76933151569' lon='11.43873986869' />
  <node id='1266' action='modify' visible='true' version='1' lat='48.76927576839' lon='11.4386798828' />
  <node id='1267' visible='true' version='1' lat='48.76932452205' lon='11.43878359314' />
  <node id='1268' visible='true' version='1' lat='48.76925613325' lon='11.4387089936' />
  <node id='1273' visible='true' version='1' lat='48.7716849525' lon='11.4386095845' />
  <node id='1274' visible='true' version='1' lat='48.7717039557' lon='11.43883086674' />
  <node id='1275' visible='true' version='1' lat='48.77172516857' lon='11.43906019561' />
  <node id='1276' visible='true' version='1' lat='48.77174461369' lon='11.43928281896' />
  <node id='1277' visible='true' version='1' lat='48.77176229107' lon='11.43947929077' />
  <node id='1278' visible='true' version='1' lat='48.77178615551' lon='11.43970191412' />
  <node id='1279' visible='true' version='1' lat='48.77180869415' lon='11.43987692825' />
  <node id='1280' visible='true' version='1' lat='48.77183565211' lon='11.44004456632' />
  <node id='1281' visible='true' version='1' lat='48.77187189065' lon='11.44023030929' />
  <node id='1282' visible='true' version='1' lat='48.77193503357' lon='11.44034424046' />
  <node id='1283' visible='true' version='1' lat='48.77217249824' lon='11.44110038685' />
  <node id='1284' visible='true' version='1' lat='48.77169695837' lon='11.43835733581' />
  <node id='1285' visible='true' version='1' lat='48.77196294966' lon='11.44045669917' />
  <node id='1286' visible='true' version='1' lat='48.77198940539' lon='11.44055431396' />
  <node id='1287' visible='true' version='1' lat='48.77204095234' lon='11.44071621298' />
  <node id='1288' visible='true' version='1' lat='48.77208732389' lon='11.44085729441' />
  <node id='1289' visible='true' version='1' lat='48.77171857487' lon='11.43860554019' />
  <node id='1290' visible='true' version='1' lat='48.77173861688' lon='11.43882437735' />
  <node id='1291' visible='true' version='1' lat='48.77175805789' lon='11.43905567355' />
  <node id='1292' visible='true' version='1' lat='48.77177662579' lon='11.43927602618' />
  <node id='1293' visible='true' version='1' lat='48.77179424942' lon='11.43947592416' />
  <node id='1294' visible='true' version='1' lat='48.77181843185' lon='11.43969470908' />
  <node id='1295' visible='true' version='1' lat='48.77183988479' lon='11.43986547394' />
  <node id='1296' visible='true' version='1' lat='48.77186698168' lon='11.44003055735' />
  <node id='1297' visible='true' version='1' lat='48.77190456877' lon='11.44021616352' />
  <node id='1298' visible='true' version='1' lat='48.77196600067' lon='11.44032807564' />
  <node id='1299' visible='true' version='1' lat='48.77222419789' lon='11.44106023812' />
  <node id='1300' visible='true' version='1' lat='48.7717282375' lon='11.43835115962' />
  <node id='1301' visible='true' version='1' lat='48.77199455871' lon='11.44043624198' />
  <node id='1302' visible='true' version='1' lat='48.77202664638' lon='11.44052812655' />
  <node id='1303' visible='true' version='1' lat='48.77208383657' lon='11.44068033648' />
  <node id='1304' visible='true' version='1' lat='48.77213092951' lon='11.44080587897' />
  <node id='1305' visible='true' version='1' lat='48.77174870446' lon='11.43860071006' />
  <node id='1306' visible='true' version='1' lat='48.77176889041' lon='11.43881496237' />
  <node id='1307' visible='true' version='1' lat='48.77178832663' lon='11.43904754797' />
  <node id='1308' visible='true' version='1' lat='48.77180690228' lon='11.43927067171' />
  <node id='1309' visible='true' version='1' lat='48.77182512613' lon='11.43946953775' />
  <node id='1310' visible='true' version='1' lat='48.77184761717' lon='11.43968429154' />
  <node id='1311' visible='true' version='1' lat='48.77187016045' lon='11.43985591037' />
  <node id='1312' visible='true' version='1' lat='48.77189800869' lon='11.44002047204' />
  <node id='1313' visible='true' version='1' lat='48.77193510672' lon='11.44019820725' />
  <node id='1314' visible='true' version='1' lat='48.77201949617' lon='11.44053272836' />
  <node id='1315' visible='true' version='1' lat='48.77206678288' lon='11.44069433145' />
  <node id='1316' visible='true' version='1' lat='48.77211053409' lon='11.44083447687' />
  <node id='1317' visible='true' version='1' lat='48.77219950359' lon='11.44108523419' />
  <node id='1318' visible='true' version='1' lat='48.77169083205' lon='11.43828927714' />
  <node id='1319' visible='true' version='1' lat='48.77172220235' lon='11.43828335318' />
  <node id='1320' visible='true' version='1' lat='48.77209418263' lon='11.44067320906' />
  <node id='1321' visible='true' version='1' lat='48.77204424436' lon='11.44051261179' />
  <node id='1322' visible='true' version='1' lat='48.77199165445' lon='11.44031546943' />
  <node id='1323' visible='true' version='1' lat='48.77195276439' lon='11.44015319578' />
  <node id='1324' visible='true' version='1' lat='48.77192006136' lon='11.4399942749' />
  <node id='1325' visible='true' version='1' lat='48.77189266152' lon='11.43983736567' />
  <node id='1326' visible='true' version='1' lat='48.77187233259' lon='11.43968179755' />
  <node id='1327' visible='true' version='1' lat='48.77184979398' lon='11.43945984475' />
  <node id='1328' visible='true' version='1' lat='48.77183211664' lon='11.43925331466' />
  <node id='1329' visible='true' version='1' lat='48.77181134575' lon='11.43901057474' />
  <node id='1330' visible='true' version='1' lat='48.77179411033' lon='11.43881209128' />
  <node id='1331' visible='true' version='1' lat='48.77177466523' lon='11.4385955029' />
  <node id='1332' visible='true' version='1' lat='48.77175124271' lon='11.43829707389' />
  <node id='1333' visible='true' version='1' lat='48.77174993604' lon='11.43827894687' />
  <node id='1334' visible='true' version='1' lat='48.77192757422' lon='11.43998555772' />
  <node id='1335' visible='true' version='1' lat='48.77190768724' lon='11.43983066015' />
  <node id='1336' visible='true' version='1' lat='48.77189190548' lon='11.43964895149' />
  <node id='1337' visible='true' version='1' lat='48.77187542612' lon='11.43944643371' />
  <node id='1338' visible='true' version='1' lat='48.77184670045' lon='11.43932238154' />
  <node id='1339' visible='true' version='1' lat='48.77186393563' lon='11.43938675489' />
  <node id='1340' visible='true' version='1' lat='48.77198519242' lon='11.44013767774' />
  <node id='1341' visible='true' version='1' lat='48.77190711572' lon='11.43944148547' />
  <node id='1342' visible='true' version='1' lat='48.77216602687' lon='11.44078160733' />
  <node id='1343' visible='true' version='1' lat='48.77195833965' lon='11.43997569185' />
  <node id='1344' visible='true' version='1' lat='48.77193867646' lon='11.43982253724' />
  <node id='1345' visible='true' version='1' lat='48.77192382708' lon='11.43964332273' />
  <node id='1346' visible='true' version='1' lat='48.77212263433' lon='11.44065290662' />
  <node id='1347' visible='true' version='1' lat='48.77207305666' lon='11.44049346893' />
  <node id='1348' visible='true' version='1' lat='48.77202100998' lon='11.44029836284' />
  <node id='1349' visible='true' version='1' lat='48.77219714685' lon='11.4407640412' />
  <node id='1350' visible='true' version='1' lat='48.7720147405' lon='11.44012238034' />
  <node id='1351' visible='true' version='1' lat='48.77215108603' lon='11.44063260418' />
  <node id='1352' visible='true' version='1' lat='48.77210186897' lon='11.44047432607' />
  <node id='1353' visible='true' version='1' lat='48.77205036551' lon='11.44028125625' />
  <node id='1354' visible='true' version='1' lat='48.77193659564' lon='11.43943687251' />
  <node id='1355' visible='true' version='1' lat='48.77198910506' lon='11.43996582599' />
  <node id='1356' visible='true' version='1' lat='48.77196966565' lon='11.43981441433' />
  <node id='1357' visible='true' version='1' lat='48.77195338195' lon='11.43963905724' />
  <node id='1358' visible='true' version='1' lat='48.77191785214' lon='11.43922179803' />
  <node id='1359' visible='true' version='1' lat='48.77189398776' lon='11.43897101149' />
  <node id='1360' visible='true' version='1' lat='48.77187896203' lon='11.43878191575' />
  <node id='1361' visible='true' version='1' lat='48.77186040083' lon='11.43856868014' />
  <node id='1362' visible='true' version='1' lat='48.77183653597' lon='11.438282355' />
  <node id='1363' visible='true' version='1' lat='48.77183521017' lon='11.4382665333' />
  <node id='1364' visible='true' version='1' lat='48.77180796481' lon='11.43826702691' />
  <node id='1365' visible='true' version='1' lat='48.77189117527' lon='11.43922759915' />
  <node id='1366' visible='true' version='1' lat='48.77186726982' lon='11.43897638127' />
  <node id='1367' visible='true' version='1' lat='48.7718522246' lon='11.43878704033' />
  <node id='1368' visible='true' version='1' lat='48.77183367364' lon='11.43857392249' />
  <node id='1369' visible='true' version='1' lat='48.77180976722' lon='11.43828709876' />
  <node id='1370' visible='true' version='1' lat='48.77177677457' lon='11.43827297958' />
  <node id='1371' visible='true' version='1' lat='48.77186005226' lon='11.43923436711' />
  <node id='1372' visible='true' version='1' lat='48.77183742471' lon='11.43898197545' />
  <node id='1373' visible='true' version='1' lat='48.77182191482' lon='11.43879234845' />
  <node id='1374' visible='true' version='1' lat='48.77180381774' lon='11.43858003856' />
  <node id='1375' visible='true' version='1' lat='48.77177853702' lon='11.43829263316' />
  <node id='1376' visible='true' version='1' lat='48.77160849769' lon='11.4369888597' />
  <node id='1377' visible='true' version='1' lat='48.77163943318' lon='11.43715046279' />
  <node id='1378' visible='true' version='1' lat='48.77166197188' lon='11.43728323214' />
  <node id='1379' action='modify' visible='true' version='1' lat='48.77167872157' lon='11.43741598202' />
  <node id='1380' action='modify' visible='true' version='1' lat='48.7716937912' lon='11.43757592819' />
  <node id='1381' action='modify' visible='true' version='1' lat='48.77170904245' lon='11.43775820889' />
  <node id='1382' action='modify' visible='true' version='1' lat='48.77171075865' lon='11.43777810691' />
  <node id='1383' visible='true' version='1' lat='48.77158419123' lon='11.43699690633' />
  <node id='1384' visible='true' version='1' lat='48.77161291705' lon='11.43716186218' />
  <node id='1385' visible='true' version='1' lat='48.77163147834' lon='11.43729865484' />
  <node id='1386' action='modify' visible='true' version='1' lat='48.77164740809' lon='11.43742638387' />
  <node id='1387' action='modify' visible='true' version='1' lat='48.77166351865' lon='11.43759570949' />
  <node id='1388' action='modify' visible='true' version='1' lat='48.77167749644' lon='11.43776406421' />
  <node id='1389' action='modify' visible='true' version='1' lat='48.77167906042' lon='11.43778434671' />
  <node id='1390' visible='true' version='1' lat='48.77155104602' lon='11.43701098792' />
  <node id='1391' visible='true' version='1' lat='48.77158198155' lon='11.43717795543' />
  <node id='1392' visible='true' version='1' lat='48.77160010091' lon='11.43731340699' />
  <node id='1393' action='modify' visible='true' version='1' lat='48.77161484731' lon='11.43743240497' />
  <node id='1394' action='modify' visible='true' version='1' lat='48.77163081544' lon='11.43760174446' />
  <node id='1395' action='modify' visible='true' version='1' lat='48.77164511908' lon='11.43776953762' />
  <node id='1396' action='modify' visible='true' version='1' lat='48.77164668427' lon='11.43779006993' />
  <node id='1397' visible='true' version='1' lat='48.77152497178' lon='11.43702372842' />
  <node id='1398' visible='true' version='1' lat='48.77155502345' lon='11.43719069593' />
  <node id='1399' visible='true' version='1' lat='48.77157181702' lon='11.43732279472' />
  <node id='1400' visible='true' version='1' lat='48.77158309186' lon='11.43744133828' />
  <node id='1401' visible='true' version='1' lat='48.77159965898' lon='11.43761249547' />
  <node id='1402' action='modify' visible='true' version='1' lat='48.77161360452' lon='11.43777437928' />
  <node id='1403' visible='true' version='1' lat='48.77161577618' lon='11.43779549078' />
  <node id='1404' action='modify' visible='true' version='1' lat='48.77173047179' lon='11.43777441166' />
  <node id='1405' action='modify' visible='true' version='1' lat='48.77171544601' lon='11.43757559292' />
  <node id='1406' action='modify' visible='true' version='1' lat='48.77170218796' lon='11.43743343584' />
  <node id='1407' visible='true' version='1' lat='48.77167964928' lon='11.43727451496' />
  <node id='1408' visible='true' version='1' lat='48.77165799446' lon='11.43713839285' />
  <node id='1409' visible='true' version='1' lat='48.77162573318' lon='11.43698081307' />
  <node id='1410' visible='true' version='1' lat='48.77175642724' lon='11.43777047862' />
  <node id='1411' visible='true' version='1' lat='48.77165146953' lon='11.43696868265' />
  <node id='1412' visible='true' version='1' lat='48.77173909266' lon='11.43757116822' />
  <node id='1413' visible='true' version='1' lat='48.77172599113' lon='11.43742752816' />
  <node id='1414' visible='true' version='1' lat='48.77170599652' lon='11.43726586414' />
  <node id='1415' visible='true' version='1' lat='48.77168398807' lon='11.43712751909' />
  <node id='1416' visible='true' version='1' lat='48.77178795166' lon='11.43776586209' />
  <node id='1417' visible='true' version='1' lat='48.77168149528' lon='11.43695453049' />
  <node id='1418' visible='true' version='1' lat='48.77177028955' lon='11.43756522375' />
  <node id='1419' visible='true' version='1' lat='48.77175763726' lon='11.4374212427' />
  <node id='1420' visible='true' version='1' lat='48.77173673496' lon='11.43725577152' />
  <node id='1421' visible='true' version='1' lat='48.77171431395' lon='11.43711483302' />
  <node id='1422' visible='true' version='1' lat='48.77157650665' lon='11.43686651437' />
  <node id='1423' visible='true' version='1' lat='48.77155767507' lon='11.43687620692' />
  <node id='1424' visible='true' version='1' lat='48.77152452985' lon='11.43689297073' />
  <node id='1425' visible='true' version='1' lat='48.77149845559' lon='11.43690235846' />
  <node id='1426' visible='true' version='1' lat='48.77159612349' lon='11.43685474925' />
  <node id='1427' visible='true' version='1' lat='48.77162087189' lon='11.43683463268' />
  <node id='1428' visible='true' version='1' lat='48.77165048156' lon='11.43681853943' />
  <node id='1429' visible='true' version='1' lat='48.77245194819' lon='11.43799608315' />
  <node id='1430' visible='true' version='1' lat='48.77225106847' lon='11.43804296717' />
  <node id='1431' action='modify' visible='true' version='1' lat='48.77206810911' lon='11.43808454141' />
  <node id='1432' action='modify' visible='true' version='1' lat='48.77191635175' lon='11.43811758479' />
  <node id='1433' visible='true' version='1' lat='48.77244763514' lon='11.43795503066' />
  <node id='1434' visible='true' version='1' lat='48.77191212523' lon='11.43807500835' />
  <node id='1435' visible='true' version='1' lat='48.77224829032' lon='11.43800421258' />
  <node id='1436' visible='true' version='1' lat='48.77206541405' lon='11.43804404804' />
  <node id='1437' visible='true' version='1' lat='48.77244041558' lon='11.43790587446' />
  <node id='1438' visible='true' version='1' lat='48.77190839768' lon='11.43803394174' />
  <node id='1439' visible='true' version='1' lat='48.77224354238' lon='11.43796273622' />
  <node id='1440' visible='true' version='1' lat='48.77206169384' lon='11.43800450845' />
  <node id='1441' visible='true' version='1' lat='48.77243703964' lon='11.43787728239' />
  <node id='1442' visible='true' version='1' lat='48.77223869443' lon='11.43793031439' />
  <node id='1443' visible='true' version='1' lat='48.77212997971' lon='11.43795418822' />
  <node id='1444' action='modify' visible='true' version='1' lat='48.77191924569' lon='11.43799447591' />
  <node id='1445' visible='true' version='1' lat='48.7719051294' lon='11.43799743857' />
  <node id='1446' visible='true' version='1' lat='48.77234077952' lon='11.43790382858' />
  <node id='1447' visible='true' version='1' lat='48.77234674556' lon='11.43793534454' />
  <node id='1448' visible='true' version='1' lat='48.77235315353' lon='11.43797926571' />
  <node id='1449' visible='true' version='1' lat='48.77235690993' lon='11.43801815774' />
  <node id='1450' visible='true' version='1' lat='48.77243256596' lon='11.43784968172' />
  <node id='1451' visible='true' version='1' lat='48.77190259038' lon='11.43795541154' />
  <node id='1452' visible='true' version='1' lat='48.77233723368' lon='11.43787232527' />
  <node id='1453' visible='true' version='1' lat='48.77223402969' lon='11.43789327832' />
  <node id='1454' visible='true' version='1' lat='48.77212661296' lon='11.43791210911' />
  <node id='1455' action='modify' visible='true' version='1' lat='48.77191641356' lon='11.43795270311' />
  <node id='1456' visible='true' version='1' lat='48.77242961129' lon='11.4378076752' />
  <node id='1457' visible='true' version='1' lat='48.77190037741' lon='11.43791233463' />
  <node id='1458' visible='true' version='1' lat='48.77233265496' lon='11.43782908949' />
  <node id='1459' visible='true' version='1' lat='48.77223131274' lon='11.43785085199' />
  <node id='1460' visible='true' version='1' lat='48.77212382765' lon='11.43787251918' />
  <node id='1461' action='modify' visible='true' version='1' lat='48.77191329304' lon='11.43791012749' />
  <node id='1462' visible='true' version='1' lat='48.77242616216' lon='11.43776954587' />
  <node id='1463' visible='true' version='1' lat='48.77191026004' lon='11.43787307122' />
  <node id='1464' visible='true' version='1' lat='48.77232947914' lon='11.43779221972' />
  <node id='1465' visible='true' version='1' lat='48.77222735181' lon='11.43781350666' />
  <node id='1466' visible='true' version='1' lat='48.77212000729' lon='11.43783437396' />
  <node id='1467' action='modify' visible='true' version='1' lat='48.77186026073' lon='11.43787279764' />
  <node id='1468' action='modify' visible='true' version='1' lat='48.77184504298' lon='11.4378664453' />
  <node id='1469' action='modify' visible='true' version='1' lat='48.77182085435' lon='11.43784536527' />
  <node id='1470' action='modify' visible='true' version='1' lat='48.77181344471' lon='11.43783409115' />
  <node id='1471' action='modify' visible='true' version='1' lat='48.77180050676' lon='11.43780322393' />
  <node id='1472' visible='true' version='1' lat='48.77184822895' lon='11.43826427226' />
  <node id='1473' action='modify' visible='true' version='1' lat='48.77184782994' lon='11.43821641646' />
  <node id='1474' visible='true' version='1' lat='48.77185397774' lon='11.43817606138' />
  <node id='1475' visible='true' version='1' lat='48.77186326565' lon='11.43815628008' />
  <node id='1476' action='modify' visible='true' version='1' lat='48.77159505615' lon='11.4378283073' />
  <node id='1477' action='modify' visible='true' version='1' lat='48.77158889976' lon='11.43787241578' />
  <node id='1478' action='modify' visible='true' version='1' lat='48.77157929661' lon='11.43789373812' />
  <node id='1479' action='modify' visible='true' version='1' lat='48.7715668298' lon='11.4379131804' />
  <node id='1480' action='modify' visible='true' version='1' lat='48.77155222987' lon='11.43792983907' />
  <node id='1481' action='modify' visible='true' version='1' lat='48.77154023872' lon='11.43793642899' />
  <node id='1482' visible='true' version='1' lat='48.77147791177' lon='11.43691308045' />
  <node id='1483' action='modify' visible='true' version='1' lat='48.77159383662' lon='11.43779892242' />
  <node id='1484' visible='true' version='1' lat='48.7715042389' lon='11.43703358498' />
  <node id='1485' visible='true' version='1' lat='48.77153390722' lon='11.43719842259' />
  <node id='1486' visible='true' version='1' lat='48.77155045354' lon='11.43732857638' />
  <node id='1487' visible='true' version='1' lat='48.77156314044' lon='11.4374489912' />
  <node id='1488' visible='true' version='1' lat='48.77157817969' lon='11.43761573062' />
  <node id='1489' action='modify' visible='true' version='1' lat='48.77159229901' lon='11.43777779625' />
  <node id='1490' visible='true' version='1' lat='48.77224001977' lon='11.44097797506' />
  <node id='1491' visible='true' version='1' lat='48.77229570294' lon='11.44112348489' />
  <node id='1492' visible='true' version='1' lat='48.77235182797' lon='11.44127100639' />
  <node id='1493' visible='true' version='1' lat='48.77237801132' lon='11.44134241734' />
  <node id='1494' visible='true' version='1' lat='48.77241419838' lon='11.44144649712' />
  <node id='1495' visible='true' version='1' lat='48.77244783024' lon='11.44154810659' />
  <node id='1496' visible='true' version='1' lat='48.77245744737' lon='11.44158086472' />
  <node id='1497' visible='true' version='1' lat='48.77248750002' lon='11.44170552425' />
  <node id='1498' visible='true' version='1' lat='48.77250473521' lon='11.44180744819' />
  <node id='1499' visible='true' version='1' lat='48.77252052962' lon='11.44192290302' />
  <node id='1500' visible='true' version='1' lat='48.77252329617' lon='11.44195362858' />
  <node id='1501' visible='true' version='1' lat='48.77252933195' lon='11.44203272762' />
  <node id='1502' visible='true' version='1' lat='48.77253089965' lon='11.44205252716' />
  <node id='1503' visible='true' version='1' lat='48.77253715564' lon='11.4422183999' />
  <node id='1504' visible='true' version='1' lat='48.77253876363' lon='11.44226409428' />
  <node id='1505' visible='true' version='1' lat='48.77253920556' lon='11.44236400656' />
  <node id='1506' visible='true' version='1' lat='48.77253743785' lon='11.44247934155' />
  <node id='1507' visible='true' version='1' lat='48.77253522821' lon='11.44264765017' />
  <node id='1508' visible='true' version='1' lat='48.7725334605' lon='11.44275292687' />
  <node id='1509' visible='true' version='1' lat='48.77253036701' lon='11.4428944134' />
  <node id='1510' visible='true' version='1' lat='48.77252550581' lon='11.44306674533' />
  <node id='1511' visible='true' version='1' lat='48.77227532309' lon='11.44119209193' />
  <node id='1512' visible='true' version='1' lat='48.77231514784' lon='11.44129581682' />
  <node id='1513' visible='true' version='1' lat='48.77235447954' lon='11.44139874659' />
  <node id='1514' visible='true' version='1' lat='48.77238143765' lon='11.44146848336' />
  <node id='1515' visible='true' version='1' lat='48.77240369246' lon='11.44153855547' />
  <node id='1516' visible='true' version='1' lat='48.77242486678' lon='11.44157322351' />
  <node id='1517' visible='true' version='1' lat='48.77245369296' lon='11.44171390548' />
  <node id='1518' visible='true' version='1' lat='48.77247026527' lon='11.44181951746' />
  <node id='1519' visible='true' version='1' lat='48.77248427299' lon='11.44190680909' />
  <node id='1520' visible='true' version='1' lat='48.77248955183' lon='11.44194469885' />
  <node id='1521' visible='true' version='1' lat='48.77249750974' lon='11.44202666651' />
  <node id='1522' visible='true' version='1' lat='48.77249917072' lon='11.44204962111' />
  <node id='1523' visible='true' version='1' lat='48.7725019321' lon='11.44216543828' />
  <node id='1524' visible='true' version='1' lat='48.77250289092' lon='11.44221907957' />
  <node id='1525' visible='true' version='1' lat='48.77250650336' lon='11.442365347' />
  <node id='1526' visible='true' version='1' lat='48.7725056195' lon='11.4424847053' />
  <node id='1527' visible='true' version='1' lat='48.77250429372' lon='11.4426771538' />
  <node id='1528' visible='true' version='1' lat='48.77250208408' lon='11.44285082683' />
  <node id='1529' visible='true' version='1' lat='48.77249589709' lon='11.44306339189' />
  <node id='1530' visible='true' version='1' lat='48.77224443908' lon='11.44088946216' />
  <node id='1531' visible='true' version='1' lat='48.77232442835' lon='11.44110336833' />
  <node id='1532' action='modify' visible='true' version='1' lat='48.77238408878' lon='11.44124753707' />
  <node id='1533' action='modify' visible='true' version='1' lat='48.77241204623' lon='11.44132150006' />
  <node id='1534' action='modify' visible='true' version='1' lat='48.77244758405' lon='11.4414179654' />
  <node id='1535' action='modify' visible='true' version='1' lat='48.77249740384' lon='11.44156137004' />
  <node id='1536' action='modify' visible='true' version='1' lat='48.77250635279' lon='11.44158855513' />
  <node id='1537' visible='true' version='1' lat='48.77252683159' lon='11.44169881873' />
  <node id='1538' visible='true' version='1' lat='48.77254495062' lon='11.44181080095' />
  <node id='1539' visible='true' version='1' lat='48.77255688763' lon='11.44194162449' />
  <node id='1540' visible='true' version='1' lat='48.77255921224' lon='11.44197111118' />
  <node id='1541' visible='true' version='1' lat='48.77256244456' lon='11.44203951581' />
  <node id='1542' visible='true' version='1' lat='48.77256286541' lon='11.44205588352' />
  <node id='1543' visible='true' version='1' lat='48.77256658705' lon='11.44224272756' />
  <node id='1544' visible='true' version='1' lat='48.77256660506' lon='11.44235126607' />
  <node id='1545' visible='true' version='1' lat='48.77256748891' lon='11.44247129492' />
  <node id='1546' visible='true' version='1' lat='48.77256616313' lon='11.44264094464' />
  <node id='1547' visible='true' version='1' lat='48.77256439542' lon='11.44275896184' />
  <node id='1548' visible='true' version='1' lat='48.77255688266' lon='11.44306138091' />
  <node id='1549' visible='true' version='1' lat='48.77256218578' lon='11.44288904898' />
  <node id='1550' action='modify' visible='true' version='1' lat='48.77241404897' lon='11.44152722465' />
  <node id='1551' action='modify' visible='true' version='1' lat='48.77239000746' lon='11.4414536058' />
  <node id='1552' action='modify' visible='true' version='1' lat='48.77235349853' lon='11.44136092453' />
  <node id='1553' action='modify' visible='true' version='1' lat='48.77232752153' lon='11.44129212929' />
  <node id='1554' visible='true' version='1' lat='48.77226830329' lon='11.44114494257' />
  <node id='1555' visible='true' version='1' lat='48.77221659747' lon='11.44100949101' />
  <node id='1556' visible='true' version='1' lat='48.77214102734' lon='11.44080296092' />
  <node id='1557' visible='true' version='1' lat='48.77221539661' lon='11.44112720469' />
  <node id='1558' visible='true' version='1' lat='48.77230701046' lon='11.44136527619' />
  <node id='1559' visible='true' version='1' lat='48.77235439687' lon='11.44149309981' />
  <node id='1560' visible='true' version='1' lat='48.77236696198' lon='11.44153060724' />
  <node id='1561' visible='true' version='1' lat='48.77237761075' lon='11.44156214045' />
  <node id='1562' visible='true' version='1' lat='48.77240125672' lon='11.44164968374' />
  <node id='1563' visible='true' version='1' lat='48.77242021126' lon='11.44172637791' />
  <node id='1564' visible='true' version='1' lat='48.77244258813' lon='11.44182743846' />
  <node id='1565' visible='true' version='1' lat='48.77245709149' lon='11.44190126851' />
  <node id='1566' visible='true' version='1' lat='48.77246376927' lon='11.44193400208' />
  <node id='1567' visible='true' version='1' lat='48.77244192972' lon='11.44165248028' />
  <node id='1568' visible='true' version='1' lat='48.77247286244' lon='11.44164289351' />
  <node id='1569' visible='true' version='1' lat='48.77251735287' lon='11.44164568965' />
  <node id='1570' visible='true' version='1' lat='48.77249434351' lon='11.44198072635' />
  <node id='1571' visible='true' version='1' lat='48.77248181318' lon='11.44193683266' />
  <node id='1572' action='modify' visible='true' version='1' lat='48.77247596968' lon='11.44194055847' />
  <node id='1573' action='modify' visible='true' version='1' lat='48.77247263457' lon='11.44197648501' />
  <node id='1574' action='modify' visible='true' version='1' lat='48.77247752067' lon='11.44202287513' />
  <node id='1575' action='modify' visible='true' version='1' lat='48.77248120683' lon='11.44205844339' />
  <node id='1576' visible='true' version='1' lat='48.77248536715' lon='11.44209347178' />
  <node id='1577' visible='true' version='1' lat='48.77249129043' lon='11.44210665359' />
  <node id='1578' visible='true' version='1' lat='48.77250080257' lon='11.44210224683' />
  <node id='1579' visible='true' version='1' lat='48.77249642381' lon='11.44210645406' />
  <node id='1580' action='modify' visible='true' version='1' lat='48.77247242988' lon='11.4419529426' />
  <node id='1581' visible='true' version='1' lat='48.77249398008' lon='11.44214351723' />
  <node id='1582' visible='true' version='1' lat='48.77218959727' lon='11.44114717713' />
  <node id='1583' visible='true' version='1' lat='48.7722821072' lon='11.44138804891' />
  <node id='1584' visible='true' version='1' lat='48.77232453523' lon='11.44150451889' />
  <node id='1585' visible='true' version='1' lat='48.77233128387' lon='11.44152288675' />
  <node id='1586' visible='true' version='1' lat='48.77234093365' lon='11.44155353849' />
  <node id='1587' visible='true' version='1' lat='48.77236948416' lon='11.44165363641' />
  <node id='1588' visible='true' version='1' lat='48.77239467529' lon='11.44174195642' />
  <node id='1589' visible='true' version='1' lat='48.77241797357' lon='11.44183722496' />
  <node id='1590' visible='true' version='1' lat='48.77243038395' lon='11.44189582455' />
  <node id='1591' visible='true' version='1' lat='48.772436285' lon='11.44192890355' />
  <node id='1592' visible='true' version='1' lat='48.77244843557' lon='11.44201816308' />
  <node id='1593' visible='true' version='1' lat='48.77245364467' lon='11.44206071697' />
  <node id='1594' visible='true' version='1' lat='48.77245969958' lon='11.44210745248' />
  <node id='1595' visible='true' version='1' lat='48.77246838707' lon='11.44217815492' />
  <node id='1596' visible='true' version='1' lat='48.77247628478' lon='11.4422696287' />
  <node id='1597' visible='true' version='1' lat='48.77248076015' lon='11.44236789311' />
  <node id='1598' visible='true' version='1' lat='48.77248181318' lon='11.44248413272' />
  <node id='1599' visible='true' version='1' lat='48.77247970712' lon='11.44267986264' />
  <node id='1600' visible='true' version='1' lat='48.77247602152' lon='11.44285122618' />
  <node id='1601' visible='true' version='1' lat='48.77247180941' lon='11.44306453184' />
  <node id='1602' action='modify' visible='true' version='1' lat='48.77241023945' lon='11.44153675361' />
  <node id='1603' visible='true' version='1' lat='48.772166024' lon='11.44116859366' />
  <node id='1604' visible='true' version='1' lat='48.77220039061' lon='11.4412582243' />
  <node id='1605' visible='true' version='1' lat='48.77225882785' lon='11.44140933664' />
  <node id='1606' visible='true' version='1' lat='48.77229700639' lon='11.44151546934' />
  <node id='1607' visible='true' version='1' lat='48.77230635205' lon='11.441545428' />
  <node id='1608' visible='true' version='1' lat='48.77233675353' lon='11.44165453251' />
  <node id='1609' visible='true' version='1' lat='48.77236499938' lon='11.44175517342' />
  <node id='1610' visible='true' version='1' lat='48.77312784207' lon='11.44214260358' />
  <node id='1611' visible='true' version='1' lat='48.77304044178' lon='11.44205232815' />
  <node id='1612' visible='true' version='1' lat='48.77295251483' lon='11.44196285161' />
  <node id='1613' visible='true' version='1' lat='48.77287564443' lon='11.44188615744' />
  <node id='1614' visible='true' version='1' lat='48.77279798108' lon='11.44181225474' />
  <node id='1615' visible='true' version='1' lat='48.7727266419' lon='11.44174874705' />
  <node id='1616' visible='true' version='1' lat='48.77266082791' lon='11.4416992154' />
  <node id='1617' action='modify' visible='true' version='1' lat='48.77260738402' lon='11.441665023' />
  <node id='1618' action='modify' visible='true' version='1' lat='48.77259405792' lon='11.44165753673' />
  <node id='1619' action='modify' visible='true' version='1' lat='48.77255426219' lon='11.4416356658' />
  <node id='1620' action='modify' visible='true' version='1' lat='48.77253778591' lon='11.44162723248' />
  <node id='1621' action='modify' visible='true' version='1' lat='48.77252276733' lon='11.4416151259' />
  <node id='1622' visible='true' version='1' lat='48.7731108938' lon='11.44218038181' />
  <node id='1623' visible='true' version='1' lat='48.7730235795' lon='11.44209019522' />
  <node id='1624' visible='true' version='1' lat='48.77293585285' lon='11.44200092255' />
  <node id='1625' visible='true' version='1' lat='48.77285929022' lon='11.44192453546' />
  <node id='1626' visible='true' version='1' lat='48.7727805402' lon='11.44184856775' />
  <node id='1627' visible='true' version='1' lat='48.77271177582' lon='11.44179028549' />
  <node id='1628' visible='true' version='1' lat='48.77264817498' lon='11.44174352449' />
  <node id='1629' visible='true' version='1' lat='48.77260959121' lon='11.44171913455' />
  <node id='1630' visible='true' version='1' lat='48.7725971168' lon='11.44171159717' />
  <node id='1631' visible='true' version='1' lat='48.77255815342' lon='11.44169222297' />
  <node id='1632' visible='true' version='1' lat='48.77253979582' lon='11.44168292248' />
  <node id='1633' visible='true' version='1' lat='48.77309499855' lon='11.44223493688' />
  <node id='1634' visible='true' version='1' lat='48.77300934976' lon='11.44215123032' />
  <node id='1635' visible='true' version='1' lat='48.77291919087' lon='11.44203899347' />
  <node id='1636' visible='true' version='1' lat='48.77284293601' lon='11.44196291347' />
  <node id='1637' visible='true' version='1' lat='48.77276493903' lon='11.44188767222' />
  <node id='1638' visible='true' version='1' lat='48.77269771821' lon='11.44183010652' />
  <node id='1639' visible='true' version='1' lat='48.77263649221' lon='11.44178390808' />
  <node id='1640' visible='true' version='1' lat='48.77261173136' lon='11.44176771969' />
  <node id='1641' visible='true' version='1' lat='48.77260016276' lon='11.44176158984' />
  <node id='1642' visible='true' version='1' lat='48.77256164149' lon='11.44174242434' />
  <node id='1643' visible='true' version='1' lat='48.77254318303' lon='11.44173419145' />
  <node id='1644' visible='true' version='1' lat='48.77257211167' lon='11.44180290948' />
  <node id='1645' visible='true' version='1' lat='48.77260297943' lon='11.44180781938' />
  <node id='1646' visible='true' version='1' lat='48.77261454205' lon='11.44181364676' />
  <node id='1647' visible='true' version='1' lat='48.77268188813' lon='11.44186099256' />
  <node id='1648' visible='true' version='1' lat='48.77275086116' lon='11.44191931209' />
  <node id='1649' visible='true' version='1' lat='48.77279350855' lon='11.44195486304' />
  <node id='1650' visible='true' version='1' lat='48.77283299685' lon='11.44198082721' />
  <node id='1651' visible='true' version='1' lat='48.77291302636' lon='11.44205073075' />
  <node id='1652' visible='true' version='1' lat='48.77258540459' lon='11.44180327241' />
  <node id='1653' visible='true' version='1' lat='48.77257123098' lon='11.44182810701' />
  <node id='1654' visible='true' version='1' lat='48.77258395668' lon='11.44184261812' />
  <node id='1655' visible='true' version='1' lat='48.77260748592' lon='11.44186625627' />
  <node id='1656' visible='true' version='1' lat='48.77306413465' lon='11.44230717649' />
  <node id='1657' visible='true' version='1' lat='48.77257190519' lon='11.44189014267' />
  <node id='1658' visible='true' version='1' lat='48.77261115687' lon='11.44193088585' />
  <node id='1659' visible='true' version='1' lat='48.7730483394' lon='11.44235031696' />
  <node id='1660' visible='true' version='1' lat='48.77257651243' lon='11.44195645155' />
  <node id='1661' action='modify' visible='true' version='1' lat='48.77261511132' lon='11.44199343864' />
  <node id='1662' visible='true' version='1' lat='48.77272141903' lon='11.44209371461' />
  <node id='1663' visible='true' version='1' lat='48.77303096463' lon='11.44238546846' />
  <node id='1664' visible='true' version='1' lat='48.77272832019' lon='11.44203962744' />
  <node id='1665' visible='true' version='1' lat='48.77274525143' lon='11.4419935996' />
  <node id='1666' visible='true' version='1' lat='48.77296646693' lon='11.44209427087' />
  <node id='1667' visible='true' version='1' lat='48.77298331521' lon='11.44204893343' />
  <node id='1668' visible='true' version='1' lat='48.77299845234' lon='11.44200878883' />
  <node id='1669' visible='true' version='1' lat='48.77296264974' lon='11.44210166068' />
  <node id='1670' visible='true' version='1' lat='48.77290881455' lon='11.44214979366' />
  <node id='1671' visible='true' version='1' lat='48.7728898602' lon='11.44219533082' />
  <node id='1672' visible='true' version='1' lat='48.77287090585' lon='11.44223287901' />
  <node id='1673' visible='true' version='1' lat='48.77211641134' lon='11.44138684642' />
  <node id='1674' action='modify' visible='true' version='1' lat='48.77219956433' lon='11.44146781017' />
  <node id='1675' action='modify' visible='true' version='1' lat='48.77224219027' lon='11.441507865' />
  <node id='1676' action='modify' visible='true' version='1' lat='48.77229064617' lon='11.44154871225' />
  <node id='1677' visible='true' version='1' lat='48.77219222986' lon='11.44152106122' />
  <node id='1678' visible='true' version='1' lat='48.77222434739' lon='11.44155141933' />
  <node id='1679' visible='true' version='1' lat='48.77228331724' lon='11.44160734217' />
  <node id='1680' visible='true' version='1' lat='48.77230964304' lon='11.4416313091' />
  <node id='1681' visible='true' version='1' lat='48.77241414431' lon='11.44157070875' />
  <node id='1682' visible='true' version='1' lat='48.772429425' lon='11.44161892658' />
  <node id='1683' visible='true' version='1' lat='48.77246364844' lon='11.44169921579' />
  <node id='1684' visible='true' version='1' lat='48.77249839837' lon='11.44175114414' />
  <node id='1685' visible='true' version='1' lat='48.77253235851' lon='11.44179068957' />
  <node id='1686' visible='true' version='1' lat='48.77238673559' lon='11.44159382146' />
  <node id='1687' visible='true' version='1' lat='48.77240155569' lon='11.44164403632' />
  <node id='1688' visible='true' version='1' lat='48.77243802034' lon='11.44173089164' />
  <node id='1689' visible='true' version='1' lat='48.77247678698' lon='11.4417888223' />
  <node id='1690' visible='true' version='1' lat='48.77251538732' lon='11.44183173202' />
  <node id='1691' visible='true' version='1' lat='48.77218485836' lon='11.4412769984' />
  <node id='1692' visible='true' version='1' lat='48.77217195868' lon='11.44130655761' />
  <node id='1693' visible='true' version='1' lat='48.77214721236' lon='11.44134650249' />
  <node id='1694' visible='true' version='1' lat='48.77212720469' lon='11.44136647493' />
  <node id='1695' visible='true' version='1' lat='48.77230335828' lon='11.4415509655' />
  <node id='1696' visible='true' version='1' lat='48.77219466454' lon='11.44125722598' />
  <node id='1697' visible='true' version='1' lat='48.77219802109' lon='11.44125632722' />
  <node id='1698' visible='true' version='1' lat='48.77211588436' lon='11.44137955718' />
  <node id='1699' visible='true' version='1' lat='48.77211687158' lon='11.44137526311' />
  <node id='1700' visible='true' version='1' lat='48.77243179458' lon='11.44169282421' />
  <node id='1701' visible='true' version='1' lat='48.77241705217' lon='11.44162491792' />
  <node id='1702' visible='true' version='1' lat='48.77237071885' lon='11.44166725949' />
  <node id='1703' visible='true' version='1' lat='48.77235465973' lon='11.44159076564' />
  <node id='1704' visible='true' version='1' lat='48.77247142185' lon='11.44161622168' />
  <node id='1705' visible='true' version='1' lat='48.77248918438' lon='11.44165008359' />
  <node id='1706' visible='true' version='1' lat='48.77251741848' lon='11.44167125468' />
  <node id='1707' visible='true' version='1' lat='48.77254866272' lon='11.44180306049' />
  <node id='1708' visible='true' version='1' lat='48.7725360441' lon='11.44180786587' />
  <node id='1709' visible='true' version='1' lat='48.77251814264' lon='11.44182504217' />
  <node id='1710' visible='true' version='1' lat='48.7724966872' lon='11.44185560001' />
  <node id='1711' visible='true' version='1' lat='48.77247891735' lon='11.44190433276' />
  <node id='1712' visible='true' version='1' lat='48.77247233579' lon='11.44193529024' />
  <node id='1713' visible='true' version='1' lat='48.77247042711' lon='11.44195366499' />
  <node id='1714' visible='true' version='1' lat='48.77256244726' lon='11.44175402119' />
  <node id='1715' visible='true' version='1' lat='48.77244216392' lon='11.44196961028' />
  <node id='1716' visible='true' version='1' lat='48.7725445517' lon='11.44175490763' />
  <node id='1717' visible='true' version='1' lat='48.77252443761' lon='11.44176124717' />
  <node id='1718' visible='true' version='1' lat='48.77249656626' lon='11.44178365429' />
  <node id='1719' visible='true' version='1' lat='48.77247227754' lon='11.4418259913' />
  <node id='1720' visible='true' version='1' lat='48.7724506483' lon='11.44188523767' />
  <node id='1721' visible='true' version='1' lat='48.77244393344' lon='11.44192493028' />
  <node id='1722' visible='true' version='1' lat='48.77244247242' lon='11.44195076852' />
  <node id='1723' visible='true' version='1' lat='48.77258461482' lon='11.44175713607' />
  <node id='1724' visible='true' version='1' lat='48.77233438928' lon='11.44159855429' />
  <node id='1725' visible='true' version='1' lat='48.77238967339' lon='11.44166566169' />
  <node id='1726' visible='true' version='1' lat='48.77243637839' lon='11.44173323123' />
  <node id='1727' visible='true' version='1' lat='48.77247578968' lon='11.4417990853' />
  <node id='1728' visible='true' version='1' lat='48.77250575512' lon='11.44186865899' />
  <node id='1729' visible='true' version='1' lat='48.77247475956' lon='11.44189075635' />
  <node id='1730' visible='true' version='1' lat='48.77244778688' lon='11.44183022752' />
  <node id='1731' visible='true' version='1' lat='48.77241164449' lon='11.44176871778' />
  <node id='1732' visible='true' version='1' lat='48.7723678012' lon='11.44170295688' />
  <node id='1733' visible='true' version='1' lat='48.77258237727' lon='11.44216617146' />
  <node id='1734' visible='true' version='1' lat='48.77260607035' lon='11.44212263154' />
  <node id='1735' visible='true' version='1' lat='48.77264187321' lon='11.44209387122' />
  <node id='1736' visible='true' version='1' lat='48.7726826779' lon='11.44208268666' />
  <node id='1737' visible='true' version='1' lat='48.77255727359' lon='11.44209406124' />
  <node id='1738' visible='true' version='1' lat='48.77258477503' lon='11.44205861316' />
  <node id='1739' visible='true' version='1' lat='48.7726227313' lon='11.44203070814' />
  <node id='1740' visible='true' version='1' lat='48.77270116499' lon='11.44202516897' />
  <node id='1741' visible='true' version='1' lat='48.77266319695' lon='11.44201997319' />
  <node id='1742' visible='true' version='1' lat='48.77254288878' lon='11.44213341666' />
  <node id='1743' action='modify' visible='true' version='1' lat='48.77156098926' lon='11.43802503107' />
  <node id='1744' action='modify' visible='true' version='1' lat='48.77156413144' lon='11.43805962454' />
  <node id='1745' action='modify' visible='true' version='1' lat='48.77157882404' lon='11.4380566801' />
  <node id='1746' action='modify' visible='true' version='1' lat='48.77158581446' lon='11.43804699602' />
  <node id='1747' action='modify' visible='true' version='1' lat='48.77158482892' lon='11.4380288789' />
  <node id='1748' action='modify' visible='true' version='1' lat='48.77157531678' lon='11.43802240358' />
  <node id='1749' visible='true' version='1' lat='48.77155789086' lon='11.43798714169' />
  <node id='1750' action='modify' visible='true' version='1' lat='48.77155376812' lon='11.43794178646' />
  <node id='1751' visible='true' version='1' lat='48.7715679901' lon='11.43810162085' />
  <node id='1752' visible='true' version='1' lat='48.77157053462' lon='11.43814129973' />
  <node id='1753' visible='true' version='1' lat='48.77172684432' lon='11.4380150023' />
  <node id='1754' visible='true' version='1' lat='48.77165852197' lon='11.43807546016' />
  <node id='1755' visible='true' version='1' lat='48.77176087859' lon='11.43791064351' />
  <node id='1756' visible='true' version='1' lat='48.77175025275' lon='11.43796587009' />
  <node id='1757' visible='true' version='1' lat='48.77169559834' lon='11.43805266044' />
  <node id='1758' visible='true' version='1' lat='48.77161656799' lon='11.43809016461' />
  <node id='1759' visible='true' version='1' lat='48.77160857703' lon='11.43805061483' />
  <node id='1760' visible='true' version='1' lat='48.77164577487' lon='11.43802989822' />
  <node id='1761' visible='true' version='1' lat='48.7716746432' lon='11.43800782468' />
  <node id='1762' visible='true' version='1' lat='48.7716966225' lon='11.43798164384' />
  <node id='1763' visible='true' version='1' lat='48.7717177607' lon='11.43793859991' />
  <node id='1764' visible='true' version='1' lat='48.7717305644' lon='11.43789781616' />
  <node id='1765' visible='true' version='1' lat='48.77173317164' lon='11.43783211961' />
  <node id='1766' visible='true' version='1' lat='48.77152933726' lon='11.43810824551' />
  <node id='1767' visible='true' version='1' lat='48.77153085512' lon='11.43814841069' />
  <node id='1768' visible='true' version='1' lat='48.77153220379' lon='11.43818409872' />
  <node id='1769' visible='true' version='1' lat='48.77187277712' lon='11.43804101407' />
  <node id='1770' visible='true' version='1' lat='48.77186975818' lon='11.43800496933' />
  <node id='1771' visible='true' version='1' lat='48.7718597328' lon='11.43800731032' />
  <node id='1772' visible='true' version='1' lat='48.77185321711' lon='11.43801509957' />
  <node id='1773' action='modify' visible='true' version='1' lat='48.77159404165' lon='11.43785342686' />
  <node id='1774' visible='true' version='1' lat='48.77162169048' lon='11.43786106261' />
  <node id='1775' action='modify' visible='true' version='1' lat='48.77159192471' lon='11.43786186846' />
  <node id='1776' action='modify' visible='true' version='1' lat='48.77158618494' lon='11.43818498819' />
  <node id='1777' visible='true' version='1' lat='48.77155481695' lon='11.43762132634' />
  <node id='1778' visible='true' version='1' lat='48.77161991117' lon='11.43839121531' />
  <node id='1779' visible='true' version='1' lat='48.77142867806' lon='11.43822553989' />
  <node id='1780' visible='true' version='1' lat='48.77129428939' lon='11.43823964959' />
  <node id='1781' visible='true' version='1' lat='48.77114340168' lon='11.43825694535' />
  <node id='1782' visible='true' version='1' lat='48.77104170971' lon='11.43827105505' />
  <node id='1783' visible='true' version='1' lat='48.77098801387' lon='11.43827742717' />
  <node id='1784' visible='true' version='1' lat='48.77091481944' lon='11.43828926111' />
  <node id='1785' visible='true' version='1' lat='48.77084211463' lon='11.43830155021' />
  <node id='1786' action='modify' visible='true' version='1' lat='48.77161911928' lon='11.43820209644' />
  <node id='1787' action='modify' visible='true' version='1' lat='48.7716315865' lon='11.43821815204' />
  <node id='1788' action='modify' visible='true' version='1' lat='48.77165095308' lon='11.43819619608' />
  <node id='1789' action='modify' visible='true' version='1' lat='48.77160350449' lon='11.4378916054' />
  <node id='1790' action='modify' visible='true' version='1' lat='48.77158608721' lon='11.43817979064' />
  <node id='1791' visible='true' version='1' lat='48.77160828714' lon='11.43821746129' />
  <node id='1792' visible='true' version='1' lat='48.77157536506' lon='11.43820972371' />
  <node id='1793' visible='true' version='1' lat='48.77172894129' lon='11.43815217366' />
  <node id='1794' visible='true' version='1' lat='48.77182514274' lon='11.43816426481' />
  <node id='1795' visible='true' version='1' lat='48.77182822409' lon='11.43819405045' />
  <node id='1796' visible='true' version='1' lat='48.77177907039' lon='11.43815539883' />
  <node id='1797' visible='true' version='1' lat='48.77191877553' lon='11.43814045704' />
  <node id='1798' action='modify' visible='true' version='1' lat='48.77181950452' lon='11.43809258491' />
  <node id='1799' visible='true' version='1' lat='48.77186588258' lon='11.43827875103' />
  <node id='1800' visible='true' version='1' lat='48.77187716902' lon='11.43827733467' />
  <node id='1801' visible='true' version='1' lat='48.77183474931' lon='11.43826167576' />
  <node id='1802' action='modify' visible='true' version='1' lat='48.77189704393' lon='11.43812476039' />
  <node id='1803' visible='true' version='1' lat='48.77160411331' lon='11.43813474569' />
  <node id='1804' visible='true' version='1' lat='48.77162766765' lon='11.43813014824' />
  <node id='1805' visible='true' version='1' lat='48.77172274229' lon='11.43811159111' />
  <node id='1806' visible='true' version='1' lat='48.77160254614' lon='11.43809474941' />
  <node id='1807' visible='true' version='1' lat='48.77162617486' lon='11.43809005086' />
  <node id='1808' visible='true' version='1' lat='48.77172002451' lon='11.43807138891' />
  <node id='1809' action='modify' visible='true' version='1' lat='48.77181593447' lon='11.43805220165' />
  <node id='1811' visible='true' version='1' lat='48.77186950845' lon='11.43848014781' />
  <node id='1812' visible='true' version='1' lat='48.77188599458' lon='11.4385633105' />
  <node id='1813' visible='true' version='1' lat='48.77190296682' lon='11.4387739616' />
  <node id='1814' visible='true' version='1' lat='48.7719175628' lon='11.43896349631' />
  <node id='1815' visible='true' version='1' lat='48.77190042084' lon='11.43856022026' />
  <node id='1816' visible='true' version='1' lat='48.77192146621' lon='11.43877164417' />
  <node id='1817' visible='true' version='1' lat='48.77196169015' lon='11.43920401999' />
  <node id='1818' visible='true' version='1' lat='48.77187394441' lon='11.43840313306' />
  <node id='1819' visible='true' version='1' lat='48.7718861643' lon='11.4384010729' />
  <node id='1820' visible='true' version='1' lat='48.77187903603' lon='11.43847420858' />
  <node id='1821' visible='true' version='1' lat='48.77179856222' lon='11.43817640113' />
  <node id='1822' visible='true' version='1' lat='48.77176825173' lon='11.43818232423' />
  <node id='1823' visible='true' version='1' lat='48.77182760977' lon='11.4379269432' />
  <node id='1824' visible='true' version='1' lat='48.77183138931' lon='11.43797040668' />
  <node id='1825' action='modify' visible='true' version='1' lat='48.77165777903' lon='11.43792375785' />
  <node id='1826' action='modify' visible='true' version='1' lat='48.77168800252' lon='11.43791771092' />
  <node id='1827' action='modify' visible='true' version='1' lat='48.7717404205' lon='11.43790722345' />
  <node id='1828' action='modify' visible='true' version='1' lat='48.77176889459' lon='11.43790152652' />
  <node id='1829' visible='true' version='1' lat='48.77167928035' lon='11.43816094656' />
  <node id='1830' visible='true' version='1' lat='48.77171014779' lon='11.43815552768' />
  <node id='1831' visible='true' version='1' lat='48.77176450998' lon='11.43814511363' />
  <node id='1832' visible='true' version='1' lat='48.77179471741' lon='11.43813911776' />
  <node id='1833' visible='true' version='1' lat='48.77153806598' lon='11.4374513389' />
  <node id='1834' visible='true' version='1' lat='48.77145233114' lon='11.43692594683' />
  <node id='1835' visible='true' version='1' lat='48.77147843139' lon='11.43704541284' />
  <node id='1836' visible='true' version='1' lat='48.7715076397' lon='11.43720769457' />
  <node id='1837' visible='true' version='1' lat='48.77152391012' lon='11.43733567805' />
  <node id='1838' visible='true' version='1' lat='48.77127475554' lon='11.43797546827' />
  <node id='1839' visible='true' version='1' lat='48.77102337053' lon='11.43803109513' />
  <node id='1840' visible='true' version='1' lat='48.77111724308' lon='11.43801103428' />
  <node id='1841' visible='true' version='1' lat='48.77127164059' lon='11.43794172244' />
  <node id='1842' visible='true' version='1' lat='48.77111549074' lon='11.43797938572' />
  <node id='1843' visible='true' version='1' lat='48.77143379799' lon='11.43826125446' />
  <node id='1844' visible='true' version='1' lat='48.77129650595' lon='11.43827835188' />
  <node id='1845' visible='true' version='1' lat='48.77114656487' lon='11.4382888199' />
  <node id='1846' visible='true' version='1' lat='48.77104261773' lon='11.43829719431' />
  <node id='1847' visible='true' version='1' lat='48.77098650458' lon='11.43830556873' />
  <node id='1848' visible='true' version='1' lat='48.77091613308' lon='11.43831743248' />
  <node id='1849' visible='true' version='1' lat='48.77083840236' lon='11.43833069197' />
  <node id='1850' visible='true' version='1' lat='48.77063234637' lon='11.43837116831' />
  <node id='1851' visible='true' version='1' lat='48.77032050111' lon='11.43843118496' />
  <node id='1852' visible='true' version='1' lat='48.77009788472' lon='11.43847445277' />
  <node id='1853' visible='true' version='1' lat='48.76991298358' lon='11.43851074191' />
  <node id='1854' visible='true' version='1' lat='48.76962459163' lon='11.43856517561' />
  <node id='1855' visible='true' version='1' lat='48.76948706443' lon='11.43859309032' />
  <node id='1856' visible='true' version='1' lat='48.76946590636' lon='11.43860914129' />
  <node id='1857' visible='true' version='1' lat='48.7694511877' lon='11.43864124321' />
  <node id='1858' visible='true' version='1' lat='48.76945026779' lon='11.43869079184' />
  <node id='1859' visible='true' version='1' lat='48.76946406653' lon='11.43875011061' />
  <node id='1860' visible='true' version='1' lat='48.76948752439' lon='11.43882338675' />
  <node id='1861' visible='true' version='1' lat='48.76950500278' lon='11.43885967588' />
  <node id='1862' visible='true' version='1' lat='48.7695275407' lon='11.43889805862' />
  <node id='1863' visible='true' version='1' lat='48.76974969966' lon='11.43913114651' />
  <node id='1864' visible='true' version='1' lat='48.7705458762' lon='11.43991555009' />
  <node id='1865' visible='true' version='1' lat='48.77087887755' lon='11.44020586316' />
  <node id='1866' visible='true' version='1' lat='48.77136549709' lon='11.44061760525' />
  <node id='1867' visible='true' version='1' lat='48.77173574839' lon='11.44096584066' />
  <node id='1868' visible='true' version='1' lat='48.77196847563' lon='11.44119055484' />
  <node id='1869' visible='true' version='1' lat='48.77202918703' lon='11.44124568641' />
  <node id='1870' visible='true' version='1' lat='48.77205080395' lon='11.44126313311' />
  <node id='1871' visible='true' version='1' lat='48.77206782151' lon='11.44126801818' />
  <node id='1872' visible='true' version='1' lat='48.77208828835' lon='11.44126278452' />
  <node id='1873' visible='true' version='1' lat='48.77210967528' lon='11.4412296358' />
  <node id='1874' visible='true' version='1' lat='48.77211726418' lon='11.44120625722' />
  <node id='1875' visible='true' version='1' lat='48.77211887395' lon='11.44115635966' />
  <node id='1876' visible='true' version='1' lat='48.77202688735' lon='11.44090896512' />
  <node id='1877' visible='true' version='1' lat='48.77197767433' lon='11.44077462554' />
  <node id='1878' visible='true' version='1' lat='48.77189120647' lon='11.44048815075' />
  <node id='1879' visible='true' version='1' lat='48.7718615406' lon='11.44038765776' />
  <node id='1880' visible='true' version='1' lat='48.7718189965' lon='11.44027739463' />
  <node id='1881' visible='true' version='1' lat='48.77178128169' lon='11.44013398276' />
  <node id='1882' visible='true' version='1' lat='48.77176104447' lon='11.43997975394' />
  <node id='1883' visible='true' version='1' lat='48.77173160849' lon='11.43978016371' />
  <node id='1884' visible='true' version='1' lat='48.77170677187' lon='11.43960639459' />
  <node id='1885' visible='true' version='1' lat='48.77169159393' lon='11.43942076171' />
  <node id='1886' visible='true' version='1' lat='48.77167641599' lon='11.43924978407' />
  <node id='1887' visible='true' version='1' lat='48.77165755854' lon='11.43905717251' />
  <node id='1888' visible='true' version='1' lat='48.77164192064' lon='11.4388896842' />
  <node id='1889' visible='true' version='1' lat='48.77152279639' lon='11.4382195697' />
  <node id='1890' visible='true' version='1' lat='48.77152377989' lon='11.43825020243' />
  <node id='1891' visible='true' version='1' lat='48.76947194772' lon='11.43856245206' />
  <node id='1892' visible='true' version='1' lat='48.76962066493' lon='11.43853495724' />
  <node id='1893' visible='true' version='1' lat='48.76991041133' lon='11.43847747401' />
  <node id='1894' visible='true' version='1' lat='48.77009451458' lon='11.43844154378' />
  <node id='1895' visible='true' version='1' lat='48.77031160003' lon='11.43840058509' />
  <node id='1896' visible='true' version='1' lat='48.7706312837' lon='11.43833974092' />
  <node id='1897' visible='true' version='1' lat='48.7724234179' lon='11.43774260508' />
  <node id='1898' visible='true' version='1' lat='48.7723268843' lon='11.43776524389' />
  <node id='1899' visible='true' version='1' lat='48.77222498767' lon='11.43778648274' />
  <node id='1900' visible='true' version='1' lat='48.77211772611' lon='11.43780733391' />
  <node id='1901' visible='true' version='1' lat='48.77242193846' lon='11.43771828129' />
  <node id='1902' visible='true' version='1' lat='48.77232555427' lon='11.43774088506' />
  <node id='1903' visible='true' version='1' lat='48.77222388834' lon='11.43776207583' />
  <node id='1904' visible='true' version='1' lat='48.77211670974' lon='11.43778291087' />
  <node id='1905' visible='true' version='1' lat='48.77167272987' lon='11.4368030742' />
  <node id='1906' visible='true' version='1' lat='48.77179378305' lon='11.43755772587' />
  <node id='1907' visible='true' version='1' lat='48.77178102955' lon='11.43741259303' />
  <node id='1908' visible='true' version='1' lat='48.77175986265' lon='11.43724502708' />
  <node id='1909' visible='true' version='1' lat='48.77173708802' lon='11.43710186563' />
  <node id='1910' visible='true' version='1' lat='48.77170388437' lon='11.4369396826' />
  <node id='1911' visible='true' version='1' lat='48.771696358' lon='11.43679179616' />
  <node id='1912' visible='true' version='1' lat='48.77181865636' lon='11.4375544152' />
  <node id='1913' visible='true' version='1' lat='48.77180580166' lon='11.43740813056' />
  <node id='1914' visible='true' version='1' lat='48.77178437016' lon='11.43723846985' />
  <node id='1915' visible='true' version='1' lat='48.7717612419' lon='11.43709308544' />
  <node id='1916' visible='true' version='1' lat='48.77172765327' lon='11.4369290219' />
  <node id='1917' visible='true' version='1' lat='48.77190698984' lon='11.43782016125' />
  <node id='1918' visible='true' version='1' lat='48.77245469196' lon='11.43802302404' />
  <node id='1919' visible='true' version='1' lat='48.7720705174' lon='11.43810753275' />
  <node id='1920' visible='true' version='1' lat='48.77225364431' lon='11.43806994742' />
  <node id='1921' visible='true' version='1' lat='48.7723596537' lon='11.43804509863' />
  <node id='1922' visible='true' version='1' lat='48.77245812166' lon='11.43805670016' />
  <node id='1923' action='modify' visible='true' version='1' lat='48.77207487157' lon='11.43814312151' />
  <node id='1924' visible='true' version='1' lat='48.77225686412' lon='11.43810367276' />
  <node id='1925' visible='true' version='1' lat='48.77236308341' lon='11.43807877476' />
  <node id='1926' visible='true' version='1' lat='48.77197554678' lon='11.43963338984' />
  <node id='1927' visible='true' version='1' lat='48.77195886877' lon='11.43943250944' />
  <node id='1928' visible='true' version='1' lat='48.77194011622' lon='11.439217331' />
  <node id='1929' visible='true' version='1' lat='48.77235505829' lon='11.44101930426' />
  <node id='1930' visible='true' version='1' lat='48.77228474229' lon='11.44085067585' />
  <node id='1931' visible='true' version='1' lat='48.77223736542' lon='11.44073071574' />
  <node id='1932' visible='true' version='1' lat='48.77219226685' lon='11.44059610827' />
  <node id='1933' visible='true' version='1' lat='48.77214271314' lon='11.44044302877' />
  <node id='1934' visible='true' version='1' lat='48.77209402726' lon='11.44025654651' />
  <node id='1935' visible='true' version='1' lat='48.77205600375' lon='11.44009969124' />
  <node id='1936' visible='true' version='1' lat='48.77202513454' lon='11.43994656539' />
  <node id='1937' visible='true' version='1' lat='48.77199934109' lon='11.43980396312' />
  <node id='1938' visible='true' version='1' lat='48.77241140965' lon='11.44114416673' />
  <node id='1939' visible='true' version='1' lat='48.77245051355' lon='11.44123017747' />
  <node id='1940' visible='true' version='1' lat='48.77247174563' lon='11.44128556661' />
  <node id='1941' visible='true' version='1' lat='48.77198114204' lon='11.43942814634' />
  <node id='1942' visible='true' version='1' lat='48.77199771175' lon='11.4396277224' />
  <node id='1943' visible='true' version='1' lat='48.7723738184' lon='11.44100056175' />
  <node id='1944' visible='true' version='1' lat='48.77230386612' lon='11.44083280552' />
  <node id='1945' visible='true' version='1' lat='48.77225703089' lon='11.44071421683' />
  <node id='1946' visible='true' version='1' lat='48.77221235639' lon='11.44058087503' />
  <node id='1947' visible='true' version='1' lat='48.77216326401' lon='11.44042922061' />
  <node id='1948' visible='true' version='1' lat='48.77211500887' lon='11.44024438811' />
  <node id='1949' visible='true' version='1' lat='48.7720772968' lon='11.44008881755' />
  <node id='1950' visible='true' version='1' lat='48.77204670554' lon='11.43993707041' />
  <node id='1951' visible='true' version='1' lat='48.77202117447' lon='11.43979591866' />
  <node id='1952' visible='true' version='1' lat='48.77242991752' lon='11.44112486535' />
  <node id='1953' visible='true' version='1' lat='48.77246972112' lon='11.44120876893' />
  <node id='1954' visible='true' version='1' lat='48.77249654632' lon='11.44127106116' />
  <node id='1955' visible='true' version='1' lat='48.77163686573' lon='11.43862371532' />
  <node id='1956' visible='true' version='1' lat='48.77165638184' lon='11.43885036071' />
  <node id='1957' visible='true' version='1' lat='48.77167664686' lon='11.43907470935' />
  <node id='1958' visible='true' version='1' lat='48.77169690892' lon='11.43929219354' />
  <node id='1959' visible='true' version='1' lat='48.77171634587' lon='11.43949480971' />
  <node id='1960' visible='true' version='1' lat='48.77174062479' lon='11.43972309932' />
  <node id='1961' visible='true' version='1' lat='48.77176761938' lon='11.43990101399' />
  <node id='1962' visible='true' version='1' lat='48.77179976549' lon='11.4400702337' />
  <node id='1963' visible='true' version='1' lat='48.77184614033' lon='11.44024718488' />
  <node id='1964' visible='true' version='1' lat='48.7716006631' lon='11.43839417875' />
  <node id='1965' visible='true' version='1' lat='48.771921562' lon='11.44060085677' />
  <node id='1966' visible='true' version='1' lat='48.77188271048' lon='11.44037509257' />
  <node id='1967' visible='true' version='1' lat='48.77191091066' lon='11.44048463134' />
  <node id='1968' visible='true' version='1' lat='48.77211837235' lon='11.44109687322' />
  <node id='1969' visible='true' version='1' lat='48.77194006044' lon='11.44058644745' />
  <node id='1970' visible='true' version='1' lat='48.77199582212' lon='11.44075962584' />
  <node id='1971' visible='true' version='1' lat='48.77204335347' lon='11.44089343241' />
  <node id='1972' visible='true' version='1' lat='48.77210415607' lon='11.44111030038' />
  <node id='1973' action='modify' visible='true' version='1' lat='48.7724229007' lon='11.4413345246' />
  <node id='1974' action='modify' visible='true' version='1' lat='48.77245838244' lon='11.44134916242' />
  <node id='1975' visible='true' version='1' lat='48.77244818542' lon='11.44229737376' />
  <node id='1976' visible='true' version='1' lat='48.77242888592' lon='11.4422987695' />
  <node id='1977' visible='true' version='1' lat='48.77241185088' lon='11.4423008631' />
  <node id='1978' visible='true' version='1' lat='48.77257482942' lon='11.44306265241' />
  <node id='1979' visible='true' version='1' lat='48.77258370653' lon='11.44224319582' />
  <node id='1980' visible='true' version='1' lat='48.77258014129' lon='11.44289003602' />
  <node id='1981' visible='true' version='1' lat='48.77258235647' lon='11.44275962273' />
  <node id='1982' visible='true' version='1' lat='48.77258412702' lon='11.44264141597' />
  <node id='1983' visible='true' version='1' lat='48.77258545641' lon='11.44247130425' />
  <node id='1984' visible='true' version='1' lat='48.77258457191' lon='11.44235118734' />
  <node id='1985' visible='true' version='1' lat='48.77259726286' lon='11.44306424178' />
  <node id='1986' visible='true' version='1' lat='48.7726073556' lon='11.44224288413' />
  <node id='1987' visible='true' version='1' lat='48.77260258567' lon='11.44289126982' />
  <node id='1988' visible='true' version='1' lat='48.77260480778' lon='11.44276044884' />
  <node id='1989' visible='true' version='1' lat='48.77260658187' lon='11.44264200514' />
  <node id='1990' visible='true' version='1' lat='48.77260791578' lon='11.44247131591' />
  <node id='1991' visible='true' version='1' lat='48.77260703047' lon='11.44235108893' />
  <node id='1992' visible='true' version='1' lat='48.77271364296' lon='11.44211296204' />
  <node id='1993' visible='true' version='1' lat='48.77302172644' lon='11.44240871267' />
  <node id='1994' visible='true' version='1' lat='48.7728626504' lon='11.44225443853' />
  <node id='1995' visible='true' version='1' lat='48.77270263954' lon='11.44214019789' />
  <node id='1996' visible='true' version='1' lat='48.77300770924' lon='11.44243791549' />
  <node id='1997' visible='true' version='1' lat='48.7728519575' lon='11.44227920516' />
  <node id='1998' visible='true' version='1' lat='48.77267266798' lon='11.44213227966' />
  <node id='1999' visible='true' version='1' lat='48.77264871504' lon='11.44214035312' />
  <node id='2000' visible='true' version='1' lat='48.77262985795' lon='11.44215919556' />
  <node id='2001' visible='true' version='1' lat='48.77261560015' lon='11.44219688043' />
  <node id='2002' visible='true' version='1' lat='48.77252583578' lon='11.44198672491' />
  <node id='2003' visible='true' version='1' lat='48.77256037669' lon='11.44199330416' />
  <node id='2004' action='modify' visible='true' version='1' lat='48.77259665795' lon='11.44160031015' />
  <node id='2005' action='modify' visible='true' version='1' lat='48.77265260634' lon='11.4416383848' />
  <node id='2006' action='modify' visible='true' version='1' lat='48.77270751389' lon='11.44168813469' />
  <node id='2007' visible='true' version='1' lat='48.7727607076' lon='11.44174431306' />
  <node id='2008' visible='true' version='1' lat='48.77280945992' lon='11.44179002341' />
  <node id='2009' visible='true' version='1' lat='48.77288419807' lon='11.44186399741' />
  <node id='2010' visible='true' version='1' lat='48.77296054585' lon='11.44194146076' />
  <node id='2011' visible='true' version='1' lat='48.77300883806' lon='11.44198752004' />
  <node id='2012' visible='true' version='1' lat='48.77305023134' lon='11.44202869425' />
  <node id='2013' visible='true' version='1' lat='48.77313577735' lon='11.44211732348' />
  <node id='2014' action='modify' visible='true' version='1' lat='48.77264337859' lon='11.44166109266' />
  <node id='2015' action='modify' visible='true' version='1' lat='48.77269644141' lon='11.4417099161' />
  <node id='2016' action='modify' visible='true' version='1' lat='48.77252680895' lon='11.44149756934' />
  <node id='2017' action='modify' visible='true' version='1' lat='48.77252767427' lon='11.44149056809' />
  <node id='2018' action='modify' visible='true' version='1' lat='48.77253359936' lon='11.44149120604' />
  <node id='2019' action='modify' visible='true' version='1' lat='48.77256233597' lon='11.4415300917' />
  <node id='2020' action='modify' visible='true' version='1' lat='48.77256371126' lon='11.4415394856' />
  <node id='2021' action='modify' visible='true' version='1' lat='48.77255913896' lon='11.44155939532' />
  <node id='2022' action='modify' visible='true' version='1' lat='48.77255476427' lon='11.44156573135' />
  <node id='2023' action='modify' visible='true' version='1' lat='48.77254323895' lon='11.44157012991' />
  <node id='2024' action='modify' visible='true' version='1' lat='48.77253558112' lon='11.441613845' />
  <node id='2025' action='modify' visible='true' version='1' lat='48.77252487867' lon='11.44159575115' />
  <node id='2026' action='modify' visible='true' version='1' lat='48.77251787274' lon='11.44159272721' />
  <node id='2027' visible='true' version='1' lat='48.7725445154' lon='11.44138184849' />
  <node id='2028' visible='true' version='1' lat='48.77262387887' lon='11.44151087623' />
  <node id='2029' visible='true' version='1' lat='48.77267493098' lon='11.44158205876' />
  <node id='2030' visible='true' version='1' lat='48.77272506317' lon='11.44165882424' />
  <node id='2031' visible='true' version='1' lat='48.77276630196' lon='11.44171240182' />
  <node id='2032' visible='true' version='1' lat='48.77281796858' lon='11.44176699377' />
  <node id='2033' visible='true' version='1' lat='48.77289063704' lon='11.4418402699' />
  <node id='2034' visible='true' version='1' lat='48.77297112414' lon='11.44191912898' />
  <node id='2035' visible='true' version='1' lat='48.77301711672' lon='11.44196518827' />
  <node id='2036' visible='true' version='1' lat='48.77306126954' lon='11.44201054968' />
  <node id='2037' visible='true' version='1' lat='48.77314083652' lon='11.44209568957' />
  <node id='2038' visible='true' version='1' lat='48.7725672112' lon='11.44181401323' />
  <node id='2039' action='modify' visible='true' version='1' lat='48.7725138926' lon='11.44156291908' />
  <node id='2040' visible='true' version='1' lat='48.77258202491' lon='11.44205774362' />
  <node id='2041' action='modify' visible='true' version='1' lat='48.77258052487' lon='11.44198435023' />
  <node id='2042' visible='true' version='1' lat='48.77262474084' lon='11.44202738636' />
  <node id='2043' action='modify' visible='true' version='1' lat='48.77259488116' lon='11.4416296027' />
  <node id='2044' visible='true' version='1' lat='48.77244295949' lon='11.44221662737' />
  <node id='2045' visible='true' version='1' lat='48.77242160572' lon='11.44221822481' />
  <node id='2046' visible='true' version='1' lat='48.77243799688' lon='11.4422106951' />
  <node id='2047' action='modify' visible='true' version='1' lat='48.7724191966' lon='11.44211637124' />
  <node id='2048' action='modify' visible='true' version='1' lat='48.77240517157' lon='11.44202620104' />
  <node id='2049' visible='true' version='1' lat='48.77241273343' lon='11.44201526504' />
  <node id='2050' action='modify' visible='true' version='1' lat='48.77239677343' lon='11.44192434514' />
  <node id='2051' action='modify' visible='true' version='1' lat='48.772392302' lon='11.44194945114' />
  <node id='2052' visible='true' version='1' lat='48.77240318445' lon='11.4419601613' />
  <node id='2053' action='modify' visible='true' version='1' lat='48.77238993125' lon='11.44188840791' />
  <node id='2054' action='modify' visible='true' version='1' lat='48.77237869588' lon='11.44187603536' />
  <node id='2055' action='modify' visible='true' version='1' lat='48.77237237079' lon='11.44185341364' />
  <node id='2056' action='modify' visible='true' version='1' lat='48.77236299213' lon='11.4418053623' />
  <node id='2057' visible='true' version='1' lat='48.77164459823' lon='11.4378548751' />
  <node id='2058' visible='true' version='1' lat='48.77169133652' lon='11.43784702378' />
  <node id='2059' visible='true' version='1' lat='48.77231269208' lon='11.44145233653' />
  <node id='2060' visible='true' version='1' lat='48.77230073386' lon='11.44146350241' />
  <node id='2061' visible='true' version='1' lat='48.77238501628' lon='11.44150642127' />
  <node id='2062' visible='true' version='1' lat='48.77237604763' lon='11.44151444674' />
  <node id='2063' visible='true' version='1' lat='48.77253311385' lon='11.441668501' />
  <node id='2064' visible='true' version='1' lat='48.77253757197' lon='11.4417411649' />
  <node id='2067' visible='true' version='1' lat='48.7722279496' lon='11.44157411442' />
  <node id='2068' visible='true' version='1' lat='48.77222220045' lon='11.4415894675' />
  <node id='2069' visible='true' version='1' lat='48.77251517647' lon='11.44197643521' />
  <node id='2070' visible='true' version='1' lat='48.77253426356' lon='11.44198027348' />
  <node id='2071' visible='true' version='1' lat='48.76885584172' lon='11.43848988895' />
  <node id='2072' visible='true' version='1' lat='48.76885699163' lon='11.43852233979' />
  <node id='2073' visible='true' version='1' lat='48.7689453045' lon='11.4383063498' />
  <node id='2074' visible='true' version='1' lat='48.76892782593' lon='11.43831472421' />
  <node id='2075' visible='true' version='1' lat='48.76920242289' lon='11.43863434753' />
  <node id='2076' visible='true' version='1' lat='48.7691872442' lon='11.43865598142' />
  <node id='2077' visible='true' version='1' lat='48.76917632003' lon='11.43882800594' />
  <node id='2078' visible='true' version='1' lat='48.76918678412' lon='11.43883638035' />
  <node id='2079' visible='true' version='1' lat='48.76922726073' lon='11.43842114901' />
  <node id='2080' visible='true' version='1' lat='48.76922841063' lon='11.43845429771' />
  <node id='2081' visible='true' version='1' lat='48.76883560321' lon='11.43834647736' />
  <node id='2082' visible='true' version='1' lat='48.76882076939' lon='11.43834630289' />
  <node id='2083' visible='true' version='1' lat='48.76884043283' lon='11.43857363323' />
  <node id='2084' visible='true' version='1' lat='48.76882283922' lon='11.4385727609' />
  <node id='2085' visible='true' version='1' lat='48.76926796705' lon='11.4383572943' />
  <node id='2086' visible='true' version='1' lat='48.76925497319' lon='11.43835877727' />
  <node id='2087' visible='true' version='1' lat='48.76928250491' lon='11.43863112511' />
  <node id='2088' visible='true' version='1' lat='48.76927714711' lon='11.43863183688' />
  <node id='2089' visible='true' version='1' lat='48.76896508277' lon='11.43821684847' />
  <node id='2090' visible='true' version='1' lat='48.76897497196' lon='11.43823150368' />
  <node id='2091' visible='true' version='1' lat='48.76889493847' lon='11.43827703954' />
  <node id='2092' visible='true' version='1' lat='48.76889666333' lon='11.43829413729' />
  <node id='2093' visible='true' version='1' lat='48.76916022141' lon='11.43875926599' />
  <node id='2094' visible='true' version='1' lat='48.76915159715' lon='11.43875001924' />
  <node id='2095' visible='true' version='1' lat='48.76924761384' lon='11.43864376892' />
  <node id='2096' visible='true' version='1' lat='48.76923714975' lon='11.43863050943' />
  <node id='2097' visible='true' version='1' lat='48.76916303861' lon='11.43877182769' />
  <node id='2098' visible='true' version='1' lat='48.7691607963' lon='11.43877898083' />
  <node id='2099' visible='true' version='1' lat='48.76921564657' lon='11.43883018686' />
  <node id='2100' visible='true' version='1' lat='48.76921144943' lon='11.43883716554' />
  <node id='2101' visible='true' version='1' lat='48.77155920339' lon='11.43821091642' />
  <node id='2102' visible='true' version='1' lat='48.77154873979' lon='11.43821231215' />
  <node id='2103' visible='true' version='1' lat='48.77154126578' lon='11.43790402918' />
  <node id='2104' visible='true' version='1' lat='48.77152539789' lon='11.43790821639' />
  <node id='2105' visible='true' version='1' lat='48.77158932936' lon='11.43781435321' />
  <node id='2106' visible='true' version='1' lat='48.77159139908' lon='11.43784331471' />
  <node id='2107' visible='true' version='1' lat='48.77172501079' lon='11.43779271957' />
  <node id='2108' visible='true' version='1' lat='48.77172690803' lon='11.43781435347' />
  <node id='2109' visible='true' version='1' lat='48.77181768808' lon='11.43778312381' />
  <node id='2110' visible='true' version='1' lat='48.7718189529' lon='11.4378031875' />
  <node id='2111' visible='true' version='1' lat='48.77188598856' lon='11.43786512324' />
  <node id='2112' visible='true' version='1' lat='48.77187529506' lon='11.43786756578' />
  <node id='2113' visible='true' version='1' lat='48.77189558971' lon='11.43801001798' />
  <node id='2114' visible='true' version='1' lat='48.771886391' lon='11.43801246052' />
  <node id='2115' visible='true' version='1' lat='48.77190680064' lon='11.43812560229' />
  <node id='2116' visible='true' version='1' lat='48.77189748695' lon='11.43812787036' />
  <node id='2117' visible='true' version='1' lat='48.77185183833' lon='11.4382213846' />
  <node id='2118' visible='true' version='1' lat='48.77185321814' lon='11.43824109936' />
  <node id='2119' visible='true' version='1' lat='48.77173012765' lon='11.43824423977' />
  <node id='2120' visible='true' version='1' lat='48.7717319674' lon='11.43826604813' />
  <node id='2121' visible='true' version='1' lat='48.77162738912' lon='11.43825627798' />
  <node id='2122' visible='true' version='1' lat='48.77162876893' lon='11.43828035441' />
  <node id='2123' visible='true' version='1' lat='48.77154968824' lon='11.43804508591' />
  <node id='2124' visible='true' version='1' lat='48.77154043197' lon='11.43804726675' />
  <node id='2125' visible='true' version='1' lat='48.7725784117' lon='11.44199327175' />
  <node id='2126' action='modify' visible='true' version='1' lat='48.772615998' lon='11.44200785045' />
  <node id='2127' action='modify' visible='true' version='1' lat='48.77261663686' lon='11.44201628087' />
  <node id='2128' action='modify' visible='true' version='1' lat='48.77254936716' lon='11.44156926475' />
  <node id='2129' visible='true' version='1' lat='48.77259347247' lon='11.4421937324' />
  <node id='2130' visible='true' version='1' lat='48.77261386582' lon='11.44214561614' />
  <node id='2131' visible='true' version='1' lat='48.7726482082' lon='11.44211449998' />
  <node id='2132' visible='true' version='1' lat='48.77268891971' lon='11.44210748871' />
  <node id='2133' visible='true' version='1' lat='48.77260506564' lon='11.44216330846' />
  <node id='2134' visible='true' version='1' lat='48.77266675839' lon='11.44210662939' />
  <node id='2135' visible='true' version='1' lat='48.77269046193' lon='11.44213360413' />
  <node id='2136' visible='true' version='1' lat='48.77256503144' lon='11.4421641127' />
  <node id='2137' visible='true' version='1' lat='48.77253535468' lon='11.44216503975' />
  <node id='2138' action='modify' visible='true' version='1' lat='48.77254770805' lon='11.44157768503' />
  <node id='2139' visible='true' version='1' lat='48.77257204993' lon='11.4416202812' />
  <node id='2140' visible='true' version='1' lat='48.76907448452' lon='11.43836356268' />
  <node id='2141' visible='true' version='1' lat='48.77248068404' lon='11.44195492585' />
  <node id='2142' visible='true' version='1' lat='48.77248117516' lon='11.44194178108' />
  <node id='2143' visible='true' version='1' lat='48.76928102511' lon='11.43864089138' />
  <node id='2144' visible='true' version='1' lat='48.76928368434' lon='11.43863592466' />
  <node id='2145' visible='true' version='1' lat='48.76914131416' lon='11.43873996479' />
  <node id='2146' visible='true' version='1' lat='48.7691430603' lon='11.43873550915' />
  <node id='2147' visible='true' version='1' lat='48.76897357851' lon='11.43860882395' />
  <node id='2148' visible='true' version='1' lat='48.76897453096' lon='11.43860175914' />
  <node id='2149' action='modify' visible='true' version='1' lat='48.7690690687' lon='11.43839074537' />
  <node id='2150' visible='true' version='1' lat='48.76909152266' lon='11.43836243874' />
  <node id='2151' visible='true' version='1' lat='48.76909120518' lon='11.43835087813' />
  <node id='2152' action='modify' visible='true' version='1' lat='48.76895287054' lon='11.4383790242' />
  <node id='2153' visible='true' version='1' lat='48.76907178594' lon='11.43836516832' />
  <node id='2154' visible='true' version='1' lat='48.77232430524' lon='11.44177667063' />
  <node id='2155' visible='true' version='1' lat='48.77216741405' lon='11.44158707442' />
  <node id='2156' visible='true' version='1' lat='48.77257036802' lon='11.44161546324' />
  <node id='2157' visible='true' version='1' lat='48.77258163629' lon='11.44162122065' />
  <node id='2158' visible='true' version='1' lat='48.77258531572' lon='11.44181051721' />
  <node id='2159' visible='true' version='1' lat='48.77259439932' lon='11.44181418101' />
  <node id='2160' visible='true' version='1' lat='48.77258554568' lon='11.44183529151' />
  <node id='2161' visible='true' version='1' lat='48.77259543416' lon='11.44184558505' />
  <node id='2162' visible='true' version='1' lat='48.77259278957' lon='11.44199981377' />
  <node id='2163' visible='true' version='1' lat='48.77260394285' lon='11.44201202645' />
  <node id='2164' visible='true' version='1' lat='48.77258331682' lon='11.44202694322' />
  <node id='2165' visible='true' version='1' lat='48.77258290109' lon='11.44200836265' />
  <node id='2166' visible='true' version='1' lat='48.77249321482' lon='11.44201254985' />
  <node id='2167' visible='true' version='1' lat='48.77249114514' lon='11.44199405636' />
  <node id='2168' visible='true' version='1' lat='48.77247874923' lon='11.4420107715' />
  <node id='2169' visible='true' version='1' lat='48.77247721025' lon='11.44199420414' />
  <node id='2170' visible='true' version='1' lat='48.77238322689' lon='11.4420093028' />
  <node id='2171' visible='true' version='1' lat='48.77237981406' lon='11.44198503799' />
  <node id='2172' visible='true' version='1' lat='48.7721862106' lon='11.44161371857' />
  <node id='2173' visible='true' version='1' lat='48.7721739074' lon='11.44160150589' />
  <node id='2174' visible='true' version='1' lat='48.77224266732' lon='11.44147711101' />
  <node id='2175' visible='true' version='1' lat='48.77223185891' lon='11.44146577066' />
  <node id='2176' visible='true' version='1' lat='48.77154138056' lon='11.438054071' />
  <node id='2177' visible='true' version='1' lat='48.77155063683' lon='11.43805189016' />
  <node id='2178' visible='true' version='1' lat='48.77174064865' lon='11.43826395461' />
  <node id='2179' visible='true' version='1' lat='48.7717388089' lon='11.43824214625' />
  <node id='2180' visible='true' version='1' lat='48.77171739309' lon='11.4378170577' />
  <node id='2181' visible='true' version='1' lat='48.77171549585' lon='11.43779542381' />
  <node id='2182' visible='true' version='1' lat='48.77188788574' lon='11.43802711582' />
  <node id='2183' visible='true' version='1' lat='48.77189708445' lon='11.43802467329' />
  <node id='2184' visible='true' version='1' lat='48.77186234801' lon='11.43799063796' />
  <node id='2185' visible='true' version='1' lat='48.77186129535' lon='11.43797489403' />
  <node id='2186' visible='true' version='1' lat='48.77185979156' lon='11.43793199753' />
  <node id='2187' visible='true' version='1' lat='48.77185828777' lon='11.43791009293' />
  <node id='2188' visible='true' version='1' lat='48.77180497818' lon='11.4381997585' />
  <node id='2189' visible='true' version='1' lat='48.77176019094' lon='11.43820925375' />
  <node id='2190' visible='true' version='1' lat='48.77157459621' lon='11.43808350443' />
  <node id='2191' visible='true' version='1' lat='48.77157369393' lon='11.4380727803' />
  <node id='2192' visible='true' version='1' lat='48.77157940838' lon='11.43814716466' />
  <node id='2193' visible='true' version='1' lat='48.77157828053' lon='11.43813244751' />
  <node id='2194' visible='true' version='1' lat='48.76903791505' lon='11.43842071812' />
  <node id='2195' visible='true' version='1' lat='48.76900072648' lon='11.43846195074' />
  <node id='2196' visible='true' version='1' lat='48.76899377916' lon='11.43842009808' />
  <node id='2197' visible='true' version='1' lat='48.76891274663' lon='11.43829372886' />
  <node id='2198' visible='true' version='1' lat='48.76884737441' lon='11.43821579509' />
  <node id='2199' visible='true' version='1' lat='48.76875380239' lon='11.43860466291' />
  <node id='2200' visible='true' version='1' lat='48.7687530744' lon='11.43857107768' />
  <node id='2201' visible='true' version='1' lat='48.76875348307' lon='11.43854565606' />
  <node id='2202' visible='true' version='1' lat='48.76875225706' lon='11.4385053535' />
  <node id='2203' visible='true' version='1' lat='48.7687530744' lon='11.4384628808' />
  <node id='2204' visible='true' version='1' lat='48.7687518484' lon='11.43842164818' />
  <node id='2205' visible='true' version='1' lat='48.76875082673' lon='11.43832213185' />
  <node id='2206' visible='true' version='1' lat='48.76875225706' lon='11.43835096368' />
  <node id='2207' visible='true' version='1' lat='48.76875327873' lon='11.4383763853' />
  <node id='2208' visible='true' version='1' lat='48.76880977849' lon='11.43834968344' />
  <node id='2209' visible='true' version='1' lat='48.76884543324' lon='11.43835034364' />
  <node id='2210' visible='true' version='1' lat='48.76905453604' lon='11.43846532251' />
  <node id='2211' visible='true' version='1' lat='48.76906979084' lon='11.4384242835' />
  <node id='2212' visible='true' version='1' lat='48.7691419202' lon='11.43832740234' />
  <node id='2213' visible='true' version='1' lat='48.76913747592' lon='11.43836220213' />
  <node id='2214' visible='true' version='1' lat='48.76929062188' lon='11.43865494434' />
  <node id='2215' visible='true' version='1' lat='48.76939733818' lon='11.43830636238' />
  <node id='2216' visible='true' version='1' lat='48.7694052337' lon='11.43833855886' />
  <node id='2217' visible='true' version='1' lat='48.76940705825' lon='11.438369989' />
  <node id='2218' visible='true' version='1' lat='48.76941154985' lon='11.43841020613' />
  <node id='2219' visible='true' version='1' lat='48.7694152093' lon='11.43845362032' />
  <node id='2220' visible='true' version='1' lat='48.76941944579' lon='11.43849510333' />
  <node id='2221' visible='true' version='1' lat='48.76943248002' lon='11.43854224585' />
  <node id='2222' visible='true' version='1' lat='48.76942900639' lon='11.43865292288' />
  <node id='2223' visible='true' version='1' lat='48.76943738397' lon='11.43861200028' />
  <node id='2224' visible='true' version='1' lat='48.76945051153' lon='11.43858489732' />
  <node id='2225' visible='true' version='1' lat='48.76943100865' lon='11.43869537462' />
  <node id='2226' action='modify' visible='true' version='1' lat='48.76944370138' lon='11.43876184108' />
  <node id='2227' visible='true' version='1' lat='48.76947103518' lon='11.4388384384' />
  <node id='2228' visible='true' version='1' lat='48.76949007511' lon='11.43887796963' />
  <node id='2229' visible='true' version='1' lat='48.76941041225' lon='11.43865013271' />
  <node id='2230' visible='true' version='1' lat='48.76897498042' lon='11.43862269612' />
  <node id='2231' visible='true' version='1' lat='48.76898346024' lon='11.43857882833' />
  <node id='2232' visible='true' version='1' lat='48.76898019091' lon='11.43860238983' />
  <node id='2233' visible='true' version='1' lat='48.76903750628' lon='11.43866067353' />
  <node id='2234' visible='true' version='1' lat='48.76904394276' lon='11.4386412973' />
  <node id='2235' action='modify' visible='true' version='1' lat='48.7690490413' lon='11.43861703999' />
  <node id='2236' visible='true' version='1' lat='48.76910207539' lon='11.438715237' />
  <node id='2237' visible='true' version='1' lat='48.76910984002' lon='11.43869710085' />
  <node id='2238' action='modify' visible='true' version='1' lat='48.7691193937' lon='11.43868035284' />
  <node id='2239' visible='true' version='1' lat='48.7690932894' lon='11.4397100898' />
  <node id='2240' visible='true' version='1' lat='48.76907776012' lon='11.43928598283' />
  <node id='2241' visible='true' version='1' lat='48.76908021211' lon='11.4392115781' />
  <node id='2242' visible='true' version='1' lat='48.76916684905' lon='11.43970078921' />
  <node id='2243' visible='true' version='1' lat='48.76915254579' lon='11.43935542725' />
  <node id='2244' visible='true' version='1' lat='48.7691513198' lon='11.43927048185' />
  <node id='2245' visible='true' version='1' lat='48.76915377178' lon='11.43921529834' />
  <node id='2246' visible='true' version='1' lat='48.76915663244' lon='11.43914957416' />
  <node id='2247' visible='true' version='1' lat='48.76916603172' lon='11.43909253053' />
  <node id='2248' visible='true' version='1' lat='48.76923123388' lon='11.43868183303' />
  <node id='2249' visible='true' version='1' lat='48.76920992673' lon='11.43871124053' />
  <node id='2250' visible='true' version='1' lat='48.76930653905' lon='11.43886280434' />
  <node id='2251' action='modify' visible='true' version='1' lat='48.76926186084' lon='11.43888186345' />
  <node id='2252' visible='true' version='1' lat='48.76926145447' lon='11.43885490088' />
  <node id='2253' visible='true' version='1' lat='48.76924084336' lon='11.43879925491' />
  <node id='2254' visible='true' version='1' lat='48.7691827983' lon='11.43882490244' />
  <node id='2255' visible='true' version='1' lat='48.76918649314' lon='11.43874489542' />
  <node id='2256' visible='true' version='1' lat='48.77220986737' lon='11.44144854195' />
  <node id='2257' visible='true' version='1' lat='48.77225009988' lon='11.44148849988' />
  <node id='2258' visible='true' version='1' lat='48.77221906573' lon='11.44145767403' />
  <node id='2259' action='modify' visible='true' version='1' lat='48.77202803812' lon='11.44129551277' />
  <node id='2260' action='modify' visible='true' version='1' lat='48.77200930815' lon='11.44128242278' />
  <node id='2261' visible='true' version='1' lat='48.76974207692' lon='11.439148403' />
  <node id='2262' visible='true' version='1' lat='48.77053873294' lon='11.43993327885' />
  <node id='2263' visible='true' version='1' lat='48.77087213329' lon='11.44022393973' />
  <node id='2264' visible='true' version='1' lat='48.77135855328' lon='11.44063551293' />
  <node id='2265' visible='true' version='1' lat='48.77172846698' lon='11.44098343076' />
  <node id='2266' visible='true' version='1' lat='48.77196128435' lon='11.44120823193' />
  <node id='2267' visible='true' version='1' lat='48.77202245324' lon='11.44126377894' />
  <node id='2268' action='modify' visible='true' version='1' lat='48.76950679948' lon='11.43890068247' />
  <node id='2269' visible='true' version='1' lat='48.77219908457' lon='11.44161781459' />
  <node id='2270' visible='true' version='1' lat='48.77226585994' lon='11.44168832591' />
  <node id='2271' visible='true' version='1' lat='48.77238633203' lon='11.44201192548' />
  <node id='2272' visible='true' version='1' lat='48.77235984167' lon='11.44186870438' />
  <node id='2273' visible='true' version='1' lat='48.77233993413' lon='11.44181000314' />
  <node id='2274' visible='true' version='1' lat='48.77237721199' lon='11.44195630695' />
  <node id='2275' visible='true' version='1' lat='48.77236781273' lon='11.44190534495' />
  <node id='2276' visible='true' version='1' lat='48.7723490992' lon='11.44183550444' />
  <node id='2277' visible='true' version='1' lat='48.77230549792' lon='11.44174312415' />
  <node id='2278' visible='true' version='1' lat='48.77254966832' lon='11.44182323021' />
  <node id='2279' visible='true' version='1' lat='48.7725661546' lon='11.4418073784' />
  <node id='2280' visible='true' version='1' lat='48.77256712421' lon='11.4418213334' />
  <node id='2281' visible='true' version='1' lat='48.77256753678' lon='11.44182116959' />
  <node id='2282' visible='true' version='1' lat='48.77256814973' lon='11.4418072962' />
  <node id='2283' visible='true' version='1' lat='48.7727025911' lon='11.44208639137' />
  <node id='2284' visible='true' version='1' lat='48.77257346206' lon='11.44220233875' />
  <node id='2285' visible='true' version='1' lat='48.77259317878' lon='11.44214296997' />
  <node id='2286' visible='true' version='1' lat='48.77266213615' lon='11.44208592634' />
  <node id='2287' visible='true' version='1' lat='48.77307720654' lon='11.44231332565' />
  <node id='2288' visible='true' version='1' lat='48.77309130436' lon='11.44231735591' />
  <node id='2289' visible='true' version='1' lat='48.77310928419' lon='11.44230495512' />
  <node id='2290' visible='true' version='1' lat='48.7731195' lon='11.44227767338' />
  <node id='2291' visible='true' version='1' lat='48.77310969282' lon='11.44225194175' />
  <node id='2292' visible='true' version='1' lat='48.77248008849' lon='11.44139659751' />
  <node id='2293' visible='true' version='1' lat='48.77249020237' lon='11.44134513408' />
  <node id='2294' visible='true' version='1' lat='48.77250511783' lon='11.4414021774' />
  <node id='2295' visible='true' version='1' lat='48.77255068726' lon='11.44161188343' />
  <node id='2296' action='modify' visible='true' version='1' lat='48.7725312574' lon='11.44160105441' />
  <node id='2297' visible='true' version='1' lat='48.77250246149' lon='11.44166259427' />
  <node id='2298' visible='true' version='1' lat='48.7724933692' lon='11.44183140016' />
  <node id='2299' visible='true' version='1' lat='48.77246251707' lon='11.44186054201' />
  <node id='2300' visible='true' version='1' lat='48.7725813629' lon='11.44210887056' />
  <node id='2301' visible='true' version='1' lat='48.77248672877' lon='11.44194087599' />
  <node id='2302' visible='true' version='1' lat='48.77257762893' lon='11.44197728801' />
  <node id='2303' visible='true' version='1' lat='48.77256912025' lon='11.44197579192' />
  <node id='2304' visible='true' version='1' lat='48.77254393805' lon='11.44195959331' />
  <node id='2305' visible='true' version='1' lat='48.77252115649' lon='11.44196401117' />
  <node id='2306' visible='true' version='1' lat='48.77252641769' lon='11.4419425423' />
  <node id='2307' visible='true' version='1' lat='48.77255967956' lon='11.44197746438' />
  <node id='2308' action='modify' visible='true' version='1' lat='48.77242396104' lon='11.44204450389' />
  <node id='2309' action='modify' visible='true' version='1' lat='48.77239009689' lon='11.44193455948' />
  <node id='2310' action='modify' visible='true' version='1' lat='48.7724071678' lon='11.44201865405' />
  <node id='2311' visible='true' version='1' lat='48.77239889868' lon='11.44195810774' />
  <node id='2312' visible='true' version='1' lat='48.77239393622' lon='11.44192696214' />
  <node id='2313' visible='true' version='1' lat='48.77238611657' lon='11.44188486425' />
  <node id='2314' visible='true' version='1' lat='48.77190870444' lon='11.43784431662' />
  <node id='2315' visible='true' version='1' lat='48.77181609324' lon='11.43781021426' />
  <node id='2316' visible='true' version='1' lat='48.77182584233' lon='11.43799273006' />
  <node id='2317' visible='true' version='1' lat='48.77182599232' lon='11.43793560853' />
  <node id='2318' visible='true' version='1' lat='48.77184639256' lon='11.4378846849' />
  <node id='2319' visible='true' version='1' lat='48.77199536119' lon='11.43780558321' />
  <node id='2320' visible='true' version='1' lat='48.77199689604' lon='11.43782963414' />
  <node id='2321' action='modify' visible='true' version='1' lat='48.77162114448' lon='11.43789005027' />
  <node id='2322' visible='true' version='1' lat='48.77189206504' lon='11.43847016614' />
  <node id='2323' visible='true' version='1' lat='48.77159512582' lon='11.43830480527' />
  <node id='2324' visible='true' version='1' lat='48.77163071825' lon='11.43854194213' />
  <node id='2325' visible='true' version='1' lat='48.77161376187' lon='11.43830155021' />
  <node id='2326' visible='true' version='1' lat='48.77163255366' lon='11.43823944471' />
  <node id='2327' visible='true' version='1' lat='48.7716352098' lon='11.4382972265' />
  <node id='2328' visible='true' version='1' lat='48.77161138205' lon='11.43855129195' />
  <node id='2329' visible='true' version='1' lat='48.77158946404' lon='11.43824101504' />
  <node id='2330' visible='true' version='1' lat='48.77146467497' lon='11.43825785565' />
  <node id='2331' visible='true' version='1' lat='48.771533219' lon='11.4382489802' />
  <node id='2332' visible='true' version='1' lat='48.77146257515' lon='11.43822235383' />
  <node id='2333' visible='true' version='1' lat='48.77144982625' lon='11.43793173952' />
  <node id='2334' visible='true' version='1' lat='48.77138878146' lon='11.43791194042' />
  <node id='2335' action='modify' visible='true' version='1' lat='48.77184859263' lon='11.43820275451' />
  <node id='2336' visible='true' version='1' lat='48.7718481242' lon='11.43825900365' />
  <node id='2337' action='modify' visible='true' version='1' lat='48.77164203036' lon='11.43823795772' />
  <node id='2338' action='modify' visible='true' version='1' lat='48.77184492358' lon='11.43813026546' />
  <node id='2339' visible='true' version='1' lat='48.77159628828' lon='11.4379350396' />
  <node id='2340' visible='true' version='1' lat='48.77160738744' lon='11.43820437534' />
  <node id='2341' visible='true' version='1' lat='48.77158451448' lon='11.43820801655' />
  <node id='2342' action='modify' visible='true' version='1' lat='48.77159088366' lon='11.43813044925' />
  <node id='2343' action='modify' visible='true' version='1' lat='48.77159830337' lon='11.43804273658' />
  <node id='2344' action='modify' visible='true' version='1' lat='48.77179767636' lon='11.4378584066' />
  <node id='2345' visible='true' version='1' lat='48.77184535431' lon='11.43816005817' />
  <node id='2346' action='modify' visible='true' version='1' lat='48.77184786223' lon='11.43819319103' />
  <node id='2347' visible='true' version='1' lat='48.77178009674' lon='11.43818366594' />
  <node id='2348' visible='true' version='1' lat='48.77172865148' lon='11.43818184533' />
  <node id='2349' visible='true' version='1' lat='48.77163070962' lon='11.43820004225' />
  <node id='2350' visible='true' version='1' lat='48.77184939012' lon='11.43793060187' />
  <node id='2351' visible='true' version='1' lat='48.77185029004' lon='11.43797566188' />
  <node id='2352' action='modify' visible='true' version='1' lat='48.77169820426' lon='11.4378592201' />
  <node id='2353' action='modify' visible='true' version='1' lat='48.77162925565' lon='11.43817033847' />
  <node id='2354' action='modify' visible='true' version='1' lat='48.77162042237' lon='11.43793043796' />
  <node id='2355' visible='true' version='1' lat='48.76912835712' lon='11.43861618768' />
  <node id='2356' visible='true' version='1' lat='48.76909151747' lon='11.438640045' />
  <node id='2357' visible='true' version='1' lat='48.76907204935' lon='11.4385100794' />
  <node id='2358' visible='true' version='1' lat='48.76902891995' lon='11.43853348229' />
  <node id='2359' visible='true' version='1' lat='48.76916721821' lon='11.43847815637' />
  <node id='2360' visible='true' version='1' lat='48.76916564579' lon='11.43852087234' />
  <node id='2361' visible='true' version='1' lat='48.76901993443' lon='11.43836784466' />
  <node id='2362' visible='true' version='1' lat='48.76896916755' lon='11.43839192908' />
  <node id='2363' visible='true' version='1' lat='48.76892692395' lon='11.43832099836' />
  <node id='2364' visible='true' version='1' lat='48.7691360197' lon='11.43851272587' />
  <node id='2365' visible='true' version='1' lat='48.76908779135' lon='11.43848530311' />
  <node id='2366' visible='true' version='1' lat='48.76902245756' lon='11.43844207715' />
  <node id='2367' visible='true' version='1' lat='48.76914274754' lon='11.43847035758' />
  <node id='2368' visible='true' version='1' lat='48.76904179887' lon='11.43839783638' />
  <node id='2369' visible='true' version='1' lat='48.76910002687' lon='11.4384453642' />
  <node id='2370' visible='true' version='1' lat='48.76889159435' lon='11.43841737689' />
  <node id='2371' visible='true' version='1' lat='48.76892943345' lon='11.4384084719' />
  <node id='2372' visible='true' version='1' lat='48.76895770759' lon='11.4383731294' />
  <node id='2373' visible='true' version='1' lat='48.76896750377' lon='11.43832846814' />
  <node id='2374' visible='true' version='1' lat='48.76828979895' lon='11.43841719744' />
  <node id='2375' visible='true' version='1' lat='48.76839710904' lon='11.4383873486' />
  <node id='2376' visible='true' version='1' lat='48.76851231058' lon='11.43836035475' />
  <node id='2377' visible='true' version='1' lat='48.76862341975' lon='11.43833665925' />
  <node id='2378' visible='true' version='1' lat='48.7686913941' lon='11.43832703361' />
  <node id='2379' visible='true' version='1' lat='48.76817458956' lon='11.43845701589' />
  <node id='2380' visible='true' version='1' lat='48.76829365739' lon='11.43844568862' />
  <node id='2381' visible='true' version='1' lat='48.76840030051' lon='11.4384160253' />
  <node id='2382' visible='true' version='1' lat='48.76851510734' lon='11.43838912394' />
  <node id='2383' visible='true' version='1' lat='48.76862564545' lon='11.43836555022' />
  <node id='2384' visible='true' version='1' lat='48.76869271513' lon='11.43835605268' />
  <node id='2385' visible='true' version='1' lat='48.76817884666' lon='11.43848536929' />
  <node id='2386' visible='true' version='1' lat='48.76919649528' lon='11.43833194496' />
  <node id='2387' visible='true' version='1' lat='48.76936116803' lon='11.43831262627' />
  <node id='2388' visible='true' version='1' lat='48.76943416084' lon='11.43829998549' />
  <node id='2389' visible='true' version='1' lat='48.76959452705' lon='11.43826996895' />
  <node id='2390' visible='true' version='1' lat='48.76987820953' lon='11.43821566394' />
  <node id='2391' visible='true' version='1' lat='48.77006489829' lon='11.43817941804' />
  <node id='2392' visible='true' version='1' lat='48.77028795093' lon='11.4381385384' />
  <node id='2393' visible='true' version='1' lat='48.77060659012' lon='11.4380748367' />
  <node id='2394' visible='true' version='1' lat='48.770822634' lon='11.43803520524' />
  <node id='2395' visible='true' version='1' lat='48.77096678295' lon='11.43800903978' />
  <node id='2396' visible='true' version='1' lat='48.76928616965' lon='11.43832558866' />
  <node id='2397' visible='true' version='1' lat='48.77102124176' lon='11.43799904425' />
  <node id='2398' visible='true' version='1' lat='48.76936363668' lon='11.43834576256' />
  <node id='2399' visible='true' version='1' lat='48.76943674388' lon='11.43833310198' />
  <node id='2400' visible='true' version='1' lat='48.76959723897' lon='11.43830306132' />
  <node id='2401' visible='true' version='1' lat='48.76988097061' lon='11.43824874689' />
  <node id='2402' visible='true' version='1' lat='48.77006760182' lon='11.43821251217' />
  <node id='2403' visible='true' version='1' lat='48.77029069508' lon='11.43817162508' />
  <node id='2404' visible='true' version='1' lat='48.77060933543' lon='11.43810792315' />
  <node id='2405' visible='true' version='1' lat='48.77082526307' lon='11.43806831301' />
  <node id='2406' visible='true' version='1' lat='48.77096938853' lon='11.43804215185' />
  <node id='2407' visible='true' version='1' lat='48.76928792313' lon='11.43835887996' />
  <node id='2408' visible='true' version='1' lat='48.76916115337' lon='11.43836716268' />
  <node id='2409' visible='true' version='1' lat='48.76919604617' lon='11.43836738989' />
  <node id='2410' visible='true' version='1' lat='48.76924057937' lon='11.43836490175' />
  <node id='2411' visible='true' version='1' lat='48.76927771361' lon='11.43836036696' />
  <node id='2412' visible='true' version='1' lat='48.76927646408' lon='11.43832683267' />
  <node id='2413' visible='true' version='1' lat='48.76923887592' lon='11.4383314903' />
  <node id='2414' visible='true' version='1' lat='48.76915711' lon='11.43832921818' />
  <node id='2415' visible='true' version='1' lat='48.76912656007' lon='11.4383242195' />
  <node id='2416' visible='true' version='1' lat='48.76910709196' lon='11.43831558542' />
  <node id='2417' visible='true' version='1' lat='48.76908762385' lon='11.43829922612' />
  <node id='2418' visible='true' version='1' lat='48.76904689054' lon='11.4382537836' />
  <node id='2419' visible='true' version='1' lat='48.76893517328' lon='11.4381274534' />
  <node id='2420' visible='true' version='1' lat='48.76888785061' lon='11.43807337681' />
  <node id='2421' visible='true' version='1' lat='48.76883962937' lon='11.43802339004' />
  <node id='2422' visible='true' version='1' lat='48.76875217208' lon='11.4379306873' />
  <node id='2423' visible='true' version='1' lat='48.76867160343' lon='11.43784343767' />
  <node id='2424' visible='true' version='1' lat='48.76859043561' lon='11.43775755131' />
  <node id='2425' visible='true' version='1' lat='48.76849818569' lon='11.43767211938' />
  <node id='2426' visible='true' version='1' lat='48.76842899799' lon='11.43778436262' />
  <node id='2427' visible='true' version='1' lat='48.768514509' lon='11.43786729522' />
  <node id='2428' visible='true' version='1' lat='48.76860900523' lon='11.43795840746' />
  <node id='2429' visible='true' version='1' lat='48.76869900862' lon='11.43805338233' />
  <node id='2430' visible='true' version='1' lat='48.76878152405' lon='11.43814108638' />
  <node id='2431' visible='true' version='1' lat='48.76882466059' lon='11.43818824757' />
  <node id='2432' visible='true' version='1' lat='48.76900540827' lon='11.43820652361' />
  <node id='2433' visible='true' version='1' lat='48.76896692122' lon='11.43816221715' />
  <node id='2434' visible='true' version='1' lat='48.76880837358' lon='11.43831945887' />
  <node id='2435' visible='true' version='1' lat='48.76882914633' lon='11.43831876663' />
  <node id='2436' visible='true' version='1' lat='48.76883858093' lon='11.4383146768' />
  <node id='2437' visible='true' version='1' lat='48.76886041162' lon='11.43829731523' />
  <node id='2438' visible='true' version='1' lat='48.76886957198' lon='11.4382819178' />
  <node id='2439' visible='true' version='1' lat='48.76886909609' lon='11.43826463904' />
  <node id='2440' visible='true' version='1' lat='48.76886209254' lon='11.43824196877' />
  <node id='2441' visible='true' version='1' lat='48.77240465674' lon='11.44284594545' />
  <node id='2442' visible='true' version='1' lat='48.77241011736' lon='11.44268277257' />
  <node id='2443' visible='true' version='1' lat='48.77241502675' lon='11.44248857729' />
  <node id='2444' visible='true' version='1' lat='48.77241431966' lon='11.44236960736' />
  <node id='2445' visible='true' version='1' lat='48.7724008694' lon='11.44218072314' />
  <node id='2446' visible='true' version='1' lat='48.77237933748' lon='11.44204215474' />
  <node id='2447' visible='true' version='1' lat='48.77234967786' lon='11.44187500056' />
  <node id='2448' visible='true' version='1' lat='48.77232038636' lon='11.44179847293' />
  <node id='2449' visible='true' version='1' lat='48.77225663001' lon='11.44170887126' />
  <node id='2450' visible='true' version='1' lat='48.77218961918' lon='11.44163852383' />
  <node id='2451' visible='true' version='1' lat='48.77215799455' lon='11.44160743508' />
  <node id='2452' visible='true' version='1' lat='48.7723966553' lon='11.44305765636' />
  <node id='2453' visible='true' version='1' lat='48.77240926247' lon='11.44226235139' />
  <node id='2454' visible='true' version='1' lat='48.77239220488' lon='11.44212127587' />
  <node id='2455' visible='true' version='1' lat='48.77237475325' lon='11.44201400485' />
  <node id='2456' visible='true' version='1' lat='48.77236819529' lon='11.44196994478' />
  <node id='2457' visible='true' version='1' lat='48.77235732713' lon='11.44191016193' />
  <node id='2458' visible='true' version='1' lat='48.77233954581' lon='11.44184368713' />
  <node id='2459' visible='true' version='1' lat='48.77205568944' lon='11.44150995053' />
  <node id='2460' visible='true' version='1' lat='48.77229628841' lon='11.44175767917' />
  <node id='2461' visible='true' version='1' lat='48.77214696191' lon='11.44159672142' />
  <node id='2462' visible='true' version='1' lat='48.77199181539' lon='11.4414495538' />
  <node id='2463' visible='true' version='1' lat='48.7718981338' lon='11.44136016594' />
  <node id='2464' visible='true' version='1' lat='48.77166447708' lon='11.44113992744' />
  <node id='2465' visible='true' version='1' lat='48.77129608802' lon='11.44079651968' />
  <node id='2466' visible='true' version='1' lat='48.77080855128' lon='11.44037840863' />
  <node id='2467' visible='true' version='1' lat='48.7704774279' lon='11.44008584272' />
  <node id='2468' visible='true' version='1' lat='48.76967797021' lon='11.43929307205' />
  <node id='2469' visible='true' version='1' lat='48.76945851259' lon='11.43907265453' />
  <node id='2470' visible='true' version='1' lat='48.76939768972' lon='11.43901475037' />
  <node id='2471' visible='true' version='1' lat='48.77242659967' lon='11.44284525553' />
  <node id='2472' visible='true' version='1' lat='48.77243147846' lon='11.4426860155' />
  <node id='2473' visible='true' version='1' lat='48.77243333852' lon='11.44248856687' />
  <node id='2474' visible='true' version='1' lat='48.77243106072' lon='11.44236826032' />
  <node id='2475' visible='true' version='1' lat='48.77241484204' lon='11.44217272127' />
  <node id='2476' visible='true' version='1' lat='48.77239026016' lon='11.44203604419' />
  <node id='2477' visible='true' version='1' lat='48.77200038696' lon='11.44142828968' />
  <node id='2478' visible='true' version='1' lat='48.77190662221' lon='11.44133882309' />
  <node id='2479' visible='true' version='1' lat='48.77167311114' lon='11.44111872184' />
  <node id='2480' visible='true' version='1' lat='48.77130443223' lon='11.44077504383' />
  <node id='2481' visible='true' version='1' lat='48.77081672683' lon='11.44035678807' />
  <node id='2482' visible='true' version='1' lat='48.77048606092' lon='11.4400646263' />
  <node id='2483' visible='true' version='1' lat='48.76968699825' lon='11.43927224722' />
  <node id='2484' visible='true' version='1' lat='48.76946745145' lon='11.43905174008' />
  <node id='2485' visible='true' version='1' lat='48.77241750773' lon='11.44305945397' />
  <node id='2486' visible='true' version='1' lat='48.77242648024' lon='11.44225785176' />
  <node id='2487' visible='true' version='1' lat='48.77240536027' lon='11.44212160011' />
  <node id='2488' visible='true' version='1' lat='48.77215584905' lon='11.44157575644' />
  <node id='2489' visible='true' version='1' lat='48.772064608' lon='11.44148901586' />
  <node id='2490' visible='true' version='1' lat='48.7694064976' lon='11.4389937097' />
  <node id='2491' visible='true' version='1' lat='48.76870457255' lon='11.438605756' />
  <node id='2492' visible='true' version='1' lat='48.76864434747' lon='11.4386142843' />
  <node id='2493' visible='true' version='1' lat='48.76853846031' lon='11.43863686615' />
  <node id='2494' visible='true' version='1' lat='48.76842686813' lon='11.43866301427' />
  <node id='2495' visible='true' version='1' lat='48.76832565707' lon='11.43869116665' />
  <node id='2496' visible='true' version='1' lat='48.76890001747' lon='11.43859703622' />
  <node id='2497' visible='true' version='1' lat='48.76821409318' lon='11.43872972519' />
  <node id='2498' visible='true' version='1' lat='48.76880278944' lon='11.43860373575' />
  <node id='2499' visible='true' version='1' lat='48.76881538551' lon='11.43860404378' />
  <node id='2500' visible='true' version='1' lat='48.76894726974' lon='11.43860917546' />
  <node id='2501' visible='true' version='1' lat='48.76884947145' lon='11.43860597807' />
  <node id='2502' visible='true' version='1' lat='48.76870322193' lon='11.43857574261' />
  <node id='2503' visible='true' version='1' lat='48.76864250068' lon='11.43858434117' />
  <node id='2504' visible='true' version='1' lat='48.7685362872' lon='11.43860699261' />
  <node id='2505' visible='true' version='1' lat='48.76842446947' lon='11.43863319358' />
  <node id='2506' visible='true' version='1' lat='48.76832287728' lon='11.43866145197' />
  <node id='2507' visible='true' version='1' lat='48.76890399956' lon='11.43857867724' />
  <node id='2508' visible='true' version='1' lat='48.76880130005' lon='11.43856864249' />
  <node id='2509' visible='true' version='1' lat='48.76821108559' lon='11.43870008924' />
  <node id='2510' visible='true' version='1' lat='48.76881352574' lon='11.43856858576' />
  <node id='2511' visible='true' version='1' lat='48.7689503296' lon='11.4385889677' />
  <node id='2512' visible='true' version='1' lat='48.76884916206' lon='11.43857037141' />
  <node id='2513' visible='true' version='1' lat='48.76921618791' lon='11.43886180482' />
  <node id='2514' visible='true' version='1' lat='48.76909196658' lon='11.43910855758' />
  <node id='2515' visible='true' version='1' lat='48.76911233322' lon='11.43900722076' />
  <node id='2516' visible='true' version='1' lat='48.7691470763' lon='11.43884112836' />
  <node id='2517' visible='true' version='1' lat='48.76900151464' lon='11.43863868195' />
  <node id='2518' visible='true' version='1' lat='48.76907264822' lon='11.43868639659' />
  <node id='2519' action='modify' visible='true' version='1' lat='48.76916897743' lon='11.43875824016' />
  <node id='2520' visible='true' version='1' lat='48.76914962212' lon='11.43878296194' />
  <node id='2521' visible='true' version='1' lat='48.76915096984' lon='11.43880477446' />
  <node id='2522' visible='true' version='1' lat='48.7691431826' lon='11.43876444423' />
  <node id='2523' visible='true' version='1' lat='48.76913135199' lon='11.43874638083' />
  <node id='2524' action='modify' visible='true' version='1' lat='48.7691685318' lon='11.4387717053' />
  <node id='2525' action='modify' visible='true' version='1' lat='48.76915728767' lon='11.43871664528' />
  <node id='2526' visible='true' version='1' lat='48.76913973847' lon='11.43872911233' />
  <node id='2527' visible='true' version='1' lat='48.76907863856' lon='11.43866731051' />
  <node id='2528' visible='true' version='1' lat='48.76900735524' lon='11.43861823259' />
  <node id='2529' visible='true' version='1' lat='48.7691768776' lon='11.43903085065' />
  <node id='2530' visible='true' version='1' lat='48.7692933863' lon='11.43891497245' />
  <node id='2531' visible='true' version='1' lat='48.76921169535' lon='11.43887237009' />
  <node id='2532' visible='true' version='1' lat='48.76922060574' lon='11.43885612439' />
  <node id='2533' action='modify' visible='true' version='1' lat='48.76923052816' lon='11.43885218417' />
  <node id='2534' visible='true' version='1' lat='48.76930203144' lon='11.43889402648' />
  <node id='2535' visible='true' version='1' lat='48.77187929271' lon='11.43787533028' />
  <node id='2536' action='modify' visible='true' version='1' lat='48.77182453198' lon='11.43788994407' />
  <node id='2537' visible='true' version='1' lat='48.77239049642' lon='11.44174357859' />
  <node id='2538' visible='true' version='1' lat='48.77233851443' lon='11.4416677225' />
  <node id='2539' visible='true' version='1' lat='48.7723669637' lon='11.44170535712' />
  <node id='2540' visible='true' version='1' lat='48.77163544411' lon='11.43801261788' />
  <node id='2541' visible='true' version='1' lat='48.77163164779' lon='11.43797070776' />
  <node id='2542' visible='true' version='1' lat='48.77180795666' lon='11.43797545329' />
  <node id='2543' visible='true' version='1' lat='48.7718045951' lon='11.43793208066' />
  <node id='2544' visible='true' version='1' lat='48.77151348122' lon='11.43791656908' />
  <node id='2545' visible='true' version='1' lat='48.77150928282' lon='11.43788237091' />
  <node id='2546' visible='true' version='1' lat='48.77151790058' lon='11.4378796887' />
  <node id='2547' visible='true' version='1' lat='48.77154286998' lon='11.4378713068' />
  <node id='2548' visible='true' version='1' lat='48.77155811678' lon='11.43786124852' />
  <node id='2549' visible='true' version='1' lat='48.77156739744' lon='11.43784113195' />
  <node id='2550' visible='true' version='1' lat='48.77156982809' lon='11.43780324575' />
  <node id='2551' visible='true' version='1' lat='48.77156850228' lon='11.43777977642' />
  <node id='2552' action='modify' visible='true' version='1' lat='48.77180703232' lon='11.43782117916' />
  <node id='2553' visible='true' version='1' lat='48.77189730148' lon='11.43784565834' />
  <node id='2554' visible='true' version='1' lat='48.7718648195' lon='11.43826089766' />
  <node id='2555' visible='true' version='1' lat='48.77187659666' lon='11.43825873054' />
  <node id='2556' action='modify' visible='true' version='1' lat='48.77187973475' lon='11.43822284382' />
  <node id='2557' action='modify' visible='true' version='1' lat='48.77189089356' lon='11.43819736283' />
  <node id='2558' action='modify' visible='true' version='1' lat='48.77190448301' lon='11.43817942556' />
  <node id='2559' action='modify' visible='true' version='1' lat='48.77192193936' lon='11.43817272003' />
  <node id='2560' visible='true' version='1' lat='48.77189597568' lon='11.43782118319' />
  <node id='2561' visible='true' version='1' lat='48.77187520482' lon='11.4378216861' />
  <node id='2562' visible='true' version='1' lat='48.77185752749' lon='11.43781280128' />
  <node id='2563' visible='true' version='1' lat='48.77184239126' lon='11.43779385818' />
  <node id='2564' visible='true' version='1' lat='48.77183752999' lon='11.43775764836' />
  <node id='2565' visible='true' version='1' lat='48.7718114559' lon='11.43776217459' />
  <node id='2566' action='modify' visible='true' version='1' lat='48.77187947917' lon='11.43813571521' />
  <node id='2567' action='modify' visible='true' version='1' lat='48.77160613078' lon='11.43817538979' />
  <node id='2568' visible='true' version='1' lat='48.7692148318' lon='11.43873592701' />
  <node id='2569' visible='true' version='1' lat='48.7691947805' lon='11.43874721279' />
  <node id='2570' action='modify' visible='true' version='1' lat='48.76917539616' lon='11.43877895808' />
  <node id='2571' visible='true' version='1' lat='48.76911262878' lon='11.43970527716' />
  <node id='2572' visible='true' version='1' lat='48.76909924854' lon='11.43937308275' />
  <node id='2573' visible='true' version='1' lat='48.76909763149' lon='11.43928279653' />
  <node id='2574' visible='true' version='1' lat='48.76909948669' lon='11.43921554582' />
  <node id='2575' visible='true' version='1' lat='48.76910600489' lon='11.43913510005' />
  <node id='2576' visible='true' version='1' lat='48.76915095868' lon='11.43970871197' />
  <node id='2577' visible='true' version='1' lat='48.7691364053' lon='11.43936130629' />
  <node id='2578' visible='true' version='1' lat='48.76913317121' lon='11.43927298281' />
  <node id='2579' visible='true' version='1' lat='48.76913478826' lon='11.4392175353' />
  <node id='2580' visible='true' version='1' lat='48.76914125643' lon='11.43914196966' />
  <node id='2581' action='modify' visible='true' version='1' lat='48.76907286473' lon='11.43839015133' />
  <node id='2582' action='modify' visible='true' version='1' lat='48.76916471445' lon='11.43880616058' />
  <node id='2583' action='modify' visible='true' version='1' lat='48.76915923628' lon='11.43884679312' />
  <node id='2584' visible='true' version='1' lat='48.76914287347' lon='11.43893244674' />
  <node id='2585' visible='true' version='1' lat='48.76913187758' lon='11.43898445946' />
  <node id='2586' visible='true' version='1' lat='48.76911667737' lon='11.43906395059' />
  <node id='2587' action='modify' visible='true' version='1' lat='48.76924809966' lon='11.4388107077' />
  <node id='2588' action='modify' visible='true' version='1' lat='48.76922044309' lon='11.43881247836' />
  <node id='2589' action='modify' visible='true' version='1' lat='48.76920870603' lon='11.43882444691' />
  <node id='2590' action='modify' visible='true' version='1' lat='48.76920003848' lon='11.4388434894' />
  <node id='2591' action='modify' visible='true' version='1' lat='48.76919487201' lon='11.4388635953' />
  <node id='2592' visible='true' version='1' lat='48.7691787718' lon='11.43894127909' />
  <node id='2593' visible='true' version='1' lat='48.7691671291' lon='11.43899918004' />
  <node id='2594' visible='true' version='1' lat='48.7691519289' lon='11.43907474568' />
  <node id='2595' visible='true' version='1' lat='48.76881097426' lon='11.43813287418' />
  <node id='2596' visible='true' version='1' lat='48.76879528885' lon='11.43810073425' />
  <node id='2597' visible='true' version='1' lat='48.76878152397' lon='11.43811687736' />
  <node id='2598' visible='true' version='1' lat='48.76878437373' lon='11.43810515042' />
  <node id='2599' visible='true' version='1' lat='48.76900024989' lon='11.43833368754' />
  <node id='2600' visible='true' version='1' lat='48.76903113547' lon='11.43837208372' />
  <node id='2601' action='modify' visible='true' version='1' lat='48.76905207219' lon='11.4383850441' />
  <node id='2602' visible='true' version='1' lat='48.76855391033' lon='11.43784871392' />
  <node id='2603' visible='true' version='1' lat='48.76863444679' lon='11.43792887138' />
  <node id='2604' visible='true' version='1' lat='48.76871562507' lon='11.43801211824' />
  <node id='2605' visible='true' version='1' lat='48.76875960515' lon='11.43805936326' />
  <node id='2606' visible='true' version='1' lat='48.76878383184' lon='11.43808492076' />
  <node id='2607' visible='true' version='1' lat='48.76845759761' lon='11.43775358429' />
  <node id='2608' visible='true' version='1' lat='48.76856888888' lon='11.43781393861' />
  <node id='2609' visible='true' version='1' lat='48.76864962315' lon='11.43789429297' />
  <node id='2610' visible='true' version='1' lat='48.76873120422' lon='11.43797795291' />
  <node id='2611' visible='true' version='1' lat='48.76877538881' lon='11.43802541763' />
  <node id='2612' visible='true' version='1' lat='48.76881933493' lon='11.43807448795' />
  <node id='2613' visible='true' version='1' lat='48.7688639569' lon='11.43812892908' />
  <node id='2614' visible='true' version='1' lat='48.76890539469' lon='11.43818219339' />
  <node id='2615' visible='true' version='1' lat='48.76893958111' lon='11.43823161629' />
  <node id='2616' visible='true' version='1' lat='48.76847253604' lon='11.43772011871' />
  <node id='2617' visible='true' version='1' lat='48.76895682559' lon='11.43826139034' />
  <node id='2618' visible='true' version='1' lat='48.76848149911' lon='11.43769788032' />
  <node id='2619' visible='true' version='1' lat='48.76857787601' lon='11.4377930734' />
  <node id='2620' visible='true' version='1' lat='48.76865872897' lon='11.4378735459' />
  <node id='2621' visible='true' version='1' lat='48.76843557448' lon='11.43776952048' />
  <node id='2622' visible='true' version='1' lat='48.7685222491' lon='11.43785293709' />
  <node id='2623' visible='true' version='1' lat='48.76861668545' lon='11.43794224194' />
  <node id='2624' action='modify' visible='true' version='1' lat='48.76895309681' lon='11.43820120235' />
  <node id='2625' action='modify' visible='true' version='1' lat='48.76891987192' lon='11.43815579733' />
  <node id='2626' visible='true' version='1' lat='48.76887638418' lon='11.43810416881' />
  <node id='2627' visible='true' version='1' lat='48.76882948968' lon='11.43805264678' />
  <node id='2628' visible='true' version='1' lat='48.76878485901' lon='11.43800505024' />
  <node id='2629' visible='true' version='1' lat='48.76874055172' lon='11.4379574537' />
  <node id='2630' visible='true' version='1' lat='48.76886603505' lon='11.43836226963' />
  <node id='2631' visible='true' version='1' lat='48.76889417174' lon='11.43833135642' />
  <node id='2632' visible='true' version='1' lat='48.76890225699' lon='11.43830142457' />
  <node id='2633' visible='true' version='1' lat='48.76889830425' lon='11.43826594953' />
  <node id='2634' visible='true' version='1' lat='48.76889054227' lon='11.43824730774' />
  <node id='2635' visible='true' version='1' lat='48.76887832464' lon='11.43822536824' />
  <node id='2636' visible='true' version='1' lat='48.76886021367' lon='11.43820181532' />
  <node id='2637' visible='true' version='1' lat='48.76883240037' lon='11.4381709021' />
  <node id='2638' visible='true' version='1' lat='48.76878906335' lon='11.43812477762' />
  <node id='2639' visible='true' version='1' lat='48.76874410924' lon='11.43807767176' />
  <node id='2640' visible='true' version='1' lat='48.76870788719' lon='11.43803890757' />
  <node id='2641' visible='true' version='1' lat='48.76888188215' lon='11.4383495118' />
  <node id='2642' visible='true' version='1' lat='48.76890161017' lon='11.43835098386' />
  <node id='2643' visible='true' version='1' lat='48.76895141529' lon='11.43835343728' />
  <node id='2644' visible='true' version='1' lat='48.76901972639' lon='11.4383601522' />
  <node id='2645' visible='true' version='1' lat='48.7689844029' lon='11.43823812632' />
  <node id='2646' visible='true' version='1' lat='48.76899054768' lon='11.43823444618' />
  <node id='2647' visible='true' version='1' lat='48.7689978244' lon='11.43823395549' />
  <node id='2648' visible='true' version='1' lat='48.76900882032' lon='11.43824376921' />
  <node id='2649' visible='true' version='1' lat='48.76903356112' lon='11.43827468243' />
  <node id='2650' visible='true' version='1' lat='48.76905797851' lon='11.4383019155' />
  <node id='2651' visible='true' version='1' lat='48.76908174907' lon='11.4383264498' />
  <node id='2652' visible='true' version='1' lat='48.76910034507' lon='11.43834018901' />
  <node id='2653' visible='true' version='1' lat='48.76912314539' lon='11.43835294684' />
  <node id='2654' visible='true' version='1' lat='48.76913351911' lon='11.43835851223' />
  <node id='2655' visible='true' version='1' lat='48.76914010038' lon='11.43836693139' />
  <node id='2656' visible='true' version='1' lat='48.76910117166' lon='11.43836709388' />
  <node id='2657' visible='true' version='1' lat='48.76905328908' lon='11.43834975739' />
  <node id='2658' visible='true' version='1' lat='48.76903339942' lon='11.43832252431' />
  <node id='2659' visible='true' version='1' lat='48.76900898202' lon='11.43829013904' />
  <node id='2660' action='modify' visible='true' version='1' lat='48.768982112' lon='11.438248071' />
  <node id='2661' visible='true' version='1' lat='48.76923165767' lon='11.4387355606' />
  <node id='2662' visible='true' version='1' lat='48.76924722168' lon='11.43869927274' />
  <node id='2663' visible='true' version='1' lat='48.76910454955' lon='11.43860196973' />
  <node id='2664' visible='true' version='1' lat='48.7690552297' lon='11.43856492294' />
  <node id='2665' visible='true' version='1' lat='48.76900025013' lon='11.43853253767' />
  <node id='2666' visible='true' version='1' lat='48.76888705655' lon='11.43846948476' />
  <node id='2667' visible='true' version='1' lat='48.76888948213' lon='11.43842777646' />
  <node id='2668' visible='true' version='1' lat='48.76889530351' lon='11.43838557746' />
  <node id='2669' action='modify' visible='true' version='1' lat='48.76921296638' lon='11.43860337359' />
  <node id='2670' visible='true' version='1' lat='48.76894370481' lon='11.43840201399' />
  <node id='2671' visible='true' version='1' lat='48.76900468827' lon='11.43843335116' />
  <node id='2672' visible='true' version='1' lat='48.76907184421' lon='11.43847651643' />
  <node id='2673' visible='true' version='1' lat='48.76911925381' lon='11.43851516729' />
  <node id='2674' visible='true' version='1' lat='48.7691525954' lon='11.43854869287' />
  <node id='2675' visible='true' version='1' lat='48.76893288062' lon='11.4384406291' />
  <node id='2676' visible='true' version='1' lat='48.76899182953' lon='11.43846808251' />
  <node id='2677' visible='true' version='1' lat='48.76905966773' lon='11.43851098127' />
  <node id='2678' visible='true' version='1' lat='48.7691053013' lon='11.43854842036' />
  <node id='2679' visible='true' version='1' lat='48.76913804971' lon='11.43857984335' />
  <node id='2680' visible='true' version='1' lat='48.76918200382' lon='11.43862813221' />
  <node id='2681' visible='true' version='1' lat='48.76892392578' lon='11.43848199652' />
  <node id='2682' visible='true' version='1' lat='48.76898213952' lon='11.43850947494' />
  <node id='2683' visible='true' version='1' lat='48.7690481147' lon='11.43854873031' />
  <node id='2684' visible='true' version='1' lat='48.76909113798' lon='11.43858623243' />
  <node id='2685' visible='true' version='1' lat='48.76912171181' lon='11.43861690986' />
  <node id='2686' visible='true' version='1' lat='48.7691596756' lon='11.43865500232' />
  <node id='2687' action='modify' visible='true' version='1' lat='48.76926564392' lon='11.43866896789' />
  <node id='2688' visible='true' version='1' lat='48.76935971822' lon='11.43875948018' />
  <node id='2689' action='modify' visible='true' version='1' lat='48.76937181323' lon='11.43880615215' />
  <node id='2690' visible='true' version='1' lat='48.76938413545' lon='11.43884363283' />
  <node id='2691' visible='true' version='1' lat='48.76940434838' lon='11.43888190633' />
  <node id='2692' action='modify' visible='true' version='1' lat='48.76942195793' lon='11.43850137146' />
  <node id='2693' action='modify' visible='true' version='1' lat='48.76939893728' lon='11.43852034057' />
  <node id='2694' action='modify' visible='true' version='1' lat='48.76937708365' lon='11.43855674917' />
  <node id='2695' visible='true' version='1' lat='48.76919688249' lon='11.43848027986' />
  <node id='2696' action='modify' visible='true' version='1' lat='48.76919715469' lon='11.43852743029' />
  <node id='2697' visible='true' version='1' lat='48.76919995487' lon='11.43857326485' />
  <node id='2698' action='modify' visible='true' version='1' lat='48.76934378278' lon='11.4387399162' />
  <node id='2699' action='modify' visible='true' version='1' lat='48.76935136321' lon='11.4386972344' />
  <node id='2700' action='modify' visible='true' version='1' lat='48.76935337267' lon='11.43865840474' />
  <node id='2701' action='modify' visible='true' version='1' lat='48.76936306994' lon='11.43858704661' />
  <node id='2702' action='modify' visible='true' version='1' lat='48.76921467537' lon='11.43861287054' />
  <node id='2703' action='modify' visible='true' version='1' lat='48.76922899677' lon='11.43862790162' />
  <node id='2704' action='modify' visible='true' version='1' lat='48.76925288485' lon='11.4386546643' />
  <node id='2705' visible='true' version='1' lat='48.7692877944' lon='11.43862825439' />
  <node id='2706' action='modify' visible='true' version='1' lat='48.76935691709' lon='11.43861942147' />
  <node id='2707' visible='true' version='1' lat='48.76926989199' lon='11.43863042952' />
  <node id='2708' visible='true' version='1' lat='48.76928064529' lon='11.4386434327' />
  <node id='2709' action='modify' visible='true' version='1' lat='48.76935214703' lon='11.43872579279' />
  <node id='2710' action='modify' visible='true' version='1' lat='48.77220994243' lon='11.44147799924' />
  <node id='2711' visible='true' version='1' lat='48.77271673331' lon='11.44189030184' />
  <node id='2712' visible='true' version='1' lat='48.77273209396' lon='11.44185767147' />
  <node id='2713' visible='true' version='1' lat='48.77276152201' lon='11.4417796524' />
  <node id='2714' visible='true' version='1' lat='48.77274648476' lon='11.44181964306' />
  <node id='2715' visible='true' version='1' lat='48.77258000798' lon='11.44203949299' />
  <node id='2716' visible='true' version='1' lat='48.77256394345' lon='11.44210912991' />
  <node id='2717' visible='true' version='1' lat='48.77253321157' lon='11.4421015424' />
  <node id='2718' visible='true' version='1' lat='48.77219478623' lon='11.44123977527' />
  <node id='2719' visible='true' version='1' lat='48.77210213525' lon='11.44137913009' />
  <node id='2720' action='modify' visible='true' version='1' lat='48.77243280394' lon='11.44211588057' />
  <node id='2721' visible='true' version='1' lat='48.77244594564' lon='11.44225713451' />
  <node id='2722' visible='true' version='1' lat='48.77247289992' lon='11.4422242139' />
  <node id='2723' visible='true' version='1' lat='48.77218670159' lon='11.4411496116' />
  <node id='2724' visible='true' version='1' lat='48.77219486692' lon='11.44119715738' />
  <node id='2725' visible='true' version='1' lat='48.77202744806' lon='11.44136472499' />
  <node id='2726' visible='true' version='1' lat='48.77206016749' lon='11.44138181951' />
  <node id='2727' visible='true' version='1' lat='48.77207918522' lon='11.44138340999' />
  <node id='2728' visible='true' version='1' lat='48.77243153591' lon='11.44177898711' />
  <node id='2729' visible='true' version='1' lat='48.77240652853' lon='11.4417896661' />
  <node id='2730' action='modify' visible='true' version='1' lat='48.77206472563' lon='11.44130270798' />
  <node id='2731' visible='true' version='1' lat='48.77227769879' lon='11.44151353828' />
  <node id='2732' visible='true' version='1' lat='48.77229197359' lon='11.44150156054' />
  <node id='2733' visible='true' version='1' lat='48.77224195882' lon='11.44142476246' />
  <node id='2734' visible='true' version='1' lat='48.77233210543' lon='11.44133933053' />
  <node id='2735' visible='true' version='1' lat='48.77224210841' lon='11.44110621064' />
  <node id='2736' visible='true' version='1' lat='48.77224944594' lon='11.44121640874' />
  <node id='2737' visible='true' version='1' lat='48.77222473795' lon='11.44123913' />
  <node id='2738' visible='true' version='1' lat='48.772580382' lon='11.44205345991' />
  <node id='2739' action='modify' visible='true' version='1' lat='48.77257821808' lon='11.44198790627' />
  <node id='2740' action='modify' visible='true' version='1' lat='48.77258375478' lon='11.4419837693' />
  <node id='2741' visible='true' version='1' lat='48.77262455656' lon='11.44202414949' />
  <node id='2742' action='modify' visible='true' version='1' lat='48.77245402974' lon='11.44141350853' />
  <node id='2743' action='modify' visible='true' version='1' lat='48.77247541583' lon='11.44141889097' />
  <node id='2744' action='modify' visible='true' version='1' lat='48.77248784007' lon='11.44142984567' />
  <node id='2745' action='modify' visible='true' version='1' lat='48.77251614658' lon='11.44155362606' />
  <node id='2746' action='modify' visible='true' version='1' lat='48.77250527181' lon='11.44156372512' />
  <node id='2747' action='modify' visible='true' version='1' lat='48.77246659919' lon='11.4413463061' />
  <node id='2748' visible='true' version='1' lat='48.77244860697' lon='11.44129297916' />
  <node id='2749' visible='true' version='1' lat='48.77243153606' lon='11.44124844549' />
  <node id='2750' visible='true' version='1' lat='48.7723929019' lon='11.44116346798' />
  <node id='2751' visible='true' version='1' lat='48.77229796328' lon='11.44155308116' />
  <node id='2752' visible='true' version='1' lat='48.77197750785' lon='11.43981200752' />
  <node id='2753' visible='true' version='1' lat='48.77200356367' lon='11.4399560603' />
  <node id='2754' visible='true' version='1' lat='48.77203471084' lon='11.44011056486' />
  <node id='2755' visible='true' version='1' lat='48.77207304579' lon='11.44026870482' />
  <node id='2756' visible='true' version='1' lat='48.7721221624' lon='11.44045683684' />
  <node id='2757' visible='true' version='1' lat='48.77217217744' lon='11.4406113414' />
  <node id='2758' visible='true' version='1' lat='48.77221770007' lon='11.44074721453' />
  <node id='2759' visible='true' version='1' lat='48.77226561858' lon='11.44086854605' />
  <node id='2760' visible='true' version='1' lat='48.7723362983' lon='11.44103804664' />
  <node id='2761' visible='true' version='1' lat='48.77200895453' lon='11.43797931079' />
  <node id='2762' visible='true' version='1' lat='48.77199893223' lon='11.43785693247' />
  <node id='2763' visible='true' version='1' lat='48.77200296468' lon='11.43789524214' />
  <node id='2764' visible='true' version='1' lat='48.77200655859' lon='11.43793568598' />
  <node id='2765' visible='true' version='1' lat='48.7715327713' lon='11.43821910854' />
  <node id='2766' visible='true' version='1' lat='48.77185845978' lon='11.43840556378' />
  <node id='2767' visible='true' version='1' lat='48.7718490255' lon='11.43828014026' />
  <node id='2768' visible='true' version='1' lat='48.77176187296' lon='11.43843282712' />
  <node id='2769' visible='true' version='1' lat='48.77178972585' lon='11.43842510189' />
  <node id='2770' visible='true' version='1' lat='48.77182027416' lon='11.43841828551' />
  <node id='2771' visible='true' version='1' lat='48.77184603057' lon='11.43840919701' />
  <node id='2772' action='modify' visible='true' version='1' lat='48.77182312628' lon='11.43813336289' />
  <node id='2773' action='modify' visible='true' version='1' lat='48.77180187252' lon='11.43789481425' />
  <node id='2774' action='modify' visible='true' version='1' lat='48.77164824884' lon='11.4381658394' />
  <node id='2775' action='modify' visible='true' version='1' lat='48.77162668204' lon='11.43792942321' />
  <node id='2776' visible='true' version='1' lat='48.77179384778' lon='11.43782271175' />
  <node id='2777' visible='true' version='1' lat='48.77181054048' lon='11.4379175092' />
  <node id='2778' visible='true' version='1' lat='48.77183839335' lon='11.43792091739' />
  <node id='2779' visible='true' version='1' lat='48.7717725848' lon='11.43787374799' />
  <node id='2780' visible='true' version='1' lat='48.77179334853' lon='11.43790755222' />
  <node id='2781' visible='true' version='1' lat='48.77186108076' lon='11.4378822902' />
  <node id='2782' action='modify' visible='true' version='1' lat='48.77187850822' lon='11.43812476362' />
  <node id='2783' visible='true' version='1' lat='48.77185218918' lon='11.43809083419' />
  <node id='2784' visible='true' version='1' lat='48.77182760308' lon='11.43811528452' />
  <node id='2785' visible='true' version='1' lat='48.77181322679' lon='11.43815287183' />
  <node id='2786' visible='true' version='1' lat='48.77180494472' lon='11.43820923279' />
  <node id='2787' visible='true' version='1' lat='48.77183974107' lon='11.43821243114' />
  <node id='2788' visible='true' version='1' lat='48.77184737814' lon='11.43817584991' />
  <node id='2789' visible='true' version='1' lat='48.77185696192' lon='11.43815471914' />
  <node id='2790' visible='true' version='1' lat='48.77187193656' lon='11.43813381558' />
  <node id='2791' action='modify' visible='true' version='1' lat='48.77189052992' lon='11.43812276783' />
  <node id='2792' visible='true' version='1' lat='48.7718295414' lon='11.43820678414' />
  <node id='2793' visible='true' version='1' lat='48.77180225431' lon='11.43821231437' />
  <node id='2794' action='modify' visible='true' version='1' lat='48.77165485329' lon='11.43823603623' />
  <node id='2795' visible='true' version='1' lat='48.77162074588' lon='11.43785003229' />
  <node id='2796' visible='true' version='1' lat='48.77165090074' lon='11.43784534872' />
  <node id='2797' visible='true' version='1' lat='48.77162141014' lon='11.43813358837' />
  <node id='2798' visible='true' version='1' lat='48.77167741555' lon='11.43819130037' />
  <node id='2799' visible='true' version='1' lat='48.77166234543' lon='11.43816192873' />
  <node id='2800' visible='true' version='1' lat='48.77164207599' lon='11.43813897502' />
  <node id='2801' visible='true' version='1' lat='48.77160156709' lon='11.4381364631' />
  <node id='2802' action='modify' visible='true' version='1' lat='48.77159562788' lon='11.43818862633' />
  <node id='2803' action='modify' visible='true' version='1' lat='48.77159026271' lon='11.43793023103' />
  <node id='2804' visible='true' version='1' lat='48.77164282398' lon='11.43793545899' />
  <node id='2805' visible='true' version='1' lat='48.77160493794' lon='11.43797135858' />
  <node id='2806' visible='true' version='1' lat='48.77157941613' lon='11.43798138849' />
  <node id='2807' visible='true' version='1' lat='48.77162559143' lon='11.43795985321' />
  <node id='2808' visible='true' version='1' lat='48.77165105695' lon='11.43789630532' />
  <node id='2809' action='modify' visible='true' version='1' lat='48.77157402264' lon='11.43793684345' />
  <node id='2810' visible='true' version='1' lat='48.7716067241' lon='11.43791362759' />
  <node id='2811' visible='true' version='1' lat='48.7716192182' lon='11.43788490274' />
  <node id='2812' visible='true' version='1' lat='48.77176756318' lon='11.43818584726' />
  <node id='2813' visible='true' version='1' lat='48.77185815989' lon='11.43808451045' />
  <node id='2814' action='modify' visible='true' version='1' lat='48.77168505057' lon='11.43786604321' />
  <node id='2815' visible='true' version='1' lat='48.77171275584' lon='11.43809768878' />
  <node id='2816' visible='true' version='1' lat='48.77173956053' lon='11.43806951442' />
  <node id='2817' visible='true' version='1' lat='48.77168100948' lon='11.43804679316' />
  <node id='2818' visible='true' version='1' lat='48.77169972786' lon='11.43800475883' />
  <node id='2819' visible='true' version='1' lat='48.77164117676' lon='11.43802384469' />
  <node id='2820' visible='true' version='1' lat='48.77165076058' lon='11.43797908381' />
  <node id='2821' visible='true' version='1' lat='48.77157963065' lon='11.43798294642' />
  <node id='2822' visible='true' version='1' lat='48.77162302162' lon='11.43797672712' />
  <node id='2823' visible='true' version='1' lat='48.77167524211' lon='11.43798873294' />
  <node id='2824' visible='true' version='1' lat='48.77171912944' lon='11.43803293998' />
  <node id='2825' visible='true' version='1' lat='48.77175324271' lon='11.43810818533' />
  <node id='2826' visible='true' version='1' lat='48.7717718863' lon='11.438218469' />
  <node id='2827' visible='true' version='1' lat='48.77172593372' lon='11.43812881668' />
  <node id='2828' visible='true' version='1' lat='48.77166303999' lon='11.43803156969' />
  <node id='2829' visible='true' version='1' lat='48.77161751686' lon='11.43802225397' />
  <node id='2830' visible='true' version='1' lat='48.77169718231' lon='11.4380679237' />
  <node id='2831' visible='true' version='1' lat='48.77183210399' lon='11.43808746421' />
  <node id='2832' visible='true' version='1' lat='48.7718753949' lon='11.43808179266' />
  <node id='2833' visible='true' version='1' lat='48.77174240572' lon='11.43806269804' />
  <node id='2834' action='modify' visible='true' version='1' lat='48.77168292003' lon='11.43784083492' />
  <node id='2835' visible='true' version='1' lat='48.77179731203' lon='11.43808755461' />
  <node id='2836' visible='true' version='1' lat='48.77176213509' lon='11.43807579227' />
  <node id='2837' visible='true' version='1' lat='48.77172362971' lon='11.43803369582' />
  <node id='2838' visible='true' version='1' lat='48.77170498173' lon='11.43799259251' />
  <node id='2839' visible='true' version='1' lat='48.77169440257' lon='11.43794792149' />
  <node id='2840' visible='true' version='1' lat='48.77173431954' lon='11.4379704495' />
  <node id='2841' visible='true' version='1' lat='48.77177430194' lon='11.43803066084' />
  <node id='2842' visible='true' version='1' lat='48.77180170558' lon='11.43804111262' />
  <node id='2843' visible='true' version='1' lat='48.7717265327' lon='11.43793159615' />
  <node id='2844' visible='true' version='1' lat='48.77174899473' lon='11.43800498582' />
  <node id='2845' visible='true' version='1' lat='48.77186553476' lon='11.43803385646' />
  <node id='2846' visible='true' version='1' lat='48.77158831592' lon='11.43809666644' />
  <node id='2847' visible='true' version='1' lat='48.77172099192' lon='11.43816948796' />
  <node id='2848' visible='true' version='1' lat='48.77174285489' lon='11.43820413799' />
  <node id='2849' visible='true' version='1' lat='48.77176311617' lon='11.43788288201' />
  <node id='2850' visible='true' version='1' lat='48.77173389422' lon='11.43787329524' />
  <node id='2851' visible='true' version='1' lat='48.77171980969' lon='11.43785482084' />
  <node id='2852' visible='true' version='1' lat='48.7717632478' lon='11.43785272363' />
  <node id='2853' visible='true' version='1' lat='48.77176153953' lon='11.43782686822' />
  <node id='2854' visible='true' version='1' lat='48.77173454714' lon='11.43784866516' />
  <node id='2855' visible='true' version='1' lat='48.77173081237' lon='11.43785277861' />
  <node id='2856' visible='true' version='1' lat='48.77171632154' lon='11.43784982763' />
  <node id='2857' visible='true' version='1' lat='48.7717149759' lon='11.43783539672' />
  <node id='2858' visible='true' version='1' lat='48.77171527323' lon='11.43820951437' />
  <node id='2859' visible='true' version='1' lat='48.77172312941' lon='11.43819963396' />
  <node id='2860' visible='true' version='1' lat='48.77173423349' lon='11.43819799024' />
  <node id='2861' visible='true' version='1' lat='48.77174498259' lon='11.43822392153' />
  <node id='2862' visible='true' version='1' lat='48.77168568364' lon='11.43823208223' />
  <node id='2863' visible='true' version='1' lat='48.77168528673' lon='11.43816771904' />
  <node id='2864' visible='true' version='1' lat='48.77169741212' lon='11.43810525304' />
  <node id='2865' visible='true' version='1' lat='48.77172406762' lon='11.43805351317' />
  <node id='2866' visible='true' version='1' lat='48.77175719625' lon='11.4380171488' />
  <node id='2867' visible='true' version='1' lat='48.77179404762' lon='11.43799092869' />
  <node id='2868' visible='true' version='1' lat='48.77182684116' lon='11.43797567324' />
  <node id='2869' visible='true' version='1' lat='48.77168502291' lon='11.4382016065' />
  <node id='2870' visible='true' version='1' lat='48.77185270092' lon='11.43796690658' />
  <node id='2871' visible='true' version='1' lat='48.77175047979' lon='11.43809818473' />
  <node id='2872' visible='true' version='1' lat='48.77183498646' lon='11.43801629772' />
  <node id='2873' visible='true' version='1' lat='48.77180813388' lon='11.43803467236' />
  <node id='2874' visible='true' version='1' lat='48.77173073522' lon='11.43813333622' />
  <node id='2875' visible='true' version='1' lat='48.77177496304' lon='11.43806622882' />
  <node id='2876' visible='true' version='1' lat='48.77171683998' lon='11.43822790058' />
  <node id='2877' action='modify' visible='true' version='1' lat='48.77189824539' lon='11.43787515776' />
  <node id='2878' visible='true' version='1' lat='48.7718639451' lon='11.43791883221' />
  <node id='2879' visible='true' version='1' lat='48.77186684096' lon='11.43796277158' />
  <node id='2880' visible='true' version='1' lat='48.77186184596' lon='11.43804275761' />
  <node id='2881' visible='true' version='1' lat='48.77185494945' lon='11.43803699688' />
  <node id='4567' visible='true' version='1' lat='48.7695064251' lon='11.43896918529' />
  <node id='4568' visible='true' version='1' lat='48.76940221248' lon='11.43886550656' />
  <node id='4569' visible='true' version='1' lat='48.7718922426' lon='11.43783754172' />
  <node id='4570' visible='true' version='1' lat='48.77172538312' lon='11.43784893485' />
  <node id='4571' visible='true' version='1' lat='48.77153695692' lon='11.43822724546' />
  <node id='4572' visible='true' version='1' lat='48.77172978854' lon='11.43820172968' />
  <node id='4573' visible='true' version='1' lat='48.77173015108' lon='11.43821221011' />
  <node id='4574' visible='true' version='1' lat='48.77186574433' lon='11.43802387079' />
  <node id='4575' visible='true' version='1' lat='48.77185804513' lon='11.43825614346' />
  <node id='4576' action='modify' visible='true' version='1' lat='48.77158157365' lon='11.43803854659' />
  <node id='4577' visible='true' version='1' lat='48.77158952546' lon='11.43778259475' />
  <node id='4578' visible='true' version='1' lat='48.7715802692' lon='11.43778477559' />
  <node id='4579' action='modify' visible='true' version='1' lat='48.77157457309' lon='11.43804004292' />
  <node id='4580' visible='true' version='1' lat='48.76944905448' lon='11.43891223692' />
  <node id='4581' visible='true' version='1' lat='48.77189260514' lon='11.43784802215' />
  <node id='4582' visible='true' version='1' lat='48.77258703848' lon='11.44203649305' />
  <node id='4583' visible='true' version='1' lat='48.77153659438' lon='11.43821676503' />
  <node id='4584' visible='true' version='1' lat='48.77185949831' lon='11.43847625498' />
  <node id='4585' visible='true' version='1' lat='48.77172502058' lon='11.43783845442' />
  <node id='4586' visible='true' version='1' lat='48.77185835017' lon='11.43802562881' />
  <node id='4587' visible='true' version='1' lat='48.77185065096' lon='11.43825790148' />
  <node id='4588' visible='true' version='1' lat='48.76957651793' lon='11.43916186125' />
  <node id='4589' action='modify' visible='true' version='1' lat='48.76936123425' lon='11.43858149043' />
  <node id='4590' visible='true' version='1' lat='48.76956886011' lon='11.43918354968' />
  <node id='4591' visible='true' version='1' lat='48.77240657894' lon='11.44153153399' />
  <node id='4592' visible='true' version='1' lat='48.77240629379' lon='11.4415218458' />
  <node id='4593' visible='true' version='1' lat='48.77257273604' lon='11.44181537802' />
  <node id='4594' visible='true' version='1' lat='48.77257773389' lon='11.44181596398' />
  <node id='4595' visible='true' version='1' lat='48.77258207823' lon='11.4420367057' />
  <node id='4596' visible='true' version='1' lat='48.76958689854' lon='11.43913707447' />
  <node id='4597' visible='true' version='1' lat='48.76963820583' lon='11.43901417349' />
  <node id='4598' visible='true' version='1' lat='48.7696235709' lon='11.43902308124' />
  <node id='4599' visible='true' version='1' lat='48.76960306496' lon='11.43909976534' />
  <node id='4600' visible='true' version='1' lat='48.76961310521' lon='11.43907730232' />
  <node id='4601' visible='true' version='1' lat='48.76962331564' lon='11.4390548393' />
  <way id='-102197' action='modify' visible='true'>
    <nd ref='2641' />
    <nd ref='-102167' />
    <nd ref='-102179' />
    <nd ref='1137' />
    <tag k='subtype' v='low' />
    <tag k='type' v='curbstone' />
  </way>
  <way id='2882' visible='true' version='1'>
    <nd ref='1031' />
    <nd ref='1030' />
    <nd ref='1029' />
    <nd ref='1028' />
    <nd ref='1027' />
    <nd ref='2730' />
    <tag k='subtype' v='high' />
    <tag k='type' v='curbstone' />
  </way>
  <way id='2883' visible='true' version='1'>
    <nd ref='1064' />
    <nd ref='1063' />
    <nd ref='1062' />
    <nd ref='1061' />
    <nd ref='1060' />
    <nd ref='1059' />
    <nd ref='1058' />
    <tag k='subtype' v='dashed' />
    <tag k='type' v='line_thin' />
  </way>
  <way id='2884' visible='true' version='1'>
    <nd ref='1068' />
    <nd ref='1069' />
    <nd ref='1070' />
    <nd ref='1071' />
    <nd ref='1072' />
    <nd ref='1073' />
    <nd ref='1074' />
    <tag k='subtype' v='solid' />
    <tag k='type' v='line_thin' />
  </way>
  <way id='2885' visible='true' version='1'>
    <nd ref='1095' />
    <nd ref='1096' />
    <nd ref='1097' />
    <nd ref='1098' />
    <tag k='subtype' v='high' />
    <tag k='type' v='curbstone' />
  </way>
  <way id='2886' visible='true' version='1'>
    <nd ref='1074' />
    <nd ref='1075' />
    <nd ref='1076' />
    <nd ref='1080' />
    <tag k='subtype' v='dashed' />
    <tag k='type' v='line_thin' />
  </way>
  <way id='2887' visible='true' version='1'>
    <nd ref='1086' />
    <nd ref='1085' />
    <nd ref='1074' />
    <tag k='subtype' v='dashed' />
    <tag k='type' v='line_thin' />
  </way>
  <way id='2888' visible='true' version='1'>
    <nd ref='1098' />
    <nd ref='1099' />
    <nd ref='1086' />
    <tag k='subtype' v='solid' />
    <tag k='type' v='line_thin' />
  </way>
  <way id='2889' visible='true' version='1'>
    <nd ref='1086' />
    <nd ref='1087' />
    <nd ref='1090' />
    <tag k='subtype' v='solid' />
    <tag k='type' v='line_thin' />
  </way>
  <way id='2890' visible='true' version='1'>
    <nd ref='1098' />
    <nd ref='1100' />
    <nd ref='1090' />
    <tag k='subtype' v='high' />
    <tag k='type' v='curbstone' />
  </way>
  <way id='2891' visible='true' version='1'>
    <nd ref='1091' />
    <nd ref='1078' />
    <tag k='subtype' v='dashed' />
    <tag k='type' v='line_thin' />
  </way>
  <way id='2892' visible='true' version='1'>
    <nd ref='1092' />
    <nd ref='1054' />
    <tag k='subtype' v='dashed' />
    <tag k='type' v='line_thin' />
  </way>
  <way id='2893' visible='true' version='1'>
    <nd ref='1093' />
    <nd ref='1001' />
    <tag k='subtype' v='high' />
    <tag k='type' v='curbstone' />
  </way>
  <way id='2894' visible='true' version='1'>
    <nd ref='1053' />
    <nd ref='1776' />
    <nd ref='2802' />
    <nd ref='1052' />
    <nd ref='1786' />
    <nd ref='1051' />
    <nd ref='1787' />
    <nd ref='2337' />
    <tag k='subtype' v='low' />
    <tag k='type' v='curbstone' />
  </way>
  <way id='2895' visible='true' version='1'>
    <nd ref='1107' />
    <nd ref='1108' />
    <nd ref='1109' />
    <nd ref='1110' />
    <nd ref='1111' />
    <nd ref='1112' />
    <nd ref='1113' />
    <tag k='subtype' v='dashed' />
    <tag k='type' v='line_thin' />
  </way>
  <way id='2896' visible='true' version='1'>
    <nd ref='1122' />
    <nd ref='1123' />
    <nd ref='1124' />
    <nd ref='1125' />
    <nd ref='1126' />
    <nd ref='1127' />
    <nd ref='1128' />
    <tag k='subtype' v='high' />
    <tag k='type' v='curbstone' />
  </way>
  <way id='2897' visible='true' version='1'>
    <nd ref='1189' />
    <nd ref='1130' />
    <tag k='type' v='bike_marking' />
  </way>
  <way id='2898' visible='true' version='1'>
    <nd ref='1148' />
    <nd ref='1149' />
    <nd ref='1150' />
    <tag k='subtype' v='dashed' />
    <tag k='type' v='line_thin' />
  </way>
  <way id='2899' visible='true' version='1'>
    <nd ref='1159' />
    <nd ref='1172' />
    <nd ref='1171' />
    <nd ref='1170' />
    <nd ref='1169' />
    <nd ref='1168' />
    <nd ref='2203' />
    <nd ref='1167' />
    <tag k='subtype' v='solid' />
    <tag k='type' v='line_thin' />
  </way>
  <way id='2900' visible='true' version='1'>
    <nd ref='1174' />
    <nd ref='1187' />
    <nd ref='1186' />
    <nd ref='1185' />
    <nd ref='1184' />
    <nd ref='1183' />
    <nd ref='2202' />
    <nd ref='1182' />
    <tag k='subtype' v='dashed' />
    <tag k='type' v='line_thin' />
  </way>
  <way id='2901' visible='true' version='1'>
    <nd ref='1188' />
    <nd ref='1202' />
    <nd ref='1201' />
    <nd ref='1200' />
    <nd ref='1199' />
    <nd ref='1198' />
    <nd ref='2201' />
    <nd ref='1197' />
    <tag k='subtype' v='high' />
    <tag k='type' v='curbstone' />
  </way>
  <way id='2902' visible='true' version='1'>
    <nd ref='1153' />
    <nd ref='2204' />
    <nd ref='1154' />
    <nd ref='1155' />
    <nd ref='1156' />
    <nd ref='1157' />
    <nd ref='1158' />
    <nd ref='1145' />
    <tag k='subtype' v='dashed' />
    <tag k='type' v='line_thin' />
  </way>
  <way id='2903' visible='true' version='1'>
    <nd ref='1216' />
    <nd ref='1215' />
    <nd ref='1214' />
    <nd ref='1213' />
    <tag k='type' v='bike_marking' />
  </way>
  <way id='2904' visible='true' version='1'>
    <nd ref='1193' />
    <nd ref='1192' />
    <nd ref='1191' />
    <nd ref='2697' />
    <tag k='type' v='bike_marking' />
  </way>
  <way id='2905' visible='true' version='1'>
    <nd ref='1179' />
    <nd ref='1178' />
    <nd ref='1177' />
    <nd ref='2696' />
    <tag k='subtype' v='dashed' />
    <tag k='type' v='line_thin' />
  </way>
  <way id='2906' visible='true' version='1'>
    <nd ref='1164' />
    <nd ref='1163' />
    <nd ref='1162' />
    <nd ref='2695' />
    <tag k='subtype' v='dashed' />
    <tag k='type' v='line_thick' />
  </way>
  <way id='2907' visible='true' version='1'>
    <nd ref='1133' />
    <nd ref='1134' />
    <tag k='subtype' v='high' />
    <tag k='type' v='curbstone' />
  </way>
  <way id='2908' visible='true' version='1'>
    <nd ref='1258' />
    <nd ref='1257' />
    <nd ref='1256' />
    <nd ref='1255' />
    <nd ref='1254' />
    <nd ref='1253' />
    <nd ref='1252' />
    <nd ref='2725' />
    <tag k='subtype' v='dashed' />
    <tag k='type' v='line_thin' />
  </way>
  <way id='2909' visible='true' version='1'>
    <nd ref='1010' />
    <nd ref='1008' />
    <nd ref='1007' />
    <nd ref='1006' />
    <nd ref='1005' />
    <nd ref='1004' />
    <nd ref='1003' />
    <tag k='subtype' v='high' />
    <tag k='type' v='curbstone' />
  </way>
  <way id='2910' visible='true' version='1'>
    <nd ref='1260' />
    <nd ref='1261' />
    <nd ref='1262' />
    <tag k='subtype' v='dashed' />
    <tag k='type' v='line_thin' />
  </way>
  <way id='2911' visible='true' version='1'>
    <nd ref='2704' />
    <nd ref='2703' />
    <nd ref='2702' />
    <tag k='subtype' v='low' />
    <tag k='type' v='curbstone' />
  </way>
  <way id='2912' visible='true' version='1'>
    <nd ref='1267' />
    <nd ref='1268' />
    <tag k='subtype' v='solid' />
    <tag k='type' v='line_thin' />
  </way>
  <way id='2915' visible='true' version='1'>
    <nd ref='1101' />
    <nd ref='1102' />
    <nd ref='1103' />
    <tag k='subtype' v='dashed' />
    <tag k='type' v='line_thin' />
  </way>
  <way id='2916' visible='true' version='1'>
    <nd ref='1115' />
    <nd ref='1117' />
    <nd ref='1118' />
    <tag k='subtype' v='high' />
    <tag k='type' v='curbstone' />
  </way>
  <way id='2917' visible='true' version='1'>
    <nd ref='1080' />
    <nd ref='1077' />
    <nd ref='1091' />
    <tag k='subtype' v='dashed' />
    <tag k='type' v='line_thin' />
  </way>
  <way id='2918' visible='true' version='1'>
    <nd ref='1081' />
    <nd ref='1056' />
    <nd ref='1092' />
    <tag k='subtype' v='dashed' />
    <tag k='type' v='line_thin' />
  </way>
  <way id='2919' visible='true' version='1'>
    <nd ref='1082' />
    <nd ref='1000' />
    <nd ref='1093' />
    <tag k='subtype' v='high' />
    <tag k='type' v='curbstone' />
  </way>
  <way id='2920' visible='true' version='1'>
    <nd ref='1103' />
    <nd ref='1104' />
    <nd ref='1105' />
    <tag k='subtype' v='dashed' />
    <tag k='type' v='line_thin' />
  </way>
  <way id='2921' visible='true' version='1'>
    <nd ref='1118' />
    <nd ref='1119' />
    <nd ref='1120' />
    <tag k='subtype' v='high' />
    <tag k='type' v='curbstone' />
  </way>
  <way id='2922' visible='true' version='1'>
    <nd ref='1049' />
    <nd ref='1273' />
    <nd ref='1274' />
    <nd ref='1275' />
    <nd ref='1276' />
    <nd ref='1277' />
    <nd ref='1278' />
    <nd ref='1279' />
    <nd ref='1280' />
    <nd ref='1281' />
    <nd ref='1038' />
    <tag k='subtype' v='dashed' />
    <tag k='type' v='line_thin' />
  </way>
  <way id='2923' visible='true' version='1'>
    <nd ref='1048' />
    <nd ref='1047' />
    <nd ref='1046' />
    <nd ref='1045' />
    <nd ref='1044' />
    <nd ref='1043' />
    <nd ref='1042' />
    <nd ref='1041' />
    <nd ref='1040' />
    <nd ref='1039' />
    <nd ref='1038' />
    <tag k='subtype' v='high' />
    <tag k='type' v='curbstone' />
  </way>
  <way id='2924' visible='true' version='1'>
    <nd ref='1037' />
    <nd ref='1036' />
    <nd ref='1035' />
    <nd ref='1034' />
    <nd ref='1033' />
    <tag k='subtype' v='high' />
    <tag k='type' v='curbstone' />
  </way>
  <way id='2925' visible='true' version='1'>
    <nd ref='1285' />
    <nd ref='1286' />
    <nd ref='1287' />
    <nd ref='1288' />
    <nd ref='1283' />
    <tag k='subtype' v='dashed' />
    <tag k='type' v='line_thin' />
  </way>
  <way id='2926' visible='true' version='1'>
    <nd ref='1284' />
    <nd ref='1289' />
    <nd ref='1290' />
    <nd ref='1291' />
    <nd ref='1292' />
    <nd ref='1293' />
    <nd ref='1294' />
    <nd ref='1295' />
    <nd ref='1296' />
    <nd ref='1297' />
    <nd ref='1282' />
    <tag k='subtype' v='dashed' />
    <tag k='type' v='line_thin' />
  </way>
  <way id='2927' visible='true' version='1'>
    <nd ref='2734' />
    <nd ref='1513' />
    <nd ref='1514' />
    <tag k='subtype' v='high' />
    <tag k='type' v='curbstone' />
  </way>
  <way id='2928' visible='true' version='1'>
    <nd ref='1300' />
    <nd ref='1305' />
    <nd ref='1306' />
    <nd ref='1307' />
    <nd ref='1308' />
    <nd ref='1309' />
    <nd ref='1310' />
    <nd ref='1311' />
    <nd ref='1312' />
    <nd ref='1313' />
    <nd ref='1298' />
    <tag k='subtype' v='high' />
    <tag k='type' v='curbstone' />
  </way>
  <way id='2929' visible='true' version='1'>
    <nd ref='1298' />
    <nd ref='1301' />
    <tag k='subtype' v='high' />
    <tag k='type' v='curbstone' />
  </way>
  <way id='2930' visible='true' version='1'>
    <nd ref='1282' />
    <nd ref='1285' />
    <tag k='subtype' v='dashed' />
    <tag k='type' v='line_thin' />
  </way>
  <way id='2931' visible='true' version='1'>
    <nd ref='1038' />
    <nd ref='1037' />
    <tag k='subtype' v='high' />
    <tag k='type' v='curbstone' />
  </way>
  <way id='2932' visible='true' version='1'>
    <nd ref='1301' />
    <nd ref='1314' />
    <nd ref='1315' />
    <nd ref='1316' />
    <nd ref='1317' />
    <tag k='subtype' v='dashed' />
    <tag k='type' v='line_thin' />
  </way>
  <way id='2933' visible='true' version='1'>
    <nd ref='1561' />
    <nd ref='1562' />
    <nd ref='1563' />
    <nd ref='2728' />
    <tag k='subtype' v='dashed' />
    <tag k='type' v='line_thin' />
  </way>
  <way id='2934' visible='true' version='1'>
    <nd ref='2722' />
    <nd ref='1596' />
    <nd ref='1597' />
    <nd ref='1598' />
    <nd ref='1599' />
    <nd ref='1600' />
    <nd ref='1601' />
    <tag k='subtype' v='dashed' />
    <tag k='type' v='line_thin' />
  </way>
  <way id='2935' visible='true' version='1'>
    <nd ref='1319' />
    <nd ref='1300' />
    <tag k='subtype' v='high' />
    <tag k='type' v='curbstone' />
  </way>
  <way id='2936' visible='true' version='1'>
    <nd ref='1328' />
    <nd ref='1329' />
    <nd ref='1330' />
    <nd ref='1331' />
    <tag k='subtype' v='high' />
    <tag k='type' v='curbstone' />
  </way>
  <way id='2937' visible='true' version='1'>
    <nd ref='1554' />
    <nd ref='1555' />
    <nd ref='1556' />
    <nd ref='1320' />
    <nd ref='1321' />
    <nd ref='1322' />
    <nd ref='1323' />
    <tag k='subtype' v='high' />
    <tag k='type' v='curbstone' />
  </way>
  <way id='2938' visible='true' version='1'>
    <nd ref='1323' />
    <nd ref='1324' />
    <nd ref='1325' />
    <nd ref='1326' />
    <nd ref='1327' />
    <nd ref='1328' />
    <tag k='subtype' v='high' />
    <tag k='type' v='curbstone' />
  </way>
  <way id='2939' visible='true' version='1'>
    <nd ref='1323' />
    <nd ref='1334' />
    <nd ref='1335' />
    <nd ref='1336' />
    <tag k='subtype' v='solid' />
    <tag k='type' v='line_thin' />
  </way>
  <way id='2940' visible='true' version='1'>
    <nd ref='1337' />
    <nd ref='1339' />
    <nd ref='1338' />
    <nd ref='1328' />
    <tag k='subtype' v='solid' />
    <tag k='type' v='line_thin' />
  </way>
  <way id='2941' visible='true' version='1'>
    <nd ref='1340' />
    <nd ref='1343' />
    <nd ref='1344' />
    <nd ref='1345' />
    <tag k='subtype' v='dashed' />
    <tag k='type' v='line_thin' />
  </way>
  <way id='2942' visible='true' version='1'>
    <nd ref='1499' />
    <nd ref='1498' />
    <nd ref='1497' />
    <nd ref='1568' />
    <nd ref='1496' />
    <tag k='subtype' v='dashed' />
    <tag k='type' v='line_thin' />
  </way>
  <way id='2943' visible='true' version='1'>
    <nd ref='1539' />
    <nd ref='1538' />
    <nd ref='1537' />
    <nd ref='1569' />
    <nd ref='1536' />
    <tag k='subtype' v='dashed' />
    <tag k='type' v='line_thin' />
  </way>
  <way id='2944' visible='true' version='1'>
    <nd ref='1358' />
    <nd ref='1359' />
    <nd ref='1360' />
    <nd ref='1361' />
    <tag k='subtype' v='high' />
    <tag k='type' v='curbstone' />
  </way>
  <way id='2945' visible='true' version='1'>
    <nd ref='1350' />
    <nd ref='1355' />
    <nd ref='1356' />
    <nd ref='1357' />
    <tag k='subtype' v='dashed' />
    <tag k='type' v='line_thin' />
  </way>
  <way id='2946' visible='true' version='1'>
    <nd ref='1365' />
    <nd ref='1366' />
    <nd ref='1367' />
    <nd ref='1368' />
    <tag k='subtype' v='dashed' />
    <tag k='type' v='line_thin' />
  </way>
  <way id='2947' visible='true' version='1'>
    <nd ref='1371' />
    <nd ref='1372' />
    <nd ref='1373' />
    <nd ref='1374' />
    <tag k='subtype' v='dashed' />
    <tag k='type' v='line_thin' />
  </way>
  <way id='2948' visible='true' version='1'>
    <nd ref='1422' />
    <nd ref='1376' />
    <nd ref='1377' />
    <nd ref='1378' />
    <nd ref='1379' />
    <tag k='subtype' v='high' />
    <tag k='type' v='curbstone' />
  </way>
  <way id='2949' visible='true' version='1'>
    <nd ref='1423' />
    <nd ref='1383' />
    <nd ref='1384' />
    <nd ref='1385' />
    <nd ref='1386' />
    <tag k='subtype' v='dashed' />
    <tag k='type' v='line_thin' />
  </way>
  <way id='2950' visible='true' version='1'>
    <nd ref='1424' />
    <nd ref='1390' />
    <nd ref='1391' />
    <nd ref='1392' />
    <nd ref='1393' />
    <tag k='subtype' v='dashed' />
    <tag k='type' v='line_thin' />
  </way>
  <way id='2951' visible='true' version='1'>
    <nd ref='1425' />
    <nd ref='1397' />
    <nd ref='1398' />
    <nd ref='1399' />
    <nd ref='1400' />
    <tag k='subtype' v='solid' />
    <tag k='type' v='line_thin' />
  </way>
  <way id='2952' visible='true' version='1'>
    <nd ref='1404' />
    <nd ref='1405' />
    <nd ref='1406' />
    <nd ref='1407' />
    <nd ref='1408' />
    <nd ref='1409' />
    <nd ref='1426' />
    <tag k='subtype' v='high' />
    <tag k='type' v='curbstone' />
  </way>
  <way id='2953' visible='true' version='1'>
    <nd ref='1410' />
    <nd ref='1412' />
    <nd ref='1413' />
    <nd ref='1414' />
    <nd ref='1415' />
    <nd ref='1411' />
    <nd ref='1427' />
    <tag k='subtype' v='dashed' />
    <tag k='type' v='line_thin' />
  </way>
  <way id='2954' visible='true' version='1'>
    <nd ref='1416' />
    <nd ref='1418' />
    <nd ref='1419' />
    <nd ref='1420' />
    <nd ref='1421' />
    <nd ref='1417' />
    <nd ref='1428' />
    <tag k='subtype' v='high' />
    <tag k='type' v='curbstone' />
  </way>
  <way id='2955' visible='true' version='1'>
    <nd ref='1137' />
    <nd ref='2207' />
    <nd ref='1138' />
    <nd ref='1139' />
    <nd ref='1140' />
    <nd ref='1141' />
    <nd ref='1142' />
    <nd ref='1143' />
    <tag k='subtype' v='high' />
    <tag k='type' v='curbstone' />
  </way>
  <way id='2956' visible='true' version='1'>
    <nd ref='1432' />
    <nd ref='1431' />
    <nd ref='1430' />
    <nd ref='1449' />
    <nd ref='1429' />
    <tag k='subtype' v='high' />
    <tag k='type' v='curbstone' />
  </way>
  <way id='2957' visible='true' version='1'>
    <nd ref='1434' />
    <nd ref='1436' />
    <nd ref='1435' />
    <nd ref='1448' />
    <nd ref='1433' />
    <tag k='subtype' v='dashed' />
    <tag k='type' v='line_thin' />
  </way>
  <way id='2958' visible='true' version='1'>
    <nd ref='1438' />
    <nd ref='1440' />
    <nd ref='1439' />
    <nd ref='1447' />
    <nd ref='1437' />
    <tag k='subtype' v='high' />
    <tag k='type' v='curbstone' />
  </way>
  <way id='2959' visible='true' version='1'>
    <nd ref='1441' />
    <nd ref='1446' />
    <nd ref='1442' />
    <nd ref='1443' />
    <nd ref='2761' />
    <tag k='subtype' v='high' />
    <tag k='type' v='curbstone' />
  </way>
  <way id='2960' visible='true' version='1'>
    <nd ref='1438' />
    <nd ref='1445' />
    <tag k='subtype' v='high' />
    <tag k='type' v='curbstone' />
  </way>
  <way id='2961' visible='true' version='1'>
    <nd ref='1450' />
    <nd ref='1452' />
    <nd ref='1453' />
    <nd ref='1454' />
    <nd ref='2764' />
    <tag k='subtype' v='dashed' />
    <tag k='type' v='line_thin' />
  </way>
  <way id='2962' visible='true' version='1'>
    <nd ref='1456' />
    <nd ref='1458' />
    <nd ref='1459' />
    <nd ref='1460' />
    <nd ref='2763' />
    <tag k='subtype' v='dashed' />
    <tag k='type' v='line_thin' />
  </way>
  <way id='2963' visible='true' version='1'>
    <nd ref='2335' />
    <nd ref='1474' />
    <nd ref='1475' />
    <nd ref='2566' />
    <nd ref='1802' />
    <nd ref='1432' />
    <tag k='subtype' v='low' />
    <tag k='type' v='curbstone' />
  </way>
  <way id='2964' action='modify' visible='true' version='1'>
    <nd ref='1478' />
    <nd ref='-101853' />
    <nd ref='1479' />
    <nd ref='1480' />
    <nd ref='1481' />
    <nd ref='1115' />
    <tag k='subtype' v='low' />
    <tag k='type' v='curbstone' />
  </way>
  <way id='2965' visible='true' version='1'>
    <nd ref='1482' />
    <nd ref='1484' />
    <nd ref='1485' />
    <nd ref='1486' />
    <nd ref='1487' />
    <tag k='subtype' v='high' />
    <tag k='type' v='curbstone' />
  </way>
  <way id='2966' visible='true' version='1'>
    <nd ref='1529' />
    <nd ref='1528' />
    <nd ref='1527' />
    <nd ref='1526' />
    <nd ref='1525' />
    <nd ref='1524' />
    <tag k='subtype' v='dashed' />
    <tag k='type' v='line_thick' />
  </way>
  <way id='2967' visible='true' version='1'>
    <nd ref='1510' />
    <nd ref='1509' />
    <nd ref='1508' />
    <nd ref='1507' />
    <nd ref='1506' />
    <nd ref='1505' />
    <nd ref='1504' />
    <nd ref='1503' />
    <tag k='subtype' v='dashed' />
    <tag k='type' v='line_thin' />
  </way>
  <way id='2968' visible='true' version='1'>
    <nd ref='1548' />
    <nd ref='1549' />
    <nd ref='1547' />
    <nd ref='1546' />
    <nd ref='1545' />
    <nd ref='1544' />
    <nd ref='1543' />
    <tag k='subtype' v='high' />
    <tag k='type' v='curbstone' />
  </way>
  <way id='2969' visible='true' version='1'>
    <nd ref='1574' />
    <nd ref='1575' />
    <nd ref='1576' />
    <tag k='subtype' v='high' />
    <tag k='type' v='curbstone' />
  </way>
  <way id='2970' visible='true' version='1'>
    <nd ref='1576' />
    <nd ref='1581' />
    <nd ref='1524' />
    <tag k='type' v='virtual' />
  </way>
  <way id='2971' visible='true' version='1'>
    <nd ref='1301' />
    <nd ref='1302' />
    <nd ref='1303' />
    <nd ref='1304' />
    <nd ref='1299' />
    <tag k='subtype' v='high' />
    <tag k='type' v='curbstone' />
  </way>
  <way id='2972' visible='true' version='1'>
    <nd ref='1611' />
    <nd ref='1668' />
    <nd ref='1612' />
    <nd ref='1613' />
    <nd ref='1614' />
    <nd ref='2713' />
    <tag k='subtype' v='high' />
    <tag k='type' v='curbstone' />
  </way>
  <way id='2973' visible='true' version='1'>
    <nd ref='1623' />
    <nd ref='1667' />
    <nd ref='1624' />
    <nd ref='1625' />
    <nd ref='1626' />
    <nd ref='2714' />
    <tag k='subtype' v='dashed' />
    <tag k='type' v='line_thin' />
  </way>
  <way id='2974' visible='true' version='1'>
    <nd ref='1634' />
    <nd ref='1666' />
    <nd ref='1635' />
    <nd ref='1636' />
    <nd ref='1637' />
    <nd ref='2712' />
    <tag k='subtype' v='dashed' />
    <tag k='type' v='line_thin' />
  </way>
  <way id='2975' visible='true' version='1'>
    <nd ref='1634' />
    <nd ref='1669' />
    <nd ref='1651' />
    <nd ref='1650' />
    <nd ref='1649' />
    <nd ref='1648' />
    <nd ref='2711' />
    <tag k='subtype' v='high' />
    <tag k='type' v='curbstone' />
  </way>
  <way id='2976' visible='true' version='1'>
    <nd ref='1664' />
    <nd ref='1671' />
    <nd ref='1659' />
    <tag k='subtype' v='dashed' />
    <tag k='type' v='line_thin' />
  </way>
  <way id='2977' visible='true' version='1'>
    <nd ref='1662' />
    <nd ref='1672' />
    <nd ref='1663' />
    <tag k='subtype' v='high' />
    <tag k='type' v='curbstone' />
  </way>
  <way id='2978' visible='true' version='1'>
    <nd ref='1236' />
    <nd ref='1660' />
    <tag k='type' v='virtual' />
  </way>
  <way id='2979' visible='true' version='1'>
    <nd ref='1515' />
    <nd ref='1681' />
    <nd ref='1682' />
    <nd ref='1683' />
    <nd ref='1684' />
    <nd ref='1685' />
    <nd ref='1653' />
    <tag k='type' v='virtual' />
  </way>
  <way id='2980' visible='true' version='1'>
    <nd ref='1561' />
    <nd ref='1686' />
    <nd ref='1687' />
    <nd ref='1688' />
    <nd ref='1689' />
    <nd ref='1690' />
    <nd ref='1657' />
    <tag k='type' v='virtual' />
  </way>
  <way id='2981' visible='true' version='1'>
    <nd ref='1691' />
    <nd ref='1692' />
    <nd ref='1693' />
    <nd ref='1694' />
    <tag k='subtype' v='low' />
    <tag k='type' v='curbstone' />
  </way>
  <way id='2982' visible='true' version='1'>
    <nd ref='1691' />
    <nd ref='1696' />
    <nd ref='1697' />
    <nd ref='1604' />
    <tag k='subtype' v='low' />
    <tag k='type' v='curbstone' />
  </way>
  <way id='2983' visible='true' version='1'>
    <nd ref='1673' />
    <nd ref='1698' />
    <nd ref='1699' />
    <nd ref='1694' />
    <tag k='subtype' v='low' />
    <tag k='type' v='curbstone' />
  </way>
  <way id='2984' visible='true' version='1'>
    <nd ref='1622' />
    <nd ref='1623' />
    <tag k='subtype' v='dashed' />
    <tag k='type' v='line_thin' />
  </way>
  <way id='2985' visible='true' version='1'>
    <nd ref='1610' />
    <nd ref='1611' />
    <tag k='subtype' v='high' />
    <tag k='type' v='curbstone' />
  </way>
  <way id='2986' visible='true' version='1'>
    <nd ref='1632' />
    <nd ref='1701' />
    <nd ref='1703' />
    <nd ref='1676' />
    <tag k='type' v='virtual' />
  </way>
  <way id='2987' visible='true' version='1'>
    <nd ref='1607' />
    <nd ref='1695' />
    <nd ref='2751' />
    <nd ref='1676' />
    <tag k='subtype' v='low' />
    <tag k='type' v='curbstone' />
  </way>
  <way id='2988' visible='true' version='1'>
    <nd ref='1632' />
    <nd ref='1706' />
    <nd ref='2297' />
    <nd ref='1705' />
    <nd ref='1704' />
    <nd ref='1496' />
    <tag k='type' v='virtual' />
  </way>
  <way id='2989' visible='true' version='1'>
    <nd ref='1644' />
    <nd ref='1707' />
    <nd ref='1708' />
    <nd ref='1709' />
    <nd ref='1710' />
    <nd ref='1711' />
    <nd ref='1712' />
    <nd ref='1713' />
    <nd ref='1573' />
    <tag k='type' v='virtual' />
  </way>
  <way id='2990' visible='true' version='1'>
    <nd ref='1714' />
    <nd ref='1716' />
    <nd ref='1717' />
    <nd ref='1718' />
    <nd ref='1719' />
    <nd ref='1720' />
    <nd ref='1721' />
    <nd ref='1722' />
    <nd ref='1715' />
    <tag k='type' v='virtual' />
  </way>
  <way id='2991' visible='true' version='1'>
    <nd ref='1500' />
    <nd ref='1728' />
    <nd ref='2298' />
    <nd ref='1727' />
    <nd ref='1726' />
    <nd ref='1725' />
    <nd ref='1724' />
    <nd ref='1676' />
    <tag k='type' v='virtual' />
  </way>
  <way id='2992' visible='true' version='1'>
    <nd ref='1520' />
    <nd ref='1729' />
    <nd ref='2299' />
    <nd ref='1730' />
    <nd ref='1731' />
    <nd ref='1732' />
    <nd ref='1680' />
    <tag k='type' v='virtual' />
  </way>
  <way id='2993' visible='true' version='1'>
    <nd ref='1543' />
    <nd ref='2284' />
    <nd ref='1733' />
    <nd ref='2285' />
    <nd ref='1734' />
    <tag k='subtype' v='low' />
    <tag k='type' v='curbstone' />
  </way>
  <way id='2994' visible='true' version='1'>
    <nd ref='1503' />
    <nd ref='1742' />
    <nd ref='1737' />
    <nd ref='1738' />
    <tag k='type' v='virtual' />
  </way>
  <way id='2995' visible='true' version='1'>
    <nd ref='2877' />
    <nd ref='2781' />
    <tag k='type' v='virtual' />
  </way>
  <way id='2996' visible='true' version='1'>
    <nd ref='1745' />
    <nd ref='1746' />
    <nd ref='1747' />
    <nd ref='1748' />
    <tag k='subtype' v='high' />
    <tag k='type' v='curbstone' />
  </way>
  <way id='2997' visible='true' version='1'>
    <nd ref='1743' />
    <nd ref='1095' />
    <tag k='subtype' v='low' />
    <tag k='type' v='curbstone' />
  </way>
  <way id='2998' visible='true' version='1'>
    <nd ref='1053' />
    <nd ref='1790' />
    <nd ref='2567' />
    <tag k='type' v='virtual' />
  </way>
  <way id='2999' visible='true' version='1'>
    <nd ref='1094' />
    <nd ref='1744' />
    <tag k='subtype' v='low' />
    <tag k='type' v='curbstone' />
  </way>
  <way id='3000' visible='true' version='1'>
    <nd ref='2846' />
    <nd ref='1758' />
    <nd ref='1754' />
    <nd ref='1757' />
    <nd ref='1753' />
    <nd ref='1756' />
    <nd ref='1755' />
    <nd ref='2849' />
    <nd ref='2852' />
    <tag k='type' v='virtual' />
  </way>
  <way id='3001' visible='true' version='1'>
    <nd ref='1745' />
    <nd ref='1759' />
    <nd ref='1760' />
    <nd ref='1761' />
    <nd ref='1762' />
    <nd ref='1763' />
    <nd ref='1764' />
    <nd ref='2850' />
    <nd ref='2854' />
    <tag k='type' v='virtual' />
  </way>
  <way id='3002' visible='true' version='1'>
    <nd ref='1771' />
    <nd ref='1772' />
    <nd ref='2881' />
    <nd ref='2880' />
    <tag k='subtype' v='high' />
    <tag k='type' v='curbstone' />
  </way>
  <way id='3003' visible='true' version='1'>
    <nd ref='2880' />
    <nd ref='1769' />
    <tag k='subtype' v='high' />
    <tag k='type' v='curbstone' />
  </way>
  <way id='3004' visible='true' version='1'>
    <nd ref='1769' />
    <nd ref='1438' />
    <tag k='subtype' v='low' />
    <tag k='type' v='curbstone' />
  </way>
  <way id='3005' visible='true' version='1'>
    <nd ref='1445' />
    <nd ref='1770' />
    <tag k='subtype' v='low' />
    <tag k='type' v='curbstone' />
  </way>
  <way id='3006' visible='true' version='1'>
    <nd ref='2848' />
    <nd ref='2860' />
    <nd ref='2859' />
    <nd ref='2858' />
    <tag k='subtype' v='high' />
    <tag k='type' v='curbstone' />
  </way>
  <way id='3007' visible='true' version='1'>
    <nd ref='2870' />
    <nd ref='2868' />
    <nd ref='2867' />
    <nd ref='2866' />
    <nd ref='2865' />
    <nd ref='2864' />
    <nd ref='2863' />
    <nd ref='2869' />
    <tag k='type' v='virtual' />
  </way>
  <way id='3008' visible='true' version='1'>
    <nd ref='1319' />
    <nd ref='1333' />
    <tag k='subtype' v='high' />
    <tag k='type' v='curbstone' />
  </way>
  <way id='3009' visible='true' version='1'>
    <nd ref='2856' />
    <nd ref='2851' />
    <nd ref='2855' />
    <nd ref='2854' />
    <tag k='subtype' v='high' />
    <tag k='type' v='curbstone' />
  </way>
  <way id='3010' visible='true' version='1'>
    <nd ref='1382' />
    <nd ref='2857' />
    <tag k='subtype' v='low' />
    <tag k='type' v='curbstone' />
  </way>
  <way id='3011' visible='true' version='1'>
    <nd ref='1771' />
    <nd ref='2872' />
    <nd ref='2873' />
    <nd ref='2875' />
    <nd ref='2871' />
    <nd ref='2874' />
    <nd ref='2847' />
    <nd ref='2858' />
    <tag k='type' v='virtual' />
  </way>
  <way id='3012' visible='true' version='1'>
    <nd ref='2876' />
    <nd ref='1319' />
    <tag k='subtype' v='low' />
    <tag k='type' v='curbstone' />
  </way>
  <way id='3013' visible='true' version='1'>
    <nd ref='2869' />
    <nd ref='2862' />
    <tag k='type' v='virtual' />
  </way>
  <way id='3014' visible='true' version='1'>
    <nd ref='2858' />
    <nd ref='2876' />
    <tag k='subtype' v='high' />
    <tag k='type' v='curbstone' />
  </way>
  <way id='3015' visible='true' version='1'>
    <nd ref='2879' />
    <nd ref='2870' />
    <tag k='type' v='virtual' />
  </way>
  <way id='3016' visible='true' version='1'>
    <nd ref='2852' />
    <nd ref='2853' />
    <tag k='type' v='virtual' />
  </way>
  <way id='3017' visible='true' version='1'>
    <nd ref='2854' />
    <nd ref='1765' />
    <tag k='subtype' v='high' />
    <tag k='type' v='curbstone' />
  </way>
  <way id='3018' visible='true' version='1'>
    <nd ref='2862' />
    <nd ref='1318' />
    <tag k='type' v='virtual' />
  </way>
  <way id='3019' visible='true' version='1'>
    <nd ref='1744' />
    <nd ref='1745' />
    <tag k='subtype' v='high' />
    <tag k='type' v='curbstone' />
  </way>
  <way id='3020' visible='true' version='1'>
    <nd ref='1751' />
    <nd ref='2846' />
    <tag k='type' v='virtual' />
  </way>
  <way id='3021' visible='true' version='1'>
    <nd ref='1751' />
    <nd ref='1806' />
    <tag k='type' v='virtual' />
  </way>
  <way id='3022' visible='true' version='1'>
    <nd ref='2856' />
    <nd ref='2843' />
    <nd ref='2840' />
    <nd ref='2844' />
    <nd ref='2841' />
    <nd ref='2842' />
    <nd ref='2880' />
    <tag k='type' v='virtual' />
  </way>
  <way id='3023' visible='true' version='1'>
    <nd ref='2814' />
    <nd ref='2839' />
    <nd ref='2838' />
    <nd ref='2837' />
    <nd ref='2833' />
    <nd ref='2836' />
    <nd ref='2835' />
    <nd ref='2831' />
    <nd ref='2813' />
    <tag k='type' v='virtual' />
  </way>
  <way id='3024' visible='true' version='1'>
    <nd ref='2848' />
    <nd ref='2827' />
    <nd ref='2815' />
    <nd ref='2830' />
    <nd ref='2817' />
    <nd ref='2828' />
    <nd ref='2819' />
    <nd ref='2829' />
    <nd ref='1748' />
    <tag k='type' v='virtual' />
  </way>
  <way id='3025' visible='true' version='1'>
    <nd ref='2879' />
    <nd ref='1824' />
    <tag k='type' v='virtual' />
  </way>
  <way id='3026' visible='true' version='1'>
    <nd ref='2812' />
    <nd ref='2825' />
    <nd ref='2816' />
    <nd ref='2824' />
    <nd ref='2818' />
    <nd ref='2823' />
    <nd ref='2820' />
    <nd ref='2822' />
    <nd ref='2821' />
    <tag k='type' v='virtual' />
  </way>
  <way id='3027' visible='true' version='1'>
    <nd ref='2834' />
    <nd ref='2814' />
    <tag k='type' v='virtual' />
  </way>
  <way id='3028' visible='true' version='1'>
    <nd ref='2832' />
    <nd ref='1434' />
    <tag k='type' v='virtual' />
  </way>
  <way id='3029' visible='true' version='1'>
    <nd ref='2813' />
    <nd ref='2832' />
    <tag k='type' v='virtual' />
  </way>
  <way id='3030' visible='true' version='1'>
    <nd ref='2853' />
    <nd ref='1410' />
    <tag k='type' v='virtual' />
  </way>
  <way id='3031' visible='true' version='1'>
    <nd ref='2826' />
    <nd ref='2812' />
    <tag k='type' v='virtual' />
  </way>
  <way id='3032' visible='true' version='1'>
    <nd ref='2826' />
    <nd ref='1822' />
    <tag k='type' v='virtual' />
  </way>
  <way id='3033' visible='true' version='1'>
    <nd ref='1370' />
    <nd ref='2826' />
    <tag k='type' v='virtual' />
  </way>
  <way id='3034' visible='true' version='1'>
    <nd ref='1375' />
    <nd ref='1370' />
    <tag k='type' v='virtual' />
  </way>
  <way id='3035' visible='true' version='1'>
    <nd ref='1369' />
    <nd ref='1364' />
    <tag k='type' v='virtual' />
  </way>
  <way id='3036' visible='true' version='1'>
    <nd ref='1364' />
    <nd ref='2793' />
    <tag k='type' v='virtual' />
  </way>
  <way id='3037' visible='true' version='1'>
    <nd ref='1748' />
    <nd ref='1743' />
    <tag k='subtype' v='high' />
    <tag k='type' v='curbstone' />
  </way>
  <way id='3038' visible='true' version='1'>
    <nd ref='1744' />
    <nd ref='1743' />
    <tag k='subtype' v='high' />
    <tag k='type' v='curbstone' />
  </way>
  <way id='3039' visible='true' version='1'>
    <nd ref='2821' />
    <nd ref='1749' />
    <tag k='type' v='virtual' />
  </way>
  <way id='3040' visible='true' version='1'>
    <nd ref='1805' />
    <nd ref='1798' />
    <tag k='type' v='virtual' />
  </way>
  <way id='3041' visible='true' version='1'>
    <nd ref='1766' />
    <nd ref='1751' />
    <tag k='type' v='virtual' />
  </way>
  <way id='3042' visible='true' version='1'>
    <nd ref='1767' />
    <nd ref='1752' />
    <tag k='type' v='virtual' />
  </way>
  <way id='3043' visible='true' version='1'>
    <nd ref='1002' />
    <nd ref='1768' />
    <tag k='subtype' v='high' />
    <tag k='type' v='curbstone' />
  </way>
  <way id='3044' visible='true' version='1'>
    <nd ref='1055' />
    <nd ref='1767' />
    <tag k='type' v='virtual' />
  </way>
  <way id='3045' visible='true' version='1'>
    <nd ref='1079' />
    <nd ref='1766' />
    <tag k='type' v='virtual' />
  </way>
  <way id='3046' visible='true' version='1'>
    <nd ref='1090' />
    <nd ref='1088' />
    <tag k='subtype' v='high' />
    <tag k='type' v='curbstone' />
  </way>
  <way id='3047' visible='true' version='1'>
    <nd ref='1089' />
    <nd ref='1094' />
    <tag k='subtype' v='high' />
    <tag k='type' v='curbstone' />
  </way>
  <way id='3048' visible='true' version='1'>
    <nd ref='1095' />
    <nd ref='1094' />
    <tag k='subtype' v='high' />
    <tag k='type' v='curbstone' />
  </way>
  <way id='3049' visible='true' version='1'>
    <nd ref='1749' />
    <nd ref='1101' />
    <tag k='type' v='virtual' />
  </way>
  <way id='3050' visible='true' version='1'>
    <nd ref='1750' />
    <nd ref='1115' />
    <tag k='type' v='virtual' />
  </way>
  <way id='3051' visible='true' version='1'>
    <nd ref='2795' />
    <nd ref='2811' />
    <nd ref='2810' />
    <nd ref='2803' />
    <nd ref='2809' />
    <nd ref='1750' />
    <tag k='type' v='virtual' />
  </way>
  <way id='3052' visible='true' version='1'>
    <nd ref='2796' />
    <nd ref='2808' />
    <nd ref='2804' />
    <nd ref='2807' />
    <nd ref='2805' />
    <nd ref='2806' />
    <nd ref='1749' />
    <tag k='type' v='virtual' />
  </way>
  <way id='3053' visible='true' version='1'>
    <nd ref='1050' />
    <nd ref='1049' />
    <tag k='subtype' v='high' />
    <tag k='type' v='curbstone' />
  </way>
  <way id='3054' visible='true' version='1'>
    <nd ref='1768' />
    <nd ref='1053' />
    <tag k='subtype' v='low' />
    <tag k='type' v='curbstone' />
  </way>
  <way id='3055' visible='true' version='1'>
    <nd ref='1752' />
    <nd ref='2801' />
    <nd ref='2797' />
    <nd ref='2800' />
    <nd ref='2799' />
    <nd ref='2798' />
    <nd ref='2862' />
    <tag k='type' v='virtual' />
  </way>
  <way id='3056' visible='true' version='1'>
    <nd ref='2794' />
    <nd ref='1050' />
    <tag k='type' v='virtual' />
  </way>
  <way id='3057' visible='true' version='1'>
    <nd ref='2792' />
    <nd ref='2793' />
    <nd ref='2826' />
    <nd ref='2861' />
    <tag k='type' v='pedestrian_marking' />
  </way>
  <way id='3058' visible='true' version='1'>
    <nd ref='1363' />
    <nd ref='1801' />
    <nd ref='2792' />
    <tag k='type' v='virtual' />
  </way>
  <way id='3059' visible='true' version='1'>
    <nd ref='1362' />
    <nd ref='1363' />
    <tag k='subtype' v='solid' />
    <tag k='type' v='line_thin' />
  </way>
  <way id='3060' visible='true' version='1'>
    <nd ref='2792' />
    <nd ref='1795' />
    <nd ref='1794' />
    <tag k='type' v='virtual' />
  </way>
  <way id='3061' visible='true' version='1'>
    <nd ref='2793' />
    <nd ref='1821' />
    <tag k='type' v='virtual' />
  </way>
  <way id='3062' visible='true' version='1'>
    <nd ref='1363' />
    <nd ref='2787' />
    <nd ref='2788' />
    <nd ref='2789' />
    <nd ref='2790' />
    <nd ref='2791' />
    <tag k='type' v='virtual' />
  </way>
  <way id='3063' visible='true' version='1'>
    <nd ref='1364' />
    <nd ref='2786' />
    <nd ref='2785' />
    <nd ref='2784' />
    <nd ref='2783' />
    <nd ref='2832' />
    <tag k='type' v='virtual' />
  </way>
  <way id='3064' visible='true' version='1'>
    <nd ref='1381' />
    <nd ref='1382' />
    <tag k='subtype' v='high' />
    <tag k='type' v='curbstone' />
  </way>
  <way id='3065' visible='true' version='1'>
    <nd ref='1389' />
    <nd ref='2834' />
    <tag k='type' v='virtual' />
  </way>
  <way id='3066' visible='true' version='1'>
    <nd ref='1388' />
    <nd ref='1389' />
    <tag k='type' v='virtual' />
  </way>
  <way id='3067' visible='true' version='1'>
    <nd ref='1395' />
    <nd ref='1396' />
    <tag k='type' v='virtual' />
  </way>
  <way id='3068' visible='true' version='1'>
    <nd ref='1396' />
    <nd ref='2796' />
    <tag k='type' v='virtual' />
  </way>
  <way id='3069' visible='true' version='1'>
    <nd ref='1402' />
    <nd ref='1403' />
    <tag k='type' v='virtual' />
  </way>
  <way id='3070' visible='true' version='1'>
    <nd ref='1403' />
    <nd ref='2795' />
    <tag k='type' v='virtual' />
  </way>
  <way id='3071' visible='true' version='1'>
    <nd ref='1489' />
    <nd ref='1483' />
    <tag k='subtype' v='high' />
    <tag k='type' v='curbstone' />
  </way>
  <way id='3072' visible='true' version='1'>
    <nd ref='2782' />
    <nd ref='1432' />
    <tag k='type' v='virtual' />
  </way>
  <way id='3073' visible='true' version='1'>
    <nd ref='2791' />
    <nd ref='1432' />
    <tag k='type' v='virtual' />
  </way>
  <way id='3074' visible='true' version='1'>
    <nd ref='1515' />
    <nd ref='1602' />
    <nd ref='1550' />
    <tag k='subtype' v='high' />
    <tag k='type' v='curbstone' />
  </way>
  <way id='3075' visible='true' version='1'>
    <nd ref='1463' />
    <nd ref='2877' />
    <tag k='subtype' v='high' />
    <tag k='type' v='curbstone' />
  </way>
  <way id='3076' visible='true' version='1'>
    <nd ref='2781' />
    <nd ref='2318' />
    <nd ref='2536' />
    <tag k='type' v='virtual' />
  </way>
  <way id='3077' visible='true' version='1'>
    <nd ref='2878' />
    <nd ref='1823' />
    <tag k='type' v='virtual' />
  </way>
  <way id='3078' visible='true' version='1'>
    <nd ref='1457' />
    <nd ref='2878' />
    <tag k='type' v='virtual' />
  </way>
  <way id='3079' visible='true' version='1'>
    <nd ref='1461' />
    <nd ref='1457' />
    <tag k='type' v='virtual' />
  </way>
  <way id='3080' visible='true' version='1'>
    <nd ref='1455' />
    <nd ref='1451' />
    <tag k='type' v='virtual' />
  </way>
  <way id='3081' visible='true' version='1'>
    <nd ref='1451' />
    <nd ref='2879' />
    <tag k='type' v='virtual' />
  </way>
  <way id='3082' visible='true' version='1'>
    <nd ref='1444' />
    <nd ref='1445' />
    <tag k='subtype' v='high' />
    <tag k='type' v='curbstone' />
  </way>
  <way id='3083' visible='true' version='1'>
    <nd ref='1462' />
    <nd ref='1464' />
    <nd ref='1465' />
    <nd ref='1466' />
    <nd ref='2762' />
    <tag k='subtype' v='high' />
    <tag k='type' v='curbstone' />
  </way>
  <way id='3084' visible='true' version='1'>
    <nd ref='2878' />
    <nd ref='2778' />
    <nd ref='2777' />
    <nd ref='2780' />
    <tag k='type' v='virtual' />
  </way>
  <way id='3085' visible='true' version='1'>
    <nd ref='1469' />
    <nd ref='1470' />
    <nd ref='2552' />
    <tag k='subtype' v='low' />
    <tag k='type' v='curbstone' />
  </way>
  <way id='3086' visible='true' version='1'>
    <nd ref='2877' />
    <nd ref='2535' />
    <nd ref='1467' />
    <tag k='subtype' v='low' />
    <tag k='type' v='curbstone' />
  </way>
  <way id='3087' visible='true' version='1'>
    <nd ref='2776' />
    <nd ref='1416' />
    <tag k='type' v='virtual' />
  </way>
  <way id='3088' visible='true' version='1'>
    <nd ref='1404' />
    <nd ref='1382' />
    <tag k='subtype' v='high' />
    <tag k='type' v='curbstone' />
  </way>
  <way id='3089' visible='true' version='1'>
    <nd ref='2857' />
    <nd ref='1765' />
    <tag k='subtype' v='high' />
    <tag k='type' v='curbstone' />
  </way>
  <way id='3090' visible='true' version='1'>
    <nd ref='2857' />
    <nd ref='2856' />
    <tag k='subtype' v='high' />
    <tag k='type' v='curbstone' />
  </way>
  <way id='3091' visible='true' version='1'>
    <nd ref='2774' />
    <nd ref='1788' />
    <nd ref='2794' />
    <tag k='type' v='virtual' />
  </way>
  <way id='3092' visible='true' version='1'>
    <nd ref='1829' />
    <nd ref='2862' />
    <tag k='type' v='virtual' />
  </way>
  <way id='3093' visible='true' version='1'>
    <nd ref='1830' />
    <nd ref='2876' />
    <tag k='type' v='virtual' />
  </way>
  <way id='3094' visible='true' version='1'>
    <nd ref='1826' />
    <nd ref='1830' />
    <tag k='subtype' v='dashed' />
    <tag k='type' v='line_thin' />
  </way>
  <way id='3095' visible='true' version='1'>
    <nd ref='1825' />
    <nd ref='1829' />
    <tag k='subtype' v='dashed' />
    <tag k='type' v='line_thin' />
  </way>
  <way id='3096' visible='true' version='1'>
    <nd ref='2775' />
    <nd ref='2774' />
    <tag k='subtype' v='dashed' />
    <tag k='type' v='line_thin' />
  </way>
  <way id='3097' visible='true' version='1'>
    <nd ref='1827' />
    <nd ref='1765' />
    <tag k='type' v='virtual' />
  </way>
  <way id='3098' visible='true' version='1'>
    <nd ref='1828' />
    <nd ref='2853' />
    <tag k='type' v='virtual' />
  </way>
  <way id='3099' visible='true' version='1'>
    <nd ref='2773' />
    <nd ref='2344' />
    <nd ref='2776' />
    <tag k='type' v='virtual' />
  </way>
  <way id='3100' visible='true' version='1'>
    <nd ref='2772' />
    <nd ref='1798' />
    <nd ref='1809' />
    <nd ref='2773' />
    <tag k='subtype' v='dashed' />
    <tag k='type' v='line_thin' />
  </way>
  <way id='3101' visible='true' version='1'>
    <nd ref='1832' />
    <nd ref='1828' />
    <tag k='subtype' v='dashed' />
    <tag k='type' v='line_thin' />
  </way>
  <way id='3102' visible='true' version='1'>
    <nd ref='1831' />
    <nd ref='1827' />
    <tag k='subtype' v='dashed' />
    <tag k='type' v='line_thin' />
  </way>
  <way id='3103' visible='true' version='1'>
    <nd ref='1519' />
    <nd ref='1518' />
    <nd ref='1517' />
    <nd ref='1567' />
    <nd ref='1516' />
    <tag k='subtype' v='dashed' />
    <tag k='type' v='line_thin' />
  </way>
  <way id='3104' visible='true' version='1'>
    <nd ref='1607' />
    <nd ref='1608' />
    <nd ref='1609' />
    <nd ref='1238' />
    <tag k='subtype' v='dashed' />
    <tag k='type' v='line_thin' />
  </way>
  <way id='3105' visible='true' version='1'>
    <nd ref='1770' />
    <nd ref='1769' />
    <tag k='subtype' v='high' />
    <tag k='type' v='curbstone' />
  </way>
  <way id='3106' visible='true' version='1'>
    <nd ref='1770' />
    <nd ref='1771' />
    <tag k='subtype' v='high' />
    <tag k='type' v='curbstone' />
  </way>
  <way id='3107' visible='true' version='1'>
    <nd ref='2771' />
    <nd ref='1362' />
    <tag k='subtype' v='solid' />
    <tag k='type' v='line_thin' />
  </way>
  <way id='3108' visible='true' version='1'>
    <nd ref='2770' />
    <nd ref='1369' />
    <tag k='subtype' v='solid' />
    <tag k='type' v='line_thin' />
  </way>
  <way id='3109' visible='true' version='1'>
    <nd ref='2769' />
    <nd ref='1375' />
    <tag k='subtype' v='solid' />
    <tag k='type' v='line_thin' />
  </way>
  <way id='3110' visible='true' version='1'>
    <nd ref='2768' />
    <nd ref='1332' />
    <tag k='subtype' v='high' />
    <tag k='type' v='curbstone' />
  </way>
  <way id='3111' visible='true' version='1'>
    <nd ref='1765' />
    <nd ref='1404' />
    <tag k='subtype' v='low' />
    <tag k='type' v='curbstone' />
  </way>
  <way id='3112' visible='true' version='1'>
    <nd ref='1400' />
    <nd ref='1401' />
    <nd ref='1402' />
    <tag k='subtype' v='solid' />
    <tag k='type' v='line_thin' />
  </way>
  <way id='3113' visible='true' version='1'>
    <nd ref='1487' />
    <nd ref='1488' />
    <nd ref='1489' />
    <tag k='subtype' v='high' />
    <tag k='type' v='curbstone' />
  </way>
  <way id='3114' visible='true' version='1'>
    <nd ref='1393' />
    <nd ref='1394' />
    <nd ref='1395' />
    <tag k='subtype' v='solid' />
    <tag k='type' v='line_thin' />
  </way>
  <way id='3115' visible='true' version='1'>
    <nd ref='1386' />
    <nd ref='1387' />
    <nd ref='1388' />
    <tag k='subtype' v='solid' />
    <tag k='type' v='line_thin' />
  </way>
  <way id='3116' visible='true' version='1'>
    <nd ref='1379' />
    <nd ref='1380' />
    <nd ref='1381' />
    <tag k='subtype' v='high' />
    <tag k='type' v='curbstone' />
  </way>
  <way id='3117' visible='true' version='1'>
    <nd ref='2795' />
    <nd ref='2775' />
    <tag k='type' v='virtual' />
  </way>
  <way id='3118' visible='true' version='1'>
    <nd ref='2796' />
    <nd ref='1825' />
    <tag k='type' v='virtual' />
  </way>
  <way id='3119' visible='true' version='1'>
    <nd ref='2834' />
    <nd ref='1826' />
    <tag k='type' v='virtual' />
  </way>
  <way id='3120' visible='true' version='1'>
    <nd ref='1381' />
    <nd ref='1388' />
    <nd ref='1395' />
    <nd ref='1402' />
    <nd ref='1489' />
    <tag k='subtype' v='solid' />
    <tag k='type' v='line_thick' />
  </way>
  <way id='3121' visible='true' version='1'>
    <nd ref='1463' />
    <nd ref='1461' />
    <nd ref='1455' />
    <nd ref='1444' />
    <tag k='subtype' v='solid' />
    <tag k='type' v='line_thick' />
  </way>
  <way id='3122' visible='true' version='1'>
    <nd ref='1362' />
    <nd ref='1369' />
    <nd ref='1375' />
    <nd ref='1332' />
    <tag k='subtype' v='solid' />
    <tag k='type' v='line_thick' />
  </way>
  <way id='3123' visible='true' version='1'>
    <nd ref='1363' />
    <nd ref='1472' />
    <tag k='subtype' v='solid' />
    <tag k='type' v='line_thick' />
  </way>
  <way id='3124' visible='true' version='1'>
    <nd ref='1002' />
    <nd ref='1055' />
    <nd ref='1079' />
    <nd ref='1089' />
    <tag k='subtype' v='solid' />
    <tag k='type' v='line_thick' />
  </way>
  <way id='3125' visible='true' version='1'>
    <nd ref='2764' />
    <nd ref='1455' />
    <tag k='subtype' v='solid' />
    <tag k='type' v='line_thin' />
  </way>
  <way id='3126' visible='true' version='1'>
    <nd ref='2761' />
    <nd ref='1444' />
    <tag k='subtype' v='high' />
    <tag k='type' v='curbstone' />
  </way>
  <way id='3127' visible='true' version='1'>
    <nd ref='2763' />
    <nd ref='1461' />
    <tag k='subtype' v='solid' />
    <tag k='type' v='line_thin' />
  </way>
  <way id='3128' visible='true' version='1'>
    <nd ref='2762' />
    <nd ref='1463' />
    <tag k='subtype' v='high' />
    <tag k='type' v='curbstone' />
  </way>
  <way id='3129' visible='true' version='1'>
    <nd ref='1001' />
    <nd ref='1002' />
    <tag k='subtype' v='high' />
    <tag k='type' v='curbstone' />
  </way>
  <way id='3130' visible='true' version='1'>
    <nd ref='1054' />
    <nd ref='1055' />
    <tag k='subtype' v='solid' />
    <tag k='type' v='line_thin' />
  </way>
  <way id='3131' visible='true' version='1'>
    <nd ref='1078' />
    <nd ref='1079' />
    <tag k='subtype' v='solid' />
    <tag k='type' v='line_thin' />
  </way>
  <way id='3132' visible='true' version='1'>
    <nd ref='1088' />
    <nd ref='1089' />
    <tag k='subtype' v='high' />
    <tag k='type' v='curbstone' />
  </way>
  <way id='3133' visible='true' version='1'>
    <nd ref='1357' />
    <nd ref='1354' />
    <tag k='subtype' v='high' />
    <tag k='type' v='curbstone' />
  </way>
  <way id='3134' visible='true' version='1'>
    <nd ref='1345' />
    <nd ref='1341' />
    <tag k='subtype' v='dashed' />
    <tag k='type' v='line_thin' />
  </way>
  <way id='3135' visible='true' version='1'>
    <nd ref='1336' />
    <nd ref='1337' />
    <tag k='subtype' v='solid' />
    <tag k='type' v='line_thin' />
  </way>
  <way id='3136' visible='true' version='1'>
    <nd ref='2760' />
    <nd ref='2759' />
    <nd ref='2758' />
    <nd ref='2757' />
    <nd ref='2756' />
    <nd ref='2755' />
    <nd ref='2754' />
    <tag k='subtype' v='high' />
    <tag k='type' v='curbstone' />
  </way>
  <way id='3137' visible='true' version='1'>
    <nd ref='1531' />
    <nd ref='2760' />
    <tag k='subtype' v='high' />
    <tag k='type' v='curbstone' />
  </way>
  <way id='3138' visible='true' version='1'>
    <nd ref='1516' />
    <nd ref='1550' />
    <tag k='type' v='virtual' />
  </way>
  <way id='3139' visible='true' version='1'>
    <nd ref='1531' />
    <nd ref='1530' />
    <nd ref='1349' />
    <nd ref='1351' />
    <nd ref='1352' />
    <nd ref='1353' />
    <nd ref='1350' />
    <tag k='subtype' v='dashed' />
    <tag k='type' v='line_thin' />
  </way>
  <way id='3140' visible='true' version='1'>
    <nd ref='1491' />
    <nd ref='1490' />
    <nd ref='1342' />
    <nd ref='1346' />
    <nd ref='1347' />
    <nd ref='1348' />
    <nd ref='1340' />
    <tag k='subtype' v='dashed' />
    <tag k='type' v='line_thin' />
  </way>
  <way id='3141' visible='true' version='1'>
    <nd ref='1550' />
    <nd ref='1551' />
    <tag k='subtype' v='high' />
    <tag k='type' v='curbstone' />
  </way>
  <way id='3142' visible='true' version='1'>
    <nd ref='1533' />
    <nd ref='1532' />
    <nd ref='1531' />
    <tag k='subtype' v='high' />
    <tag k='type' v='curbstone' />
  </way>
  <way id='3143' visible='true' version='1'>
    <nd ref='1493' />
    <nd ref='1492' />
    <nd ref='1491' />
    <tag k='subtype' v='dashed' />
    <tag k='type' v='line_thin' />
  </way>
  <way id='3144' visible='true' version='1'>
    <nd ref='2260' />
    <nd ref='1025' />
    <nd ref='1024' />
    <nd ref='1023' />
    <nd ref='1022' />
    <nd ref='1021' />
    <nd ref='1020' />
    <tag k='subtype' v='high' />
    <tag k='type' v='curbstone' />
  </way>
  <way id='3145' visible='true' version='1'>
    <nd ref='1283' />
    <nd ref='2723' />
    <nd ref='2724' />
    <nd ref='2718' />
    <nd ref='1691' />
    <tag k='type' v='virtual' />
  </way>
  <way id='3146' visible='true' version='1'>
    <nd ref='1694' />
    <nd ref='2719' />
    <nd ref='2727' />
    <nd ref='2726' />
    <nd ref='2725' />
    <tag k='type' v='virtual' />
  </way>
  <way id='3147' visible='true' version='1'>
    <nd ref='1673' />
    <nd ref='2260' />
    <tag k='type' v='bike_marking' />
  </way>
  <way id='3148' visible='true' version='1'>
    <nd ref='1605' />
    <nd ref='2732' />
    <nd ref='1606' />
    <tag k='subtype' v='low' />
    <tag k='type' v='curbstone' />
  </way>
  <way id='3149' visible='true' version='1'>
    <nd ref='1542' />
    <nd ref='1541' />
    <tag k='type' v='virtual' />
  </way>
  <way id='3150' visible='true' version='1'>
    <nd ref='1928' />
    <nd ref='1814' />
    <nd ref='1813' />
    <nd ref='1812' />
    <tag k='subtype' v='high' />
    <tag k='type' v='curbstone' />
  </way>
  <way id='3151' visible='true' version='1'>
    <nd ref='1645' />
    <nd ref='1652' />
    <nd ref='1644' />
    <tag k='subtype' v='low' />
    <tag k='type' v='curbstone' />
  </way>
  <way id='3152' visible='true' version='1'>
    <nd ref='1646' />
    <nd ref='1645' />
    <tag k='subtype' v='high' />
    <tag k='type' v='curbstone' />
  </way>
  <way id='3153' visible='true' version='1'>
    <nd ref='1656' />
    <nd ref='2287' />
    <nd ref='2288' />
    <nd ref='2289' />
    <nd ref='2290' />
    <nd ref='2291' />
    <nd ref='1633' />
    <tag k='subtype' v='high' />
    <tag k='type' v='curbstone' />
  </way>
  <way id='3154' visible='true' version='1'>
    <nd ref='1660' />
    <nd ref='1661' />
    <tag k='type' v='bike_marking' />
  </way>
  <way id='3155' visible='true' version='1'>
    <nd ref='1653' />
    <nd ref='1654' />
    <nd ref='1655' />
    <tag k='subtype' v='low' />
    <tag k='type' v='curbstone' />
  </way>
  <way id='3156' visible='true' version='1'>
    <nd ref='2282' />
    <nd ref='2038' />
    <nd ref='2281' />
    <tag k='subtype' v='low' />
    <tag k='type' v='curbstone' />
  </way>
  <way id='3157' visible='true' version='1'>
    <nd ref='1641' />
    <nd ref='1723' />
    <nd ref='1714' />
    <tag k='type' v='virtual' />
  </way>
  <way id='3158' action='modify' visible='true' version='1'>
    <nd ref='1620' />
    <nd ref='-102014' />
    <nd ref='1621' />
    <nd ref='-102005' />
    <nd ref='1536' />
    <tag k='subtype' v='low' />
    <tag k='type' v='curbstone' />
  </way>
  <way id='3159' visible='true' version='1'>
    <nd ref='1629' />
    <nd ref='1630' />
    <tag k='type' v='virtual' />
  </way>
  <way id='3160' visible='true' version='1'>
    <nd ref='1617' />
    <nd ref='1618' />
    <tag k='subtype' v='high' />
    <tag k='type' v='curbstone' />
  </way>
  <way id='3161' visible='true' version='1'>
    <nd ref='1643' />
    <nd ref='1700' />
    <nd ref='1702' />
    <nd ref='1680' />
    <tag k='type' v='virtual' />
  </way>
  <way id='3162' visible='true' version='1'>
    <nd ref='1630' />
    <nd ref='1631' />
    <tag k='type' v='virtual' />
  </way>
  <way id='3163' visible='true' version='1'>
    <nd ref='1618' />
    <nd ref='1619' />
    <tag k='subtype' v='low' />
    <tag k='type' v='curbstone' />
  </way>
  <way id='3164' visible='true' version='1'>
    <nd ref='1641' />
    <nd ref='1642' />
    <tag k='type' v='virtual' />
  </way>
  <way id='3165' visible='true' version='1'>
    <nd ref='1534' />
    <nd ref='1533' />
    <tag k='subtype' v='low' />
    <tag k='type' v='curbstone' />
  </way>
  <way id='3166' visible='true' version='1'>
    <nd ref='1535' />
    <nd ref='1534' />
    <tag k='subtype' v='high' />
    <tag k='type' v='curbstone' />
  </way>
  <way id='3167' visible='true' version='1'>
    <nd ref='2747' />
    <nd ref='2748' />
    <nd ref='2749' />
    <nd ref='2750' />
    <nd ref='2760' />
    <tag k='subtype' v='high' />
    <tag k='type' v='curbstone' />
  </way>
  <way id='3168' visible='true' version='1'>
    <nd ref='2744' />
    <nd ref='2743' />
    <nd ref='2742' />
    <nd ref='1534' />
    <tag k='subtype' v='high' />
    <tag k='type' v='curbstone' />
  </way>
  <way id='3169' visible='true' version='1'>
    <nd ref='1536' />
    <nd ref='1535' />
    <tag k='subtype' v='low' />
    <tag k='type' v='curbstone' />
  </way>
  <way id='3170' visible='true' version='1'>
    <nd ref='1224' />
    <nd ref='1225' />
    <nd ref='1226' />
    <nd ref='1227' />
    <nd ref='1228' />
    <nd ref='1229' />
    <nd ref='1230' />
    <tag k='subtype' v='high' />
    <tag k='type' v='curbstone' />
  </way>
  <way id='3171' visible='true' version='1'>
    <nd ref='2721' />
    <nd ref='1975' />
    <nd ref='1245' />
    <nd ref='1246' />
    <nd ref='1247' />
    <nd ref='1248' />
    <nd ref='1249' />
    <tag k='subtype' v='high' />
    <tag k='type' v='curbstone' />
  </way>
  <way id='3172' visible='true' version='1'>
    <nd ref='2741' />
    <nd ref='2042' />
    <nd ref='1739' />
    <tag k='subtype' v='low' />
    <tag k='type' v='curbstone' />
  </way>
  <way id='3173' visible='true' version='1'>
    <nd ref='1738' />
    <nd ref='1739' />
    <tag k='subtype' v='low' />
    <tag k='type' v='curbstone' />
  </way>
  <way id='3174' visible='true' version='1'>
    <nd ref='1739' />
    <nd ref='1741' />
    <nd ref='1740' />
    <nd ref='1664' />
    <tag k='type' v='virtual' />
  </way>
  <way id='3175' visible='true' version='1'>
    <nd ref='1521' />
    <nd ref='1570' />
    <tag k='subtype' v='low' />
    <tag k='type' v='curbstone' />
  </way>
  <way id='3176' visible='true' version='1'>
    <nd ref='1524' />
    <nd ref='1523' />
    <tag k='subtype' v='solid' />
    <tag k='type' v='line_thin' />
  </way>
  <way id='3177' visible='true' version='1'>
    <nd ref='1633' />
    <nd ref='1634' />
    <tag k='subtype' v='high' />
    <tag k='type' v='curbstone' />
  </way>
  <way id='3178' visible='true' version='1'>
    <nd ref='1661' />
    <nd ref='1662' />
    <tag k='type' v='bike_marking' />
  </way>
  <way id='3179' visible='true' version='1'>
    <nd ref='1496' />
    <nd ref='1495' />
    <tag k='type' v='virtual' />
  </way>
  <way id='3180' visible='true' version='1'>
    <nd ref='1552' />
    <nd ref='1553' />
    <nd ref='1554' />
    <tag k='subtype' v='high' />
    <tag k='type' v='curbstone' />
  </way>
  <way id='3181' visible='true' version='1'>
    <nd ref='1494' />
    <nd ref='1493' />
    <tag k='subtype' v='dashed' />
    <tag k='type' v='line_thin' />
  </way>
  <way id='3182' visible='true' version='1'>
    <nd ref='1495' />
    <nd ref='1494' />
    <tag k='subtype' v='dashed' />
    <tag k='type' v='line_thin' />
  </way>
  <way id='3183' visible='true' version='1'>
    <nd ref='1559' />
    <nd ref='1560' />
    <nd ref='1561' />
    <tag k='type' v='virtual' />
  </way>
  <way id='3184' visible='true' version='1'>
    <nd ref='1558' />
    <nd ref='1559' />
    <tag k='subtype' v='solid' />
    <tag k='type' v='line_thin' />
  </way>
  <way id='3185' visible='true' version='1'>
    <nd ref='1283' />
    <nd ref='1582' />
    <nd ref='2737' />
    <tag k='subtype' v='solid' />
    <tag k='type' v='line_thin' />
  </way>
  <way id='3186' visible='true' version='1'>
    <nd ref='1604' />
    <nd ref='1605' />
    <tag k='subtype' v='low' />
    <tag k='type' v='curbstone' />
  </way>
  <way id='3187' visible='true' version='1'>
    <nd ref='1317' />
    <nd ref='1557' />
    <nd ref='2736' />
    <tag k='subtype' v='solid' />
    <tag k='type' v='line_thin' />
  </way>
  <way id='3188' visible='true' version='1'>
    <nd ref='1299' />
    <nd ref='2735' />
    <nd ref='1511' />
    <tag k='subtype' v='high' />
    <tag k='type' v='curbstone' />
  </way>
  <way id='3189' visible='true' version='1'>
    <nd ref='1511' />
    <nd ref='1512' />
    <nd ref='2734' />
    <tag k='subtype' v='high' />
    <tag k='type' v='curbstone' />
  </way>
  <way id='3190' visible='true' version='1'>
    <nd ref='1558' />
    <nd ref='1583' />
    <nd ref='1605' />
    <nd ref='2733' />
    <tag k='subtype' v='solid' />
    <tag k='type' v='line_thick' />
  </way>
  <way id='3191' visible='true' version='1'>
    <nd ref='1559' />
    <nd ref='1514' />
    <tag k='subtype' v='solid' />
    <tag k='type' v='line_thick' />
  </way>
  <way id='3192' visible='true' version='1'>
    <nd ref='1585' />
    <nd ref='1586' />
    <tag k='type' v='virtual' />
  </way>
  <way id='3193' visible='true' version='1'>
    <nd ref='1640' />
    <nd ref='1641' />
    <tag k='type' v='virtual' />
  </way>
  <way id='3194' visible='true' version='1'>
    <nd ref='1514' />
    <nd ref='1515' />
    <tag k='subtype' v='high' />
    <tag k='type' v='curbstone' />
  </way>
  <way id='3195' visible='true' version='1'>
    <nd ref='1583' />
    <nd ref='1584' />
    <nd ref='1585' />
    <tag k='type' v='virtual' />
  </way>
  <way id='3196' visible='true' version='1'>
    <nd ref='1606' />
    <nd ref='1607' />
    <tag k='subtype' v='low' />
    <tag k='type' v='curbstone' />
  </way>
  <way id='3197' visible='true' version='1'>
    <nd ref='1033' />
    <nd ref='1032' />
    <nd ref='1031' />
    <tag k='subtype' v='low' />
    <tag k='type' v='curbstone' />
  </way>
  <way id='3198' visible='true' version='1'>
    <nd ref='1691' />
    <nd ref='2733' />
    <tag k='subtype' v='low' />
    <tag k='type' v='curbstone' />
  </way>
  <way id='3199' visible='true' version='1'>
    <nd ref='2730' />
    <nd ref='1026' />
    <nd ref='2259' />
    <nd ref='2260' />
    <tag k='subtype' v='low' />
    <tag k='type' v='curbstone' />
  </way>
  <way id='3200' visible='true' version='1'>
    <nd ref='1031' />
    <nd ref='1691' />
    <tag k='type' v='bike_marking' />
  </way>
  <way id='3201' visible='true' version='1'>
    <nd ref='1694' />
    <nd ref='2730' />
    <tag k='type' v='bike_marking' />
  </way>
  <way id='3202' visible='true' version='1'>
    <nd ref='1500' />
    <nd ref='1499' />
    <tag k='type' v='virtual' />
  </way>
  <way id='3203' visible='true' version='1'>
    <nd ref='1520' />
    <nd ref='1519' />
    <tag k='type' v='virtual' />
  </way>
  <way id='3204' visible='true' version='1'>
    <nd ref='1565' />
    <nd ref='1566' />
    <tag k='type' v='virtual' />
  </way>
  <way id='3205' visible='true' version='1'>
    <nd ref='1586' />
    <nd ref='1587' />
    <nd ref='1588' />
    <nd ref='2729' />
    <tag k='subtype' v='dashed' />
    <tag k='type' v='line_thin' />
  </way>
  <way id='3206' visible='true' version='1'>
    <nd ref='1590' />
    <nd ref='1591' />
    <tag k='type' v='virtual' />
  </way>
  <way id='3207' visible='true' version='1'>
    <nd ref='2307' />
    <nd ref='1540' />
    <nd ref='1539' />
    <tag k='type' v='virtual' />
  </way>
  <way id='3208' visible='true' version='1'>
    <nd ref='2728' />
    <nd ref='1564' />
    <nd ref='1565' />
    <tag k='subtype' v='dashed' />
    <tag k='type' v='line_thin' />
  </way>
  <way id='3209' visible='true' version='1'>
    <nd ref='2729' />
    <nd ref='1589' />
    <nd ref='1590' />
    <tag k='subtype' v='dashed' />
    <tag k='type' v='line_thin' />
  </way>
  <way id='3210' visible='true' version='1'>
    <nd ref='1029' />
    <nd ref='1692' />
    <tag k='type' v='zebra_marking' />
  </way>
  <way id='3211' visible='true' version='1'>
    <nd ref='1028' />
    <nd ref='1693' />
    <tag k='type' v='zebra_marking' />
  </way>
  <way id='3212' visible='true' version='1'>
    <nd ref='1502' />
    <nd ref='1501' />
    <tag k='type' v='virtual' />
  </way>
  <way id='3213' visible='true' version='1'>
    <nd ref='1578' />
    <nd ref='1522' />
    <tag k='subtype' v='high' />
    <tag k='type' v='curbstone' />
  </way>
  <way id='3214' visible='true' version='1'>
    <nd ref='1503' />
    <nd ref='2137' />
    <tag k='subtype' v='solid' />
    <tag k='type' v='line_thin' />
  </way>
  <way id='3215' visible='true' version='1'>
    <nd ref='1543' />
    <nd ref='2136' />
    <tag k='type' v='bike_marking' />
  </way>
  <way id='3216' visible='true' version='1'>
    <nd ref='1541' />
    <nd ref='2003' />
    <tag k='type' v='virtual' />
  </way>
  <way id='3217' visible='true' version='1'>
    <nd ref='1501' />
    <nd ref='2002' />
    <tag k='type' v='virtual' />
  </way>
  <way id='3218' visible='true' version='1'>
    <nd ref='1522' />
    <nd ref='1521' />
    <tag k='subtype' v='high' />
    <tag k='type' v='curbstone' />
  </way>
  <way id='3219' visible='true' version='1'>
    <nd ref='1520' />
    <nd ref='2301' />
    <nd ref='1571' />
    <nd ref='1572' />
    <nd ref='1580' />
    <nd ref='1573' />
    <tag k='subtype' v='high' />
    <tag k='type' v='curbstone' />
  </way>
  <way id='3220' visible='true' version='1'>
    <nd ref='1576' />
    <nd ref='1577' />
    <nd ref='1579' />
    <nd ref='1578' />
    <tag k='subtype' v='high' />
    <tag k='type' v='curbstone' />
  </way>
  <way id='3221' visible='true' version='1'>
    <nd ref='1242' />
    <nd ref='1243' />
    <tag k='subtype' v='low' />
    <tag k='type' v='curbstone' />
  </way>
  <way id='3222' visible='true' version='1'>
    <nd ref='1033' />
    <nd ref='1603' />
    <nd ref='1604' />
    <tag k='type' v='bike_marking' />
  </way>
  <way id='3223' visible='true' version='1'>
    <nd ref='2737' />
    <nd ref='1583' />
    <tag k='subtype' v='solid' />
    <tag k='type' v='line_thin' />
  </way>
  <way id='3224' visible='true' version='1'>
    <nd ref='2736' />
    <nd ref='1558' />
    <tag k='subtype' v='solid' />
    <tag k='type' v='line_thin' />
  </way>
  <way id='3225' visible='true' version='1'>
    <nd ref='1238' />
    <nd ref='1239' />
    <nd ref='1240' />
    <tag k='subtype' v='low' />
    <tag k='type' v='curbstone' />
  </way>
  <way id='3226' visible='true' version='1'>
    <nd ref='1240' />
    <nd ref='1241' />
    <tag k='subtype' v='low' />
    <tag k='type' v='curbstone' />
  </way>
  <way id='3227' visible='true' version='1'>
    <nd ref='1573' />
    <nd ref='1574' />
    <tag k='subtype' v='low' />
    <tag k='type' v='curbstone' />
  </way>
  <way id='3228' visible='true' version='1'>
    <nd ref='1715' />
    <nd ref='1592' />
    <tag k='type' v='virtual' />
  </way>
  <way id='3229' visible='true' version='1'>
    <nd ref='1592' />
    <nd ref='1593' />
    <nd ref='1594' />
    <tag k='subtype' v='dashed' />
    <tag k='type' v='line_thin' />
  </way>
  <way id='3230' visible='true' version='1'>
    <nd ref='1594' />
    <nd ref='1595' />
    <nd ref='2722' />
    <tag k='subtype' v='dashed' />
    <tag k='type' v='line_thin' />
  </way>
  <way id='3231' visible='true' version='1'>
    <nd ref='1243' />
    <nd ref='2308' />
    <nd ref='2720' />
    <tag k='subtype' v='high' />
    <tag k='type' v='curbstone' />
  </way>
  <way id='3232' visible='true' version='1'>
    <nd ref='2720' />
    <nd ref='1244' />
    <nd ref='2044' />
    <nd ref='2721' />
    <tag k='subtype' v='high' />
    <tag k='type' v='curbstone' />
  </way>
  <way id='3233' visible='true' version='1'>
    <nd ref='2716' />
    <nd ref='1542' />
    <tag k='type' v='bike_marking' />
  </way>
  <way id='3234' visible='true' version='1'>
    <nd ref='2717' />
    <nd ref='1502' />
    <tag k='subtype' v='solid' />
    <tag k='type' v='line_thin' />
  </way>
  <way id='3235' visible='true' version='1'>
    <nd ref='1522' />
    <nd ref='1502' />
    <nd ref='1542' />
    <tag k='subtype' v='solid' />
    <tag k='type' v='line_thick' />
  </way>
  <way id='3236' visible='true' version='1'>
    <nd ref='1541' />
    <nd ref='2715' />
    <tag k='subtype' v='solid' />
    <tag k='type' v='line_thick' />
  </way>
  <way id='3237' visible='true' version='1'>
    <nd ref='2711' />
    <nd ref='1647' />
    <nd ref='1646' />
    <tag k='subtype' v='high' />
    <tag k='type' v='curbstone' />
  </way>
  <way id='3238' visible='true' version='1'>
    <nd ref='2712' />
    <nd ref='1638' />
    <nd ref='1639' />
    <nd ref='1640' />
    <tag k='subtype' v='solid' />
    <tag k='type' v='line_thin' />
  </way>
  <way id='3239' visible='true' version='1'>
    <nd ref='2714' />
    <nd ref='1627' />
    <nd ref='1628' />
    <nd ref='1629' />
    <tag k='subtype' v='solid' />
    <tag k='type' v='line_thin' />
  </way>
  <way id='3240' visible='true' version='1'>
    <nd ref='2713' />
    <nd ref='1615' />
    <nd ref='1616' />
    <nd ref='1617' />
    <tag k='subtype' v='high' />
    <tag k='type' v='curbstone' />
  </way>
  <way id='3241' visible='true' version='1'>
    <nd ref='1617' />
    <nd ref='1629' />
    <nd ref='1640' />
    <nd ref='1646' />
    <tag k='subtype' v='solid' />
    <tag k='type' v='line_thick' />
  </way>
  <way id='3242' visible='true' version='1'>
    <nd ref='1250' />
    <nd ref='1677' />
    <nd ref='1678' />
    <nd ref='1679' />
    <nd ref='1680' />
    <tag k='type' v='virtual' />
  </way>
  <way id='3243' visible='true' version='1'>
    <nd ref='1250' />
    <nd ref='1232' />
    <tag k='subtype' v='solid' />
    <tag k='type' v='line_thick' />
  </way>
  <way id='3244' visible='true' version='1'>
    <nd ref='1251' />
    <nd ref='1250' />
    <tag k='subtype' v='solid' />
    <tag k='type' v='line_thin' />
  </way>
  <way id='3245' visible='true' version='1'>
    <nd ref='1231' />
    <nd ref='1232' />
    <tag k='subtype' v='high' />
    <tag k='type' v='curbstone' />
  </way>
  <way id='3246' visible='true' version='1'>
    <nd ref='1674' />
    <nd ref='1673' />
    <tag k='subtype' v='low' />
    <tag k='type' v='curbstone' />
  </way>
  <way id='3247' visible='true' version='1'>
    <nd ref='1232' />
    <nd ref='1233' />
    <nd ref='1234' />
    <nd ref='1235' />
    <nd ref='1236' />
    <tag k='subtype' v='low' />
    <tag k='type' v='curbstone' />
  </way>
  <way id='3248' visible='true' version='1'>
    <nd ref='1680' />
    <nd ref='1657' />
    <tag k='type' v='virtual' />
  </way>
  <way id='3249' visible='true' version='1'>
    <nd ref='1236' />
    <nd ref='1237' />
    <tag k='subtype' v='low' />
    <tag k='type' v='curbstone' />
  </way>
  <way id='3250' visible='true' version='1'>
    <nd ref='1657' />
    <nd ref='1658' />
    <tag k='type' v='virtual' />
  </way>
  <way id='3251' visible='true' version='1'>
    <nd ref='1658' />
    <nd ref='1664' />
    <tag k='subtype' v='dashed' />
    <tag k='type' v='line_thin' />
  </way>
  <way id='3252' visible='true' version='1'>
    <nd ref='2725' />
    <nd ref='1251' />
    <tag k='subtype' v='dashed' />
    <tag k='type' v='line_thin' />
  </way>
  <way id='3253' visible='true' version='1'>
    <nd ref='2708' />
    <nd ref='2707' />
    <nd ref='2705' />
    <tag k='subtype' v='low' />
    <tag k='type' v='curbstone' />
  </way>
  <way id='3254' visible='true' version='1'>
    <nd ref='1262' />
    <nd ref='1263' />
    <tag k='subtype' v='solid' />
    <tag k='type' v='line_thin' />
  </way>
  <way id='3255' visible='true' version='1'>
    <nd ref='1018' />
    <nd ref='1264' />
    <nd ref='1265' />
    <tag k='type' v='bike_marking' />
  </way>
  <way id='3256' visible='true' version='1'>
    <nd ref='1265' />
    <nd ref='1266' />
    <tag k='subtype' v='high' />
    <tag k='type' v='curbstone' />
  </way>
  <way id='3257' visible='true' version='1'>
    <nd ref='1209' />
    <nd ref='4589' />
    <nd ref='2701' />
    <tag k='subtype' v='low' />
    <tag k='type' v='curbstone' />
  </way>
  <way id='3258' visible='true' version='1'>
    <nd ref='2709' />
    <nd ref='2698' />
    <nd ref='1265' />
    <tag k='subtype' v='low' />
    <tag k='type' v='curbstone' />
  </way>
  <way id='3259' visible='true' version='1'>
    <nd ref='1209' />
    <nd ref='1011' />
    <tag k='type' v='bike_marking' />
  </way>
  <way id='3260' visible='true' version='1'>
    <nd ref='1210' />
    <nd ref='1209' />
    <tag k='subtype' v='low' />
    <tag k='type' v='curbstone' />
  </way>
  <way id='3261' visible='true' version='1'>
    <nd ref='1116' />
    <nd ref='1131' />
    <nd ref='1132' />
    <tag k='subtype' v='low' />
    <tag k='type' v='curbstone' />
  </way>
  <way id='3262' visible='true' version='1'>
    <nd ref='1144' />
    <nd ref='1146' />
    <nd ref='1147' />
    <tag k='type' v='virtual' />
  </way>
  <way id='3263' visible='true' version='1'>
    <nd ref='1161' />
    <nd ref='1160' />
    <nd ref='1066' />
    <tag k='type' v='virtual' />
  </way>
  <way id='3264' visible='true' version='1'>
    <nd ref='1176' />
    <nd ref='1175' />
    <nd ref='1173' />
    <tag k='type' v='virtual' />
  </way>
  <way id='3265' visible='true' version='1'>
    <nd ref='1190' />
    <nd ref='1189' />
    <tag k='type' v='virtual' />
  </way>
  <way id='3266' visible='true' version='1'>
    <nd ref='1211' />
    <nd ref='1210' />
    <tag k='subtype' v='low' />
    <tag k='type' v='curbstone' />
  </way>
  <way id='3267' visible='true' version='1'>
    <nd ref='1213' />
    <nd ref='1212' />
    <nd ref='1211' />
    <tag k='subtype' v='low' />
    <tag k='type' v='curbstone' />
  </way>
  <way id='3268' visible='true' version='1'>
    <nd ref='2697' />
    <nd ref='1190' />
    <tag k='type' v='bike_marking' />
  </way>
  <way id='3269' visible='true' version='1'>
    <nd ref='2696' />
    <nd ref='1176' />
    <tag k='subtype' v='dashed' />
    <tag k='type' v='line_thin' />
  </way>
  <way id='3270' visible='true' version='1'>
    <nd ref='2695' />
    <nd ref='1161' />
    <tag k='subtype' v='dashed' />
    <tag k='type' v='line_thick' />
  </way>
  <way id='3271' visible='true' version='1'>
    <nd ref='1147' />
    <nd ref='1148' />
    <tag k='subtype' v='dashed' />
    <tag k='type' v='line_thin' />
  </way>
  <way id='3272' visible='true' version='1'>
    <nd ref='1132' />
    <nd ref='1133' />
    <tag k='subtype' v='high' />
    <tag k='type' v='curbstone' />
  </way>
  <way id='3273' visible='true' version='1'>
    <nd ref='2701' />
    <nd ref='2694' />
    <nd ref='2693' />
    <nd ref='2692' />
    <nd ref='1064' />
    <tag k='type' v='virtual' />
  </way>
  <way id='3274' visible='true' version='1'>
    <nd ref='1260' />
    <nd ref='2691' />
    <nd ref='2690' />
    <nd ref='2689' />
    <nd ref='2688' />
    <nd ref='2709' />
    <tag k='type' v='virtual' />
  </way>
  <way id='3275' visible='true' version='1'>
    <nd ref='1018' />
    <nd ref='1017' />
    <nd ref='1016' />
    <tag k='subtype' v='low' />
    <tag k='type' v='curbstone' />
  </way>
  <way id='3276' visible='true' version='1'>
    <nd ref='2709' />
    <nd ref='2699' />
    <nd ref='2700' />
    <nd ref='2706' />
    <tag k='subtype' v='high' />
    <tag k='type' v='curbstone' />
  </way>
  <way id='3277' visible='true' version='1'>
    <nd ref='1016' />
    <nd ref='1015' />
    <nd ref='1014' />
    <nd ref='1013' />
    <nd ref='2229' />
    <nd ref='1012' />
    <tag k='subtype' v='high' />
    <tag k='type' v='curbstone' />
  </way>
  <way id='3278' visible='true' version='1'>
    <nd ref='1011' />
    <nd ref='1203' />
    <nd ref='1010' />
    <tag k='subtype' v='low' />
    <tag k='type' v='curbstone' />
  </way>
  <way id='3279' visible='true' version='1'>
    <nd ref='1173' />
    <nd ref='1065' />
    <tag k='subtype' v='dashed' />
    <tag k='type' v='line_thin' />
  </way>
  <way id='3280' visible='true' version='1'>
    <nd ref='1266' />
    <nd ref='1268' />
    <nd ref='1263' />
    <tag k='subtype' v='solid' />
    <tag k='type' v='line_thick' />
  </way>
  <way id='3281' visible='true' version='1'>
    <nd ref='2708' />
    <nd ref='2687' />
    <tag k='subtype' v='solid' />
    <tag k='type' v='line_thick' />
  </way>
  <way id='3282' visible='true' version='1'>
    <nd ref='2702' />
    <nd ref='2669' />
    <nd ref='1213' />
    <tag k='subtype' v='low' />
    <tag k='type' v='curbstone' />
  </way>
  <way id='3283' visible='true' version='1'>
    <nd ref='2686' />
    <nd ref='2685' />
    <nd ref='2684' />
    <nd ref='2683' />
    <nd ref='2682' />
    <nd ref='2681' />
    <nd ref='2666' />
    <nd ref='1166' />
    <tag k='type' v='virtual' />
  </way>
  <way id='3284' visible='true' version='1'>
    <nd ref='2680' />
    <nd ref='2679' />
    <nd ref='2678' />
    <nd ref='2677' />
    <nd ref='2676' />
    <nd ref='2675' />
    <nd ref='2667' />
    <nd ref='1152' />
    <tag k='type' v='virtual' />
  </way>
  <way id='3285' visible='true' version='1'>
    <nd ref='2702' />
    <nd ref='2674' />
    <nd ref='2673' />
    <nd ref='2672' />
    <nd ref='2671' />
    <nd ref='2670' />
    <nd ref='2668' />
    <nd ref='1136' />
    <tag k='type' v='virtual' />
  </way>
  <way id='3286' visible='true' version='1'>
    <nd ref='1151' />
    <nd ref='1207' />
    <nd ref='1152' />
    <tag k='subtype' v='dashed' />
    <tag k='type' v='line_thin' />
  </way>
  <way id='3287' visible='true' version='1'>
    <nd ref='1208' />
    <nd ref='1136' />
    <tag k='type' v='bike_marking' />
  </way>
  <way id='3288' visible='true' version='1'>
    <nd ref='1268' />
    <nd ref='2662' />
    <tag k='type' v='virtual' />
  </way>
  <way id='3289' visible='true' version='1'>
    <nd ref='1263' />
    <nd ref='2661' />
    <tag k='type' v='virtual' />
  </way>
  <way id='3290' visible='true' version='1'>
    <nd ref='1166' />
    <nd ref='1206' />
    <nd ref='1165' />
    <tag k='subtype' v='dashed' />
    <tag k='type' v='line_thick' />
  </way>
  <way id='3291' visible='true' version='1'>
    <nd ref='1181' />
    <nd ref='1205' />
    <nd ref='1180' />
    <tag k='subtype' v='dashed' />
    <tag k='type' v='line_thin' />
  </way>
  <way id='3292' visible='true' version='1'>
    <nd ref='1195' />
    <nd ref='1204' />
    <nd ref='1194' />
    <tag k='subtype' v='high' />
    <tag k='type' v='curbstone' />
  </way>
  <way id='3293' visible='true' version='1'>
    <nd ref='1182' />
    <nd ref='1181' />
    <tag k='type' v='virtual' />
  </way>
  <way id='3294' visible='true' version='1'>
    <nd ref='1167' />
    <nd ref='1166' />
    <tag k='type' v='virtual' />
  </way>
  <way id='3295' visible='true' version='1'>
    <nd ref='1152' />
    <nd ref='1153' />
    <tag k='type' v='virtual' />
  </way>
  <way id='3296' action='modify' visible='true' version='1'>
    <nd ref='1136' />
    <nd ref='1137' />
    <tag k='type' v='virtual' />
  </way>
  <way id='3297' visible='true' version='1'>
    <nd ref='1197' />
    <nd ref='1196' />
    <nd ref='1195' />
    <tag k='subtype' v='low' />
    <tag k='type' v='curbstone' />
  </way>
  <way id='3298' visible='true' version='1'>
    <nd ref='1167' />
    <nd ref='1182' />
    <nd ref='1197' />
    <tag k='subtype' v='solid' />
    <tag k='type' v='line_thick' />
  </way>
  <way id='3299' visible='true' version='1'>
    <nd ref='1180' />
    <nd ref='2665' />
    <nd ref='2664' />
    <tag k='type' v='virtual' />
  </way>
  <way id='3300' visible='true' version='1'>
    <nd ref='1194' />
    <nd ref='2231' />
    <nd ref='1216' />
    <tag k='subtype' v='low' />
    <tag k='type' v='curbstone' />
  </way>
  <way id='3301' visible='true' version='1'>
    <nd ref='2664' />
    <nd ref='2663' />
    <nd ref='2686' />
    <tag k='type' v='virtual' />
  </way>
  <way id='3302' visible='true' version='1'>
    <nd ref='1216' />
    <nd ref='2235' />
    <nd ref='1217' />
    <nd ref='2238' />
    <nd ref='1218' />
    <tag k='subtype' v='high' />
    <tag k='type' v='curbstone' />
  </way>
  <way id='3303' visible='true' version='1'>
    <nd ref='2250' />
    <nd ref='1221' />
    <nd ref='1222' />
    <tag k='subtype' v='high' />
    <tag k='type' v='curbstone' />
  </way>
  <way id='3304' visible='true' version='1'>
    <nd ref='1218' />
    <nd ref='2255' />
    <tag k='type' v='virtual' />
  </way>
  <way id='3305' visible='true' version='1'>
    <nd ref='1266' />
    <nd ref='2687' />
    <tag k='subtype' v='low' />
    <tag k='type' v='curbstone' />
  </way>
  <way id='3306' visible='true' version='1'>
    <nd ref='2662' />
    <nd ref='2248' />
    <tag k='type' v='virtual' />
  </way>
  <way id='3307' visible='true' version='1'>
    <nd ref='2661' />
    <nd ref='2249' />
    <tag k='type' v='virtual' />
  </way>
  <way id='3308' visible='true' version='1'>
    <nd ref='1116' />
    <nd ref='1144' />
    <nd ref='1066' />
    <tag k='subtype' v='solid' />
    <tag k='type' v='line_thick' />
  </way>
  <way id='3309' visible='true' version='1'>
    <nd ref='1016' />
    <nd ref='2709' />
    <tag k='type' v='bike_marking' />
  </way>
  <way id='3310' visible='true' version='1'>
    <nd ref='1134' />
    <nd ref='2149' />
    <nd ref='1135' />
    <nd ref='2152' />
    <nd ref='1208' />
    <tag k='type' v='bike_marking' />
  </way>
  <way id='3311' visible='true' version='1'>
    <nd ref='2655' />
    <nd ref='2213' />
    <nd ref='2654' />
    <nd ref='2653' />
    <nd ref='2652' />
    <nd ref='2651' />
    <nd ref='2650' />
    <nd ref='2649' />
    <nd ref='2648' />
    <nd ref='2647' />
    <tag k='subtype' v='high' />
    <tag k='type' v='curbstone' />
  </way>
  <way id='3312' visible='true' version='1'>
    <nd ref='2621' />
    <nd ref='2622' />
    <nd ref='2623' />
    <nd ref='2640' />
    <nd ref='2639' />
    <nd ref='2597' />
    <tag k='subtype' v='high' />
    <tag k='type' v='curbstone' />
  </way>
  <way id='3313' visible='true' version='1'>
    <nd ref='2627' />
    <nd ref='2628' />
    <nd ref='2629' />
    <nd ref='2620' />
    <nd ref='2619' />
    <nd ref='2618' />
    <tag k='subtype' v='low' />
    <tag k='type' v='curbstone' />
  </way>
  <way id='3314' visible='true' version='1'>
    <nd ref='2612' />
    <nd ref='2611' />
    <nd ref='2610' />
    <nd ref='2609' />
    <nd ref='2608' />
    <nd ref='2616' />
    <tag k='subtype' v='solid' />
    <tag k='type' v='line_thin' />
  </way>
  <way id='3315' visible='true' version='1'>
    <nd ref='2607' />
    <nd ref='2602' />
    <nd ref='2603' />
    <nd ref='2604' />
    <nd ref='2605' />
    <nd ref='2606' />
    <tag k='type' v='virtual' />
  </way>
  <way id='3316' visible='true' version='1'>
    <nd ref='1134' />
    <nd ref='2581' />
    <nd ref='2601' />
    <nd ref='2600' />
    <nd ref='2599' />
    <tag k='type' v='virtual' />
  </way>
  <way id='3317' visible='true' version='1'>
    <nd ref='2599' />
    <nd ref='2617' />
    <tag k='subtype' v='solid' />
    <tag k='type' v='line_thin' />
  </way>
  <way id='3318' visible='true' version='1'>
    <nd ref='2632' />
    <nd ref='2631' />
    <nd ref='2641' />
    <tag k='subtype' v='low' />
    <tag k='type' v='curbstone' />
  </way>
  <way id='3319' visible='true' version='1'>
    <nd ref='2576' />
    <nd ref='2577' />
    <nd ref='2578' />
    <nd ref='2579' />
    <nd ref='2580' />
    <nd ref='2594' />
    <nd ref='2593' />
    <nd ref='2592' />
    <nd ref='2591' />
    <tag k='subtype' v='high' />
    <tag k='type' v='curbstone' />
  </way>
  <way id='3320' visible='true' version='1'>
    <nd ref='2571' />
    <nd ref='2572' />
    <nd ref='2573' />
    <nd ref='2574' />
    <nd ref='2575' />
    <nd ref='2586' />
    <nd ref='2585' />
    <nd ref='2584' />
    <nd ref='2583' />
    <tag k='subtype' v='high' />
    <tag k='type' v='curbstone' />
  </way>
  <way id='3321' visible='true' version='1'>
    <nd ref='2582' />
    <nd ref='2570' />
    <nd ref='2569' />
    <tag k='type' v='virtual' />
  </way>
  <way id='3322' visible='true' version='1'>
    <nd ref='2582' />
    <nd ref='2524' />
    <nd ref='2519' />
    <tag k='subtype' v='low' />
    <tag k='type' v='curbstone' />
  </way>
  <way id='3323' visible='true' version='1'>
    <nd ref='1768' />
    <nd ref='2765' />
    <tag k='subtype' v='solid' />
    <tag k='type' v='line_thick' />
  </way>
  <way id='3324' visible='true' version='1'>
    <nd ref='2564' />
    <nd ref='2563' />
    <nd ref='2562' />
    <nd ref='2561' />
    <nd ref='2560' />
    <tag k='type' v='road_border' />
  </way>
  <way id='3325' visible='true' version='1'>
    <nd ref='2555' />
    <nd ref='2556' />
    <nd ref='2557' />
    <nd ref='2558' />
    <nd ref='2559' />
    <tag k='type' v='road_border' />
  </way>
  <way id='3326' visible='true' version='1'>
    <nd ref='1416' />
    <nd ref='1410' />
    <nd ref='1404' />
    <tag k='type' v='pedestrian_marking' />
  </way>
  <way id='3327' visible='true' version='1'>
    <nd ref='1382' />
    <nd ref='1389' />
    <nd ref='1396' />
    <nd ref='1403' />
    <tag k='type' v='pedestrian_marking' />
  </way>
  <way id='3328' visible='true' version='1'>
    <nd ref='1765' />
    <nd ref='2853' />
    <nd ref='2776' />
    <nd ref='2552' />
    <tag k='type' v='pedestrian_marking' />
  </way>
  <way id='3329' visible='true' version='1'>
    <nd ref='2795' />
    <nd ref='2796' />
    <nd ref='2834' />
    <nd ref='2857' />
    <tag k='type' v='pedestrian_marking' />
  </way>
  <way id='3330' visible='true' version='1'>
    <nd ref='1053' />
    <nd ref='1752' />
    <nd ref='1751' />
    <nd ref='1744' />
    <tag k='type' v='pedestrian_marking' />
  </way>
  <way id='3331' visible='true' version='1'>
    <nd ref='1094' />
    <nd ref='1766' />
    <nd ref='1767' />
    <nd ref='1768' />
    <tag k='type' v='pedestrian_marking' />
  </way>
  <way id='3332' visible='true' version='1'>
    <nd ref='1115' />
    <nd ref='1101' />
    <nd ref='1095' />
    <tag k='type' v='pedestrian_marking' />
  </way>
  <way id='3333' visible='true' version='1'>
    <nd ref='2551' />
    <nd ref='2550' />
    <nd ref='2549' />
    <nd ref='2548' />
    <nd ref='2547' />
    <nd ref='2546' />
    <nd ref='2545' />
    <tag k='type' v='road_border' />
  </way>
  <way id='3334' visible='true' version='1'>
    <nd ref='1115' />
    <nd ref='2544' />
    <tag k='type' v='virtual' />
  </way>
  <way id='3335' visible='true' version='1'>
    <nd ref='2542' />
    <nd ref='2540' />
    <tag k='type' v='virtual' />
  </way>
  <way id='3336' visible='true' version='1'>
    <nd ref='2543' />
    <nd ref='2541' />
    <tag k='type' v='virtual' />
  </way>
  <way id='3337' visible='true' version='1'>
    <nd ref='2540' />
    <nd ref='1743' />
    <tag k='type' v='virtual' />
  </way>
  <way id='3338' visible='true' version='1'>
    <nd ref='2541' />
    <nd ref='1749' />
    <tag k='type' v='virtual' />
  </way>
  <way id='3339' visible='true' version='1'>
    <nd ref='1680' />
    <nd ref='2538' />
    <nd ref='2539' />
    <tag k='type' v='virtual' />
  </way>
  <way id='3340' visible='true' version='1'>
    <nd ref='2773' />
    <nd ref='1828' />
    <nd ref='1827' />
    <nd ref='1826' />
    <nd ref='1825' />
    <nd ref='2775' />
    <nd ref='2354' />
    <tag k='type' v='bike_marking' />
  </way>
  <way id='3341' visible='true' version='1'>
    <nd ref='2590' />
    <nd ref='2589' />
    <nd ref='2588' />
    <tag k='subtype' v='low' />
    <tag k='type' v='curbstone' />
  </way>
  <way id='3342' visible='true' version='1'>
    <nd ref='2531' />
    <nd ref='2529' />
    <nd ref='2247' />
    <nd ref='2246' />
    <nd ref='2245' />
    <nd ref='2244' />
    <nd ref='2243' />
    <nd ref='2242' />
    <tag k='type' v='road_border' />
  </way>
  <way id='3343' visible='true' version='1'>
    <nd ref='2528' />
    <nd ref='2234' />
    <nd ref='2527' />
    <nd ref='2237' />
    <nd ref='2526' />
    <tag k='subtype' v='high' />
    <tag k='type' v='curbstone' />
  </way>
  <way id='3344' visible='true' version='1'>
    <nd ref='2521' />
    <nd ref='2520' />
    <nd ref='2522' />
    <nd ref='2523' />
    <tag k='type' v='road_border' />
  </way>
  <way id='3345' visible='true' version='1'>
    <nd ref='2591' />
    <nd ref='2590' />
    <tag k='subtype' v='high' />
    <tag k='type' v='curbstone' />
  </way>
  <way id='3346' visible='true' version='1'>
    <nd ref='2583' />
    <nd ref='2582' />
    <tag k='subtype' v='high' />
    <tag k='type' v='curbstone' />
  </way>
  <way id='3347' visible='true' version='1'>
    <nd ref='2582' />
    <nd ref='2254' />
    <nd ref='2590' />
    <tag k='type' v='pedestrian_marking' />
  </way>
  <way id='3348' visible='true' version='1'>
    <nd ref='2583' />
    <nd ref='2591' />
    <tag k='subtype' v='solid' />
    <tag k='type' v='line_thick' />
  </way>
  <way id='3349' visible='true' version='1'>
    <nd ref='2252' />
    <nd ref='2534' />
    <tag k='subtype' v='high' />
    <tag k='type' v='curbstone' />
  </way>
  <way id='3350' visible='true' version='1'>
    <nd ref='2251' />
    <nd ref='2530' />
    <tag k='type' v='road_border' />
  </way>
  <way id='3351' action='modify' visible='true' version='1'>
    <nd ref='2588' />
    <nd ref='-102151' />
    <nd ref='2587' />
    <nd ref='1220' />
    <tag k='subtype' v='low' />
    <tag k='type' v='curbstone' />
  </way>
  <way id='3352' visible='true' version='1'>
    <nd ref='2526' />
    <nd ref='2519' />
    <tag k='type' v='virtual' />
  </way>
  <way id='3353' visible='true' version='1'>
    <nd ref='2703' />
    <nd ref='2525' />
    <tag k='subtype' v='dashed' />
    <tag k='type' v='pedestrian_marking' />
  </way>
  <way id='3354' visible='true' version='1'>
    <nd ref='1645' />
    <nd ref='1641' />
    <nd ref='1630' />
    <nd ref='1618' />
    <tag k='type' v='pedestrian_marking' />
  </way>
  <way id='3355' visible='true' version='1'>
    <nd ref='2279' />
    <nd ref='1714' />
    <nd ref='1642' />
    <nd ref='1631' />
    <nd ref='1619' />
    <tag k='type' v='bike_marking' />
  </way>
  <way id='3356' visible='true' version='1'>
    <nd ref='2043' />
    <nd ref='2139' />
    <nd ref='2295' />
    <tag k='subtype' v='low' />
    <tag k='type' v='curbstone' />
  </way>
  <way id='3357' visible='true' version='1'>
    <nd ref='2048' />
    <nd ref='2047' />
    <nd ref='2046' />
    <nd ref='2721' />
    <tag k='subtype' v='low' />
    <tag k='type' v='curbstone' />
  </way>
  <way id='3358' visible='true' version='1'>
    <nd ref='2050' />
    <nd ref='2312' />
    <nd ref='2309' />
    <nd ref='2051' />
    <nd ref='2311' />
    <tag k='subtype' v='low' />
    <tag k='type' v='curbstone' />
  </way>
  <way id='3359' visible='true' version='1'>
    <nd ref='2053' />
    <nd ref='2313' />
    <nd ref='2054' />
    <nd ref='2055' />
    <nd ref='2056' />
    <nd ref='1237' />
    <tag k='subtype' v='low' />
    <tag k='type' v='curbstone' />
  </way>
  <way id='3360' visible='true' version='1'>
    <nd ref='2053' />
    <nd ref='2050' />
    <tag k='subtype' v='solid' />
    <tag k='type' v='line_thick' />
  </way>
  <way id='3361' visible='true' version='1'>
    <nd ref='2446' />
    <nd ref='2454' />
    <nd ref='2445' />
    <nd ref='2453' />
    <tag k='type' v='road_border' />
  </way>
  <way id='3362' visible='true' version='1'>
    <nd ref='2446' />
    <nd ref='2476' />
    <tag k='type' v='virtual' />
  </way>
  <way id='3363' visible='true' version='1'>
    <nd ref='2048' />
    <nd ref='2310' />
    <nd ref='2049' />
    <nd ref='1243' />
    <tag k='subtype' v='low' />
    <tag k='type' v='curbstone' />
  </way>
  <way id='3364' visible='true' version='1'>
    <nd ref='2050' />
    <nd ref='1241' />
    <tag k='subtype' v='low' />
    <tag k='type' v='curbstone' />
  </way>
  <way id='3365' visible='true' version='1'>
    <nd ref='2053' />
    <nd ref='1240' />
    <tag k='subtype' v='low' />
    <tag k='type' v='curbstone' />
  </way>
  <way id='3366' visible='true' version='1'>
    <nd ref='1237' />
    <nd ref='1238' />
    <tag k='subtype' v='low' />
    <tag k='type' v='curbstone' />
  </way>
  <way id='3367' visible='true' version='1'>
    <nd ref='2539' />
    <nd ref='2537' />
    <nd ref='2729' />
    <tag k='type' v='virtual' />
  </way>
  <way id='3368' visible='true' version='1'>
    <nd ref='1571' />
    <nd ref='1500' />
    <nd ref='1540' />
    <tag k='type' v='bike_marking' />
  </way>
  <way id='3369' visible='true' version='1'>
    <nd ref='1519' />
    <nd ref='1499' />
    <nd ref='1539' />
    <tag k='type' v='bike_marking' />
  </way>
  <way id='3370' visible='true' version='1'>
    <nd ref='1519' />
    <nd ref='2306' />
    <nd ref='2304' />
    <nd ref='2307' />
    <tag k='type' v='virtual' />
  </way>
  <way id='3371' visible='true' version='1'>
    <nd ref='1571' />
    <nd ref='2305' />
    <nd ref='2003' />
    <tag k='type' v='virtual' />
  </way>
  <way id='3372' visible='true' version='1'>
    <nd ref='1540' />
    <nd ref='2303' />
    <nd ref='2740' />
    <tag k='type' v='virtual' />
  </way>
  <way id='3373' visible='true' version='1'>
    <nd ref='2739' />
    <nd ref='2041' />
    <nd ref='2740' />
    <tag k='subtype' v='low' />
    <tag k='type' v='curbstone' />
  </way>
  <way id='3374' visible='true' version='1'>
    <nd ref='2715' />
    <nd ref='2125' />
    <nd ref='2739' />
    <tag k='subtype' v='low' />
    <tag k='type' v='curbstone' />
  </way>
  <way id='3375' visible='true' version='1'>
    <nd ref='2738' />
    <nd ref='2715' />
    <tag k='subtype' v='low' />
    <tag k='type' v='curbstone' />
  </way>
  <way id='3376' visible='true' version='1'>
    <nd ref='2738' />
    <nd ref='2040' />
    <nd ref='1738' />
    <tag k='subtype' v='low' />
    <tag k='type' v='curbstone' />
  </way>
  <way id='3377' visible='true' version='1'>
    <nd ref='2307' />
    <nd ref='2302' />
    <tag k='subtype' v='solid' />
    <tag k='type' v='line_thick' />
  </way>
  <way id='3378' visible='true' version='1'>
    <nd ref='2739' />
    <nd ref='2302' />
    <tag k='type' v='bike_marking' />
  </way>
  <way id='3379' visible='true' version='1'>
    <nd ref='1539' />
    <nd ref='1660' />
    <tag k='type' v='virtual' />
  </way>
  <way id='3380' visible='true' version='1'>
    <nd ref='2300' />
    <nd ref='2738' />
    <tag k='type' v='bike_marking' />
  </way>
  <way id='3381' visible='true' version='1'>
    <nd ref='2740' />
    <nd ref='2127' />
    <nd ref='2741' />
    <tag k='subtype' v='low' />
    <tag k='type' v='curbstone' />
  </way>
  <way id='3382' visible='true' version='1'>
    <nd ref='1573' />
    <nd ref='1570' />
    <tag k='subtype' v='low' />
    <tag k='type' v='curbstone' />
  </way>
  <way id='3383' visible='true' version='1'>
    <nd ref='1574' />
    <nd ref='1521' />
    <tag k='subtype' v='low' />
    <tag k='type' v='curbstone' />
  </way>
  <way id='3384' visible='true' version='1'>
    <nd ref='1570' />
    <nd ref='1520' />
    <tag k='subtype' v='high' />
    <tag k='type' v='curbstone' />
  </way>
  <way id='3385' visible='true' version='1'>
    <nd ref='1619' />
    <nd ref='2295' />
    <tag k='subtype' v='low' />
    <tag k='type' v='curbstone' />
  </way>
  <way id='3386' visible='true' version='1'>
    <nd ref='2023' />
    <nd ref='2016' />
    <tag k='subtype' v='high' />
    <tag k='type' v='curbstone' />
  </way>
  <way id='3387' visible='true' version='1'>
    <nd ref='2745' />
    <nd ref='2039' />
    <nd ref='2746' />
    <tag k='subtype' v='high' />
    <tag k='type' v='curbstone' />
  </way>
  <way id='3388' visible='true' version='1'>
    <nd ref='2746' />
    <nd ref='1535' />
    <tag k='subtype' v='high' />
    <tag k='type' v='curbstone' />
  </way>
  <way id='3389' visible='true' version='1'>
    <nd ref='2026' />
    <nd ref='1536' />
    <tag k='subtype' v='high' />
    <tag k='type' v='curbstone' />
  </way>
  <way id='3390' visible='true' version='1'>
    <nd ref='1619' />
    <nd ref='1620' />
    <tag k='subtype' v='low' />
    <tag k='type' v='curbstone' />
  </way>
  <way id='3391' visible='true' version='1'>
    <nd ref='2020' />
    <nd ref='2021' />
    <nd ref='2022' />
    <nd ref='2128' />
    <nd ref='2023' />
    <tag k='subtype' v='high' />
    <tag k='type' v='curbstone' />
  </way>
  <way id='3392' visible='true' version='1'>
    <nd ref='1954' />
    <nd ref='1940' />
    <tag k='type' v='virtual' />
  </way>
  <way id='3393' visible='true' version='1'>
    <nd ref='2031' />
    <nd ref='2007' />
    <tag k='type' v='virtual' />
  </way>
  <way id='3394' action='modify' visible='true' version='1'>
    <nd ref='2007' />
    <nd ref='2006' />
    <nd ref='2005' />
    <nd ref='-102266' />
    <nd ref='2004' />
    <tag k='subtype' v='low' />
    <tag k='type' v='curbstone' />
  </way>
  <way id='3395' visible='true' version='1'>
    <nd ref='2036' />
    <nd ref='2035' />
    <nd ref='2034' />
    <nd ref='2033' />
    <nd ref='2032' />
    <nd ref='2031' />
    <tag k='type' v='road_border' />
  </way>
  <way id='3396' visible='true' version='1'>
    <nd ref='1954' />
    <nd ref='1953' />
    <nd ref='1952' />
    <nd ref='1943' />
    <tag k='type' v='road_border' />
  </way>
  <way id='3397' visible='true' version='1'>
    <nd ref='1618' />
    <nd ref='2043' />
    <tag k='type' v='virtual' />
  </way>
  <way id='3398' visible='true' version='1'>
    <nd ref='2043' />
    <nd ref='2004' />
    <tag k='type' v='virtual' />
  </way>
  <way id='3399' action='modify' visible='true' version='1'>
    <nd ref='2004' />
    <nd ref='2138' />
    <nd ref='-102064' />
    <nd ref='2023' />
    <tag k='subtype' v='low' />
    <tag k='type' v='curbstone' />
  </way>
  <way id='3400' visible='true' version='1'>
    <nd ref='1665' />
    <nd ref='1670' />
    <nd ref='1656' />
    <tag k='subtype' v='high' />
    <tag k='type' v='curbstone' />
  </way>
  <way id='3401' visible='true' version='1'>
    <nd ref='1644' />
    <nd ref='2282' />
    <tag k='subtype' v='low' />
    <tag k='type' v='curbstone' />
  </way>
  <way id='3402' visible='true' version='1'>
    <nd ref='2281' />
    <nd ref='1653' />
    <tag k='subtype' v='low' />
    <tag k='type' v='curbstone' />
  </way>
  <way id='3403' visible='true' version='1'>
    <nd ref='1539' />
    <nd ref='2278' />
    <tag k='type' v='bike_marking' />
  </way>
  <way id='3404' visible='true' version='1'>
    <nd ref='2278' />
    <nd ref='1707' />
    <tag k='type' v='bike_marking' />
  </way>
  <way id='3405' visible='true' version='1'>
    <nd ref='1660' />
    <nd ref='1657' />
    <nd ref='2280' />
    <tag k='type' v='bike_marking' />
  </way>
  <way id='3406' visible='true' version='1'>
    <nd ref='2280' />
    <nd ref='2279' />
    <tag k='type' v='bike_marking' />
  </way>
  <way id='3407' visible='true' version='1'>
    <nd ref='1661' />
    <nd ref='1658' />
    <nd ref='1655' />
    <tag k='type' v='pedestrian_marking' />
  </way>
  <way id='3408' visible='true' version='1'>
    <nd ref='1655' />
    <nd ref='1645' />
    <tag k='subtype' v='low' />
    <tag k='type' v='curbstone' />
  </way>
  <way id='3409' visible='true' version='1'>
    <nd ref='2013' />
    <nd ref='2012' />
    <tag k='subtype' v='low' />
    <tag k='type' v='curbstone' />
  </way>
  <way id='3410' visible='true' version='1'>
    <nd ref='2037' />
    <nd ref='2036' />
    <tag k='type' v='road_border' />
  </way>
  <way id='3411' action='modify' visible='true' version='1'>
    <nd ref='2745' />
    <nd ref='-102042' />
    <nd ref='-102027' />
    <nd ref='2744' />
    <tag k='subtype' v='high' />
    <tag k='type' v='curbstone' />
  </way>
  <way id='3412' visible='true' version='1'>
    <nd ref='2488' />
    <nd ref='2155' />
    <nd ref='2269' />
    <nd ref='2270' />
    <nd ref='2277' />
    <nd ref='2154' />
    <nd ref='2273' />
    <tag k='type' v='road_border' />
  </way>
  <way id='3413' visible='true' version='1'>
    <nd ref='2488' />
    <nd ref='2461' />
    <tag k='type' v='virtual' />
  </way>
  <way id='3414' visible='true' version='1'>
    <nd ref='2476' />
    <nd ref='2048' />
    <tag k='type' v='virtual' />
  </way>
  <way id='3415' visible='true' version='1'>
    <nd ref='1968' />
    <nd ref='1031' />
    <tag k='type' v='virtual' />
  </way>
  <way id='3416' visible='true' version='1'>
    <nd ref='1862' />
    <nd ref='1861' />
    <nd ref='1860' />
    <nd ref='1859' />
    <nd ref='1858' />
    <nd ref='1857' />
    <nd ref='1856' />
    <tag k='type' v='road_border' />
  </way>
  <way id='3417' visible='true' version='1'>
    <nd ref='2267' />
    <nd ref='2266' />
    <nd ref='2265' />
    <nd ref='2264' />
    <nd ref='2263' />
    <nd ref='2262' />
    <nd ref='2261' />
    <tag k='type' v='road_border' />
  </way>
  <way id='3418' visible='true' version='1'>
    <nd ref='2730' />
    <nd ref='2267' />
    <tag k='type' v='virtual' />
  </way>
  <way id='3419' visible='true' version='1'>
    <nd ref='1033' />
    <nd ref='1968' />
    <tag k='type' v='virtual' />
  </way>
  <way id='3420' visible='true' version='1'>
    <nd ref='2267' />
    <nd ref='1869' />
    <tag k='type' v='virtual' />
  </way>
  <way id='3421' visible='true' version='1'>
    <nd ref='2260' />
    <nd ref='2267' />
    <tag k='type' v='virtual' />
  </way>
  <way id='3422' visible='true' version='1'>
    <nd ref='1968' />
    <nd ref='1972' />
    <tag k='type' v='virtual' />
  </way>
  <way id='3423' visible='true' version='1'>
    <nd ref='2258' />
    <nd ref='2710' />
    <tag k='type' v='virtual' />
  </way>
  <way id='3424' visible='true' version='1'>
    <nd ref='1675' />
    <nd ref='2257' />
    <tag k='type' v='virtual' />
  </way>
  <way id='3425' visible='true' version='1'>
    <nd ref='1676' />
    <nd ref='1675' />
    <nd ref='2710' />
    <nd ref='1674' />
    <tag k='subtype' v='low' />
    <tag k='type' v='curbstone' />
  </way>
  <way id='3426' visible='true' version='1'>
    <nd ref='2731' />
    <nd ref='2257' />
    <nd ref='2258' />
    <nd ref='2256' />
    <tag k='subtype' v='low' />
    <tag k='type' v='curbstone' />
  </way>
  <way id='3427' visible='true' version='1'>
    <nd ref='1606' />
    <nd ref='2731' />
    <tag k='type' v='virtual' />
  </way>
  <way id='3428' visible='true' version='1'>
    <nd ref='2731' />
    <nd ref='1676' />
    <tag k='type' v='virtual' />
  </way>
  <way id='3429' visible='true' version='1'>
    <nd ref='1869' />
    <nd ref='1868' />
    <nd ref='1867' />
    <nd ref='1866' />
    <nd ref='1865' />
    <nd ref='1864' />
    <nd ref='1863' />
    <tag k='type' v='road_border' />
  </way>
  <way id='3430' visible='true' version='1'>
    <nd ref='2256' />
    <nd ref='1694' />
    <tag k='subtype' v='low' />
    <tag k='type' v='curbstone' />
  </way>
  <way id='3431' visible='true' version='1'>
    <nd ref='2733' />
    <nd ref='2731' />
    <tag k='subtype' v='low' />
    <tag k='type' v='curbstone' />
  </way>
  <way id='3432' visible='true' version='1'>
    <nd ref='1566' />
    <nd ref='1573' />
    <tag k='type' v='virtual' />
  </way>
  <way id='3433' visible='true' version='1'>
    <nd ref='1591' />
    <nd ref='1715' />
    <tag k='type' v='virtual' />
  </way>
  <way id='3434' visible='true' version='1'>
    <nd ref='1655' />
    <nd ref='1665' />
    <tag k='subtype' v='high' />
    <tag k='type' v='curbstone' />
  </way>
  <way id='3435' visible='true' version='1'>
    <nd ref='2002' />
    <nd ref='1500' />
    <tag k='type' v='virtual' />
  </way>
  <way id='3436' visible='true' version='1'>
    <nd ref='2003' />
    <nd ref='2307' />
    <tag k='type' v='virtual' />
  </way>
  <way id='3437' visible='true' version='1'>
    <nd ref='1551' />
    <nd ref='1552' />
    <tag k='subtype' v='high' />
    <tag k='type' v='curbstone' />
  </way>
  <way id='3438' visible='true' version='1'>
    <nd ref='1631' />
    <nd ref='1632' />
    <tag k='type' v='virtual' />
  </way>
  <way id='3439' visible='true' version='1'>
    <nd ref='1642' />
    <nd ref='1643' />
    <tag k='type' v='virtual' />
  </way>
  <way id='3440' visible='true' version='1'>
    <nd ref='1734' />
    <nd ref='1735' />
    <tag k='subtype' v='low' />
    <tag k='type' v='curbstone' />
  </way>
  <way id='3441' visible='true' version='1'>
    <nd ref='1735' />
    <nd ref='2286' />
    <nd ref='1736' />
    <nd ref='2283' />
    <nd ref='1662' />
    <tag k='subtype' v='low' />
    <tag k='type' v='curbstone' />
  </way>
  <way id='3442' visible='true' version='1'>
    <nd ref='2462' />
    <nd ref='2459' />
    <tag k='type' v='road_border' />
  </way>
  <way id='3443' visible='true' version='1'>
    <nd ref='2477' />
    <nd ref='2489' />
    <tag k='subtype' v='high' />
    <tag k='type' v='curbstone' />
  </way>
  <way id='3444' visible='true' version='1'>
    <nd ref='1230' />
    <nd ref='1231' />
    <tag k='subtype' v='high' />
    <tag k='type' v='curbstone' />
  </way>
  <way id='3445' visible='true' version='1'>
    <nd ref='2500' />
    <nd ref='2230' />
    <nd ref='2517' />
    <tag k='type' v='road_border' />
  </way>
  <way id='3446' visible='true' version='1'>
    <nd ref='2511' />
    <nd ref='2232' />
    <nd ref='2528' />
    <tag k='subtype' v='high' />
    <tag k='type' v='curbstone' />
  </way>
  <way id='3447' visible='true' version='1'>
    <nd ref='2656' />
    <nd ref='2153' />
    <nd ref='2644' />
    <nd ref='2643' />
    <nd ref='2642' />
    <nd ref='2641' />
    <tag k='type' v='bike_marking' />
  </way>
  <way id='3448' visible='true' version='1'>
    <nd ref='1130' />
    <nd ref='2221' />
    <tag k='type' v='bike_marking' />
  </way>
  <way id='3449' visible='true' version='1'>
    <nd ref='1065' />
    <nd ref='2220' />
    <tag k='subtype' v='dashed' />
    <tag k='type' v='line_thin' />
  </way>
  <way id='3450' visible='true' version='1'>
    <nd ref='1067' />
    <nd ref='2219' />
    <tag k='subtype' v='solid' />
    <tag k='type' v='line_thin' />
  </way>
  <way id='3451' visible='true' version='1'>
    <nd ref='1114' />
    <nd ref='1144' />
    <tag k='subtype' v='dashed' />
    <tag k='type' v='line_thin' />
  </way>
  <way id='3452' visible='true' version='1'>
    <nd ref='1129' />
    <nd ref='1116' />
    <tag k='subtype' v='high' />
    <tag k='type' v='curbstone' />
  </way>
  <way id='3453' visible='true' version='1'>
    <nd ref='2398' />
    <nd ref='2407' />
    <tag k='subtype' v='high' />
    <tag k='type' v='curbstone' />
  </way>
  <way id='3454' visible='true' version='1'>
    <nd ref='2387' />
    <nd ref='2396' />
    <tag k='type' v='road_border' />
  </way>
  <way id='3455' visible='true' version='1'>
    <nd ref='2521' />
    <nd ref='2516' />
    <tag k='type' v='road_border' />
  </way>
  <way id='3456' visible='true' version='1'>
    <nd ref='2255' />
    <nd ref='1219' />
    <nd ref='2253' />
    <tag k='type' v='bike_marking' />
  </way>
  <way id='3457' visible='true' version='1'>
    <nd ref='2513' />
    <nd ref='2532' />
    <nd ref='2533' />
    <tag k='type' v='road_border' />
  </way>
  <way id='3458' visible='true' version='1'>
    <nd ref='2531' />
    <nd ref='2513' />
    <tag k='type' v='road_border' />
  </way>
  <way id='3459' visible='true' version='1'>
    <nd ref='2588' />
    <nd ref='2533' />
    <tag k='type' v='virtual' />
  </way>
  <way id='3460' visible='true' version='1'>
    <nd ref='2590' />
    <nd ref='2513' />
    <tag k='type' v='virtual' />
  </way>
  <way id='3461' action='modify' visible='true' version='1'>
    <nd ref='2519' />
    <nd ref='-102138' />
    <nd ref='-102115' />
    <nd ref='-102125' />
    <nd ref='2525' />
    <nd ref='1218' />
    <tag k='subtype' v='low' />
    <tag k='type' v='curbstone' />
  </way>
  <way id='3462' visible='true' version='1'>
    <nd ref='2253' />
    <nd ref='1220' />
    <tag k='type' v='bike_marking' />
  </way>
  <way id='3463' visible='true' version='1'>
    <nd ref='2588' />
    <nd ref='2252' />
    <tag k='subtype' v='high' />
    <tag k='type' v='curbstone' />
  </way>
  <way id='3464' visible='true' version='1'>
    <nd ref='2533' />
    <nd ref='2251' />
    <tag k='type' v='road_border' />
  </way>
  <way id='3465' visible='true' version='1'>
    <nd ref='2569' />
    <nd ref='2568' />
    <nd ref='1263' />
    <tag k='type' v='virtual' />
  </way>
  <way id='3466' visible='true' version='1'>
    <nd ref='2687' />
    <nd ref='2704' />
    <tag k='subtype' v='low' />
    <tag k='type' v='curbstone' />
  </way>
  <way id='3467' visible='true' version='1'>
    <nd ref='2248' />
    <nd ref='2680' />
    <tag k='type' v='virtual' />
  </way>
  <way id='3468' visible='true' version='1'>
    <nd ref='2249' />
    <nd ref='2686' />
    <tag k='type' v='virtual' />
  </way>
  <way id='3469' visible='true' version='1'>
    <nd ref='1220' />
    <nd ref='2250' />
    <tag k='subtype' v='high' />
    <tag k='type' v='curbstone' />
  </way>
  <way id='3470' visible='true' version='1'>
    <nd ref='2534' />
    <nd ref='2490' />
    <tag k='subtype' v='high' />
    <tag k='type' v='curbstone' />
  </way>
  <way id='3471' visible='true' version='1'>
    <nd ref='2530' />
    <nd ref='2470' />
    <tag k='type' v='road_border' />
  </way>
  <way id='3472' visible='true' version='1'>
    <nd ref='2511' />
    <nd ref='1216' />
    <tag k='type' v='virtual' />
  </way>
  <way id='3473' visible='true' version='1'>
    <nd ref='1194' />
    <nd ref='1193' />
    <tag k='type' v='bike_marking' />
  </way>
  <way id='3474' visible='true' version='1'>
    <nd ref='1180' />
    <nd ref='1179' />
    <tag k='subtype' v='dashed' />
    <tag k='type' v='line_thin' />
  </way>
  <way id='3475' visible='true' version='1'>
    <nd ref='1165' />
    <nd ref='1164' />
    <tag k='subtype' v='dashed' />
    <tag k='type' v='line_thick' />
  </way>
  <way id='3476' visible='true' version='1'>
    <nd ref='1150' />
    <nd ref='1151' />
    <tag k='subtype' v='dashed' />
    <tag k='type' v='line_thin' />
  </way>
  <way id='3477' visible='true' version='1'>
    <nd ref='1210' />
    <nd ref='2705' />
    <tag k='type' v='virtual' />
  </way>
  <way id='3478' visible='true' version='1'>
    <nd ref='2706' />
    <nd ref='1012' />
    <tag k='type' v='virtual' />
  </way>
  <way id='3479' visible='true' version='1'>
    <nd ref='2705' />
    <nd ref='2706' />
    <tag k='subtype' v='low' />
    <tag k='type' v='curbstone' />
  </way>
  <way id='3480' visible='true' version='1'>
    <nd ref='2709' />
    <nd ref='2214' />
    <tag k='subtype' v='low' />
    <tag k='type' v='curbstone' />
  </way>
  <way id='3481' action='modify' visible='true' version='1'>
    <nd ref='2268' />
    <nd ref='2228' />
    <nd ref='2227' />
    <nd ref='-102091' />
    <nd ref='2226' />
    <nd ref='-102103' />
    <nd ref='2225' />
    <nd ref='2222' />
    <nd ref='2223' />
    <tag k='type' v='road_border' />
  </way>
  <way id='3482' visible='true' version='1'>
    <nd ref='1011' />
    <nd ref='1891' />
    <tag k='type' v='virtual' />
  </way>
  <way id='3483' visible='true' version='1'>
    <nd ref='2268' />
    <nd ref='1016' />
    <tag k='type' v='virtual' />
  </way>
  <way id='3484' visible='true' version='1'>
    <nd ref='2091' />
    <nd ref='2092' />
    <tag k='subtype' v='red_green' />
    <tag k='type' v='traffic_light' />
  </way>
  <way id='3485' visible='true' version='1'>
    <nd ref='2093' />
    <nd ref='2094' />
    <tag k='subtype' v='red_green' />
    <tag k='type' v='traffic_light' />
  </way>
  <way id='3486' visible='true' version='1'>
    <nd ref='2095' />
    <nd ref='2096' />
    <tag k='subtype' v='red_green' />
    <tag k='type' v='traffic_light' />
  </way>
  <way id='3487' visible='true' version='1'>
    <nd ref='2097' />
    <nd ref='2098' />
    <tag k='subtype' v='red_green' />
    <tag k='type' v='traffic_light' />
  </way>
  <way id='3488' visible='true' version='1'>
    <nd ref='2099' />
    <nd ref='2100' />
    <tag k='subtype' v='red_green' />
    <tag k='type' v='traffic_light' />
  </way>
  <way id='3489' visible='true' version='1'>
    <nd ref='2101' />
    <nd ref='2102' />
    <tag k='subtype' v='red_green' />
    <tag k='type' v='traffic_light' />
  </way>
  <way id='3490' visible='true' version='1'>
    <nd ref='2103' />
    <nd ref='2104' />
    <tag k='subtype' v='red_green' />
    <tag k='type' v='traffic_light' />
  </way>
  <way id='3491' visible='true' version='1'>
    <nd ref='2105' />
    <nd ref='2106' />
    <tag k='subtype' v='red_green' />
    <tag k='type' v='traffic_light' />
  </way>
  <way id='3492' visible='true' version='1'>
    <nd ref='2107' />
    <nd ref='2108' />
    <tag k='subtype' v='red_green' />
    <tag k='type' v='traffic_light' />
  </way>
  <way id='3493' visible='true' version='1'>
    <nd ref='2109' />
    <nd ref='2110' />
    <tag k='subtype' v='red_green' />
    <tag k='type' v='traffic_light' />
  </way>
  <way id='3494' visible='true' version='1'>
    <nd ref='2111' />
    <nd ref='2112' />
    <tag k='subtype' v='red_green' />
    <tag k='type' v='traffic_light' />
  </way>
  <way id='3495' visible='true' version='1'>
    <nd ref='2113' />
    <nd ref='2114' />
    <tag k='subtype' v='red_green' />
    <tag k='type' v='traffic_light' />
  </way>
  <way id='3496' visible='true' version='1'>
    <nd ref='2115' />
    <nd ref='2116' />
    <tag k='subtype' v='red_green' />
    <tag k='type' v='traffic_light' />
  </way>
  <way id='3497' visible='true' version='1'>
    <nd ref='2117' />
    <nd ref='2118' />
    <tag k='subtype' v='red_green' />
    <tag k='type' v='traffic_light' />
  </way>
  <way id='3498' visible='true' version='1'>
    <nd ref='2119' />
    <nd ref='2120' />
    <tag k='subtype' v='red_green' />
    <tag k='type' v='traffic_light' />
  </way>
  <way id='3499' visible='true' version='1'>
    <nd ref='2121' />
    <nd ref='2122' />
    <tag k='subtype' v='red_green' />
    <tag k='type' v='traffic_light' />
  </way>
  <way id='3500' visible='true' version='1'>
    <nd ref='2123' />
    <nd ref='2124' />
    <tag k='subtype' v='red_green' />
    <tag k='type' v='traffic_light' />
  </way>
  <way id='3501' visible='true' version='1'>
    <nd ref='2183' />
    <nd ref='2182' />
    <tag k='subtype' v='red_green' />
    <tag k='type' v='traffic_light' />
  </way>
  <way id='3502' visible='true' version='1'>
    <nd ref='2181' />
    <nd ref='2180' />
    <tag k='subtype' v='red_green' />
    <tag k='type' v='traffic_light' />
  </way>
  <way id='3503' visible='true' version='1'>
    <nd ref='2179' />
    <nd ref='2178' />
    <tag k='subtype' v='red_green' />
    <tag k='type' v='traffic_light' />
  </way>
  <way id='3504' visible='true' version='1'>
    <nd ref='2177' />
    <nd ref='2176' />
    <tag k='subtype' v='red_green' />
    <tag k='type' v='traffic_light' />
  </way>
  <way id='3505' visible='true' version='1'>
    <nd ref='2175' />
    <nd ref='2174' />
    <tag k='subtype' v='red_green' />
    <tag k='type' v='traffic_light' />
  </way>
  <way id='3506' visible='true' version='1'>
    <nd ref='2173' />
    <nd ref='2172' />
    <tag k='subtype' v='red_green' />
    <tag k='type' v='traffic_light' />
  </way>
  <way id='3507' visible='true' version='1'>
    <nd ref='2171' />
    <nd ref='2170' />
    <tag k='subtype' v='red_green' />
    <tag k='type' v='traffic_light' />
  </way>
  <way id='3508' visible='true' version='1'>
    <nd ref='2169' />
    <nd ref='2168' />
    <tag k='subtype' v='red_green' />
    <tag k='type' v='traffic_light' />
  </way>
  <way id='3509' visible='true' version='1'>
    <nd ref='2167' />
    <nd ref='2166' />
    <tag k='subtype' v='red_green' />
    <tag k='type' v='traffic_light' />
  </way>
  <way id='3510' visible='true' version='1'>
    <nd ref='2165' />
    <nd ref='2164' />
    <tag k='subtype' v='red_green' />
    <tag k='type' v='traffic_light' />
  </way>
  <way id='3511' visible='true' version='1'>
    <nd ref='2163' />
    <nd ref='2162' />
    <tag k='subtype' v='red_green' />
    <tag k='type' v='traffic_light' />
  </way>
  <way id='3512' visible='true' version='1'>
    <nd ref='2161' />
    <nd ref='2160' />
    <tag k='subtype' v='red_green' />
    <tag k='type' v='traffic_light' />
  </way>
  <way id='3513' visible='true' version='1'>
    <nd ref='2159' />
    <nd ref='2158' />
    <tag k='subtype' v='red_green' />
    <tag k='type' v='traffic_light' />
  </way>
  <way id='3514' visible='true' version='1'>
    <nd ref='1734' />
    <nd ref='2130' />
    <tag k='type' v='virtual' />
  </way>
  <way id='3515' visible='true' version='1'>
    <nd ref='2136' />
    <nd ref='2716' />
    <tag k='type' v='bike_marking' />
  </way>
  <way id='3516' visible='true' version='1'>
    <nd ref='2137' />
    <nd ref='2717' />
    <tag k='subtype' v='solid' />
    <tag k='type' v='line_thin' />
  </way>
  <way id='3517' visible='true' version='1'>
    <nd ref='1523' />
    <nd ref='1578' />
    <tag k='subtype' v='solid' />
    <tag k='type' v='line_thin' />
  </way>
  <way id='3518' visible='true' version='1'>
    <nd ref='1979' />
    <nd ref='2129' />
    <nd ref='2133' />
    <nd ref='2130' />
    <tag k='type' v='virtual' />
  </way>
  <way id='3519' visible='true' version='1'>
    <nd ref='2130' />
    <nd ref='2131' />
    <tag k='type' v='virtual' />
  </way>
  <way id='3520' visible='true' version='1'>
    <nd ref='1992' />
    <nd ref='1662' />
    <tag k='type' v='virtual' />
  </way>
  <way id='3521' visible='true' version='1'>
    <nd ref='2656' />
    <nd ref='1134' />
    <tag k='subtype' v='solid' />
    <tag k='type' v='line_thick' />
  </way>
  <way id='3522' visible='true' version='1'>
    <nd ref='2151' />
    <nd ref='2150' />
    <tag k='subtype' v='red_green' />
    <tag k='type' v='traffic_light' />
  </way>
  <way id='3523' visible='true' version='1'>
    <nd ref='2148' />
    <nd ref='2147' />
    <tag k='subtype' v='red_green' />
    <tag k='type' v='traffic_light' />
  </way>
  <way id='3524' visible='true' version='1'>
    <nd ref='2146' />
    <nd ref='2145' />
    <tag k='subtype' v='red_green' />
    <tag k='type' v='traffic_light' />
  </way>
  <way id='3525' visible='true' version='1'>
    <nd ref='2144' />
    <nd ref='2143' />
    <tag k='subtype' v='red_green' />
    <tag k='type' v='traffic_light' />
  </way>
  <way id='3526' visible='true' version='1'>
    <nd ref='2142' />
    <nd ref='2141' />
    <tag k='subtype' v='red_green' />
    <tag k='type' v='traffic_light' />
  </way>
  <way id='3527' visible='true' version='1'>
    <nd ref='1735' />
    <nd ref='2131' />
    <tag k='type' v='virtual' />
  </way>
  <way id='3528' visible='true' version='1'>
    <nd ref='1979' />
    <nd ref='1733' />
    <tag k='type' v='virtual' />
  </way>
  <way id='3529' visible='true' version='1'>
    <nd ref='2131' />
    <nd ref='2134' />
    <nd ref='2132' />
    <nd ref='1992' />
    <tag k='type' v='virtual' />
  </way>
  <way id='3530' visible='true' version='1'>
    <nd ref='2295' />
    <nd ref='2023' />
    <tag k='type' v='virtual' />
  </way>
  <way id='3531' visible='true' version='1'>
    <nd ref='2126' />
    <nd ref='2127' />
    <tag k='type' v='virtual' />
  </way>
  <way id='3532' visible='true' version='1'>
    <nd ref='1661' />
    <nd ref='2126' />
    <tag k='type' v='virtual' />
  </way>
  <way id='3533' visible='true' version='1'>
    <nd ref='2003' />
    <nd ref='2125' />
    <tag k='type' v='virtual' />
  </way>
  <way id='3534' visible='true' version='1'>
    <nd ref='2311' />
    <nd ref='2052' />
    <nd ref='1242' />
    <tag k='subtype' v='low' />
    <tag k='type' v='curbstone' />
  </way>
  <way id='3535' visible='true' version='1'>
    <nd ref='2273' />
    <nd ref='2276' />
    <nd ref='2272' />
    <nd ref='2275' />
    <nd ref='2274' />
    <tag k='type' v='road_border' />
  </way>
  <way id='3536' visible='true' version='1'>
    <nd ref='1236' />
    <nd ref='2273' />
    <tag k='type' v='virtual' />
  </way>
  <way id='3537' visible='true' version='1'>
    <nd ref='2311' />
    <nd ref='2274' />
    <tag k='type' v='virtual' />
  </way>
  <way id='3538' visible='true' version='1'>
    <nd ref='2274' />
    <nd ref='2271' />
    <nd ref='2476' />
    <tag k='type' v='road_border' />
  </way>
  <way id='3539' visible='true' version='1'>
    <nd ref='2048' />
    <nd ref='2311' />
    <tag k='type' v='virtual' />
  </way>
  <way id='3540' visible='true' version='1'>
    <nd ref='2269' />
    <nd ref='1234' />
    <tag k='type' v='virtual' />
  </way>
  <way id='3541' visible='true' version='1'>
    <nd ref='1233' />
    <nd ref='2155' />
    <tag k='type' v='virtual' />
  </way>
  <way id='3542' visible='true' version='1'>
    <nd ref='2157' />
    <nd ref='2156' />
    <tag k='subtype' v='red_green' />
    <tag k='type' v='traffic_light' />
  </way>
  <way id='3543' visible='true' version='1'>
    <nd ref='2089' />
    <nd ref='2090' />
    <tag k='subtype' v='red_green' />
    <tag k='type' v='traffic_light' />
  </way>
  <way id='3544' visible='true' version='1'>
    <nd ref='2087' />
    <nd ref='2088' />
    <tag k='subtype' v='red_green' />
    <tag k='type' v='traffic_light' />
  </way>
  <way id='3545' visible='true' version='1'>
    <nd ref='2085' />
    <nd ref='2086' />
    <tag k='subtype' v='red_green' />
    <tag k='type' v='traffic_light' />
  </way>
  <way id='3546' visible='true' version='1'>
    <nd ref='2083' />
    <nd ref='2084' />
    <tag k='subtype' v='red_green' />
    <tag k='type' v='traffic_light' />
  </way>
  <way id='3547' visible='true' version='1'>
    <nd ref='2081' />
    <nd ref='2082' />
    <tag k='subtype' v='red_green' />
    <tag k='type' v='traffic_light' />
  </way>
  <way id='3548' visible='true' version='1'>
    <nd ref='2079' />
    <nd ref='2080' />
    <tag k='subtype' v='red_yellow_green' />
    <tag k='type' v='traffic_light' />
  </way>
  <way id='3549' visible='true' version='1'>
    <nd ref='2077' />
    <nd ref='2078' />
    <tag k='subtype' v='red_yellow_green' />
    <tag k='type' v='traffic_light' />
  </way>
  <way id='3550' visible='true' version='1'>
    <nd ref='2075' />
    <nd ref='2076' />
    <tag k='subtype' v='red_yellow_green' />
    <tag k='type' v='traffic_light' />
  </way>
  <way id='3551' visible='true' version='1'>
    <nd ref='2073' />
    <nd ref='2074' />
    <tag k='subtype' v='red_yellow_green' />
    <tag k='type' v='traffic_light' />
  </way>
  <way id='3552' visible='true' version='1'>
    <nd ref='2071' />
    <nd ref='2072' />
    <tag k='subtype' v='red_yellow_green' />
    <tag k='type' v='traffic_light' />
  </way>
  <way id='3553' visible='true' version='1'>
    <nd ref='2069' />
    <nd ref='2070' />
    <tag k='subtype' v='red_yellow_green' />
    <tag k='type' v='traffic_light' />
  </way>
  <way id='3554' visible='true' version='1'>
    <nd ref='2067' />
    <nd ref='2068' />
    <tag k='subtype' v='red_yellow_green' />
    <tag k='type' v='traffic_light' />
  </way>
  <way id='3556' visible='true' version='1'>
    <nd ref='2063' />
    <nd ref='2064' />
    <tag k='subtype' v='red_yellow_green' />
    <tag k='type' v='traffic_light' />
  </way>
  <way id='3557' visible='true' version='1'>
    <nd ref='2061' />
    <nd ref='2062' />
    <tag k='subtype' v='red_yellow_green' />
    <tag k='type' v='traffic_light' />
  </way>
  <way id='3558' visible='true' version='1'>
    <nd ref='2059' />
    <nd ref='2060' />
    <tag k='subtype' v='red_yellow_green' />
    <tag k='type' v='traffic_light' />
  </way>
  <way id='3559' visible='true' version='1'>
    <nd ref='2057' />
    <nd ref='2058' />
    <tag k='subtype' v='red_yellow_green' />
    <tag k='type' v='traffic_light' />
  </way>
  <way id='3560' visible='true' version='1'>
    <nd ref='2185' />
    <nd ref='2184' />
    <tag k='subtype' v='red_yellow_green' />
    <tag k='type' v='traffic_light' />
  </way>
  <way id='3561' visible='true' version='1'>
    <nd ref='2187' />
    <nd ref='2186' />
    <tag k='subtype' v='red_yellow_green' />
    <tag k='type' v='traffic_light' />
  </way>
  <way id='3562' visible='true' version='1'>
    <nd ref='2189' />
    <nd ref='2188' />
    <tag k='subtype' v='red_yellow_green' />
    <tag k='type' v='traffic_light' />
  </way>
  <way id='3563' visible='true' version='1'>
    <nd ref='2191' />
    <nd ref='2190' />
    <tag k='subtype' v='red_yellow_green' />
    <tag k='type' v='traffic_light' />
  </way>
  <way id='3564' visible='true' version='1'>
    <nd ref='2193' />
    <nd ref='2192' />
    <tag k='subtype' v='red_yellow_green' />
    <tag k='type' v='traffic_light' />
  </way>
  <way id='3565' visible='true' version='1'>
    <nd ref='2633' />
    <nd ref='2197' />
    <tag k='type' v='virtual' />
  </way>
  <way id='3566' visible='true' version='1'>
    <nd ref='2431' />
    <nd ref='2430' />
    <tag k='type' v='road_border' />
  </way>
  <way id='3567' visible='true' version='1'>
    <nd ref='2440' />
    <nd ref='2198' />
    <nd ref='2431' />
    <tag k='type' v='road_border' />
  </way>
  <way id='3568' visible='true' version='1'>
    <nd ref='2637' />
    <nd ref='2636' />
    <nd ref='2635' />
    <tag k='subtype' v='high' />
    <tag k='type' v='curbstone' />
  </way>
  <way id='3569' visible='true' version='1'>
    <nd ref='2597' />
    <nd ref='2638' />
    <nd ref='2637' />
    <tag k='subtype' v='high' />
    <tag k='type' v='curbstone' />
  </way>
  <way id='3570' visible='true' version='1'>
    <nd ref='2606' />
    <nd ref='2596' />
    <nd ref='2595' />
    <nd ref='2637' />
    <tag k='type' v='virtual' />
  </way>
  <way id='3571' visible='true' version='1'>
    <nd ref='2419' />
    <nd ref='2420' />
    <tag k='type' v='road_border' />
  </way>
  <way id='3572' visible='true' version='1'>
    <nd ref='2625' />
    <nd ref='2626' />
    <tag k='subtype' v='low' />
    <tag k='type' v='curbstone' />
  </way>
  <way id='3573' visible='true' version='1'>
    <nd ref='2633' />
    <nd ref='2632' />
    <tag k='subtype' v='low' />
    <tag k='type' v='curbstone' />
  </way>
  <way id='3574' visible='true' version='1'>
    <nd ref='2658' />
    <nd ref='2659' />
    <nd ref='2660' />
    <tag k='subtype' v='high' />
    <tag k='type' v='curbstone' />
  </way>
  <way id='3575' visible='true' version='1'>
    <nd ref='2420' />
    <nd ref='2421' />
    <tag k='type' v='road_border' />
  </way>
  <way id='3576' visible='true' version='1'>
    <nd ref='2626' />
    <nd ref='2627' />
    <tag k='subtype' v='low' />
    <tag k='type' v='curbstone' />
  </way>
  <way id='3577' visible='true' version='1'>
    <nd ref='2613' />
    <nd ref='2612' />
    <tag k='subtype' v='solid' />
    <tag k='type' v='line_thin' />
  </way>
  <way id='3578' visible='true' version='1'>
    <nd ref='1136' />
    <nd ref='2209' />
    <tag k='type' v='virtual' />
  </way>
  <way id='3579' visible='true' version='1'>
    <nd ref='2508' />
    <nd ref='2498' />
    <tag k='type' v='virtual' />
  </way>
  <way id='3580' visible='true' version='1'>
    <nd ref='1197' />
    <nd ref='2508' />
    <tag k='type' v='virtual' />
  </way>
  <way id='3581' visible='true' version='1'>
    <nd ref='2440' />
    <nd ref='2439' />
    <nd ref='2438' />
    <nd ref='2437' />
    <nd ref='2436' />
    <nd ref='2435' />
    <nd ref='2434' />
    <tag k='type' v='road_border' />
  </way>
  <way id='3582' visible='true' version='1'>
    <nd ref='2209' />
    <nd ref='2208' />
    <tag k='subtype' v='low' />
    <tag k='type' v='curbstone' />
  </way>
  <way id='3583' visible='true' version='1'>
    <nd ref='2371' />
    <nd ref='2370' />
    <nd ref='1152' />
    <tag k='type' v='virtual' />
  </way>
  <way id='3584' visible='true' version='1'>
    <nd ref='2212' />
    <nd ref='2414' />
    <nd ref='2386' />
    <nd ref='2413' />
    <tag k='type' v='road_border' />
  </way>
  <way id='3585' visible='true' version='1'>
    <nd ref='2656' />
    <nd ref='2140' />
    <nd ref='2657' />
    <nd ref='2658' />
    <tag k='subtype' v='high' />
    <tag k='type' v='curbstone' />
  </way>
  <way id='3586' visible='true' version='1'>
    <nd ref='2655' />
    <nd ref='2656' />
    <tag k='subtype' v='high' />
    <tag k='type' v='curbstone' />
  </way>
  <way id='3587' visible='true' version='1'>
    <nd ref='2407' />
    <nd ref='1116' />
    <tag k='type' v='virtual' />
  </way>
  <way id='3588' visible='true' version='1'>
    <nd ref='2396' />
    <nd ref='2407' />
    <tag k='type' v='virtual' />
  </way>
  <way id='3589' visible='true' version='1'>
    <nd ref='2407' />
    <nd ref='2411' />
    <nd ref='2410' />
    <tag k='subtype' v='low' />
    <tag k='type' v='curbstone' />
  </way>
  <way id='3590' visible='true' version='1'>
    <nd ref='2214' />
    <nd ref='2708' />
    <tag k='subtype' v='low' />
    <tag k='type' v='curbstone' />
  </way>
  <way id='3591' visible='true' version='1'>
    <nd ref='2470' />
    <nd ref='2469' />
    <tag k='type' v='road_border' />
  </way>
  <way id='3592' visible='true' version='1'>
    <nd ref='2490' />
    <nd ref='2484' />
    <tag k='subtype' v='high' />
    <tag k='type' v='curbstone' />
  </way>
  <way id='3593' visible='true' version='1'>
    <nd ref='1222' />
    <nd ref='1223' />
    <tag k='subtype' v='high' />
    <tag k='type' v='curbstone' />
  </way>
  <way id='3594' visible='true' version='1'>
    <nd ref='1260' />
    <nd ref='1259' />
    <tag k='subtype' v='dashed' />
    <tag k='type' v='line_thin' />
  </way>
  <way id='3595' visible='true' version='1'>
    <nd ref='1019' />
    <nd ref='1018' />
    <tag k='subtype' v='high' />
    <tag k='type' v='curbstone' />
  </way>
  <way id='3596' visible='true' version='1'>
    <nd ref='2224' />
    <nd ref='1891' />
    <tag k='type' v='road_border' />
  </way>
  <way id='3597' visible='true' version='1'>
    <nd ref='2220' />
    <nd ref='1064' />
    <tag k='subtype' v='dashed' />
    <tag k='type' v='line_thin' />
  </way>
  <way id='3598' visible='true' version='1'>
    <nd ref='2219' />
    <nd ref='1068' />
    <tag k='subtype' v='solid' />
    <tag k='type' v='line_thin' />
  </way>
  <way id='3599' visible='true' version='1'>
    <nd ref='2218' />
    <nd ref='1114' />
    <tag k='subtype' v='dashed' />
    <tag k='type' v='line_thin' />
  </way>
  <way id='3600' visible='true' version='1'>
    <nd ref='2215' />
    <nd ref='2387' />
    <tag k='type' v='road_border' />
  </way>
  <way id='3601' visible='true' version='1'>
    <nd ref='2217' />
    <nd ref='1129' />
    <tag k='subtype' v='high' />
    <tag k='type' v='curbstone' />
  </way>
  <way id='3602' visible='true' version='1'>
    <nd ref='2216' />
    <nd ref='2398' />
    <tag k='subtype' v='high' />
    <tag k='type' v='curbstone' />
  </way>
  <way id='3603' visible='true' version='1'>
    <nd ref='2221' />
    <nd ref='1010' />
    <tag k='type' v='bike_marking' />
  </way>
  <way id='3604' visible='true' version='1'>
    <nd ref='2706' />
    <nd ref='2701' />
    <tag k='subtype' v='high' />
    <tag k='type' v='curbstone' />
  </way>
  <way id='3605' visible='true' version='1'>
    <nd ref='1012' />
    <nd ref='1011' />
    <tag k='subtype' v='high' />
    <tag k='type' v='curbstone' />
  </way>
  <way id='3606' visible='true' version='1'>
    <nd ref='1012' />
    <nd ref='2223' />
    <tag k='type' v='virtual' />
  </way>
  <way id='3607' visible='true' version='1'>
    <nd ref='2223' />
    <nd ref='2224' />
    <tag k='type' v='road_border' />
  </way>
  <way id='3608' visible='true' version='1'>
    <nd ref='1856' />
    <nd ref='1855' />
    <tag k='type' v='road_border' />
  </way>
  <way id='3609' visible='true' version='1'>
    <nd ref='1891' />
    <nd ref='1855' />
    <tag k='type' v='virtual' />
  </way>
  <way id='3610' visible='true' version='1'>
    <nd ref='2223' />
    <nd ref='1856' />
    <tag k='type' v='virtual' />
  </way>
  <way id='3611' visible='true' version='1'>
    <nd ref='1733' />
    <nd ref='2300' />
    <tag k='type' v='bike_marking' />
  </way>
  <way id='3612' visible='true' version='1'>
    <nd ref='1241' />
    <nd ref='1242' />
    <tag k='subtype' v='low' />
    <tag k='type' v='curbstone' />
  </way>
  <way id='3613' visible='true' version='1'>
    <nd ref='2026' />
    <nd ref='2746' />
    <tag k='subtype' v='solid' />
    <tag k='type' v='line_thick' />
  </way>
  <way id='3614' visible='true' version='1'>
    <nd ref='2023' />
    <nd ref='2745' />
    <tag k='type' v='virtual' />
  </way>
  <way id='3615' visible='true' version='1'>
    <nd ref='1620' />
    <nd ref='2024' />
    <nd ref='2296' />
    <nd ref='2025' />
    <nd ref='2026' />
    <tag k='subtype' v='high' />
    <tag k='type' v='curbstone' />
  </way>
  <way id='3616' action='modify' visible='true' version='1'>
    <nd ref='2713' />
    <nd ref='2015' />
    <nd ref='2014' />
    <nd ref='-102272' />
    <nd ref='2043' />
    <tag k='subtype' v='low' />
    <tag k='type' v='curbstone' />
  </way>
  <way id='3617' visible='true' version='1'>
    <nd ref='1606' />
    <nd ref='1585' />
    <nd ref='1560' />
    <nd ref='1515' />
    <nd ref='1495' />
    <nd ref='1535' />
    <tag k='type' v='bike_marking' />
  </way>
  <way id='3618' visible='true' version='1'>
    <nd ref='2016' />
    <nd ref='2294' />
    <nd ref='2293' />
    <nd ref='1940' />
    <tag k='subtype' v='low' />
    <tag k='type' v='curbstone' />
  </way>
  <way id='3619' visible='true' version='1'>
    <nd ref='2016' />
    <nd ref='2017' />
    <nd ref='2018' />
    <nd ref='2019' />
    <nd ref='2020' />
    <tag k='subtype' v='high' />
    <tag k='type' v='curbstone' />
  </way>
  <way id='3620' visible='true' version='1'>
    <nd ref='2012' />
    <nd ref='2011' />
    <nd ref='2010' />
    <nd ref='2009' />
    <nd ref='2008' />
    <nd ref='2007' />
    <tag k='subtype' v='low' />
    <tag k='type' v='curbstone' />
  </way>
  <way id='3621' visible='true' version='1'>
    <nd ref='1536' />
    <nd ref='1496' />
    <nd ref='1516' />
    <nd ref='1681' />
    <nd ref='1561' />
    <nd ref='1586' />
    <nd ref='1607' />
    <tag k='type' v='bike_marking' />
  </way>
  <way id='3622' visible='true' version='1'>
    <nd ref='1607' />
    <nd ref='1237' />
    <tag k='type' v='bike_marking' />
  </way>
  <way id='3623' visible='true' version='1'>
    <nd ref='1676' />
    <nd ref='1680' />
    <nd ref='1236' />
    <tag k='type' v='bike_marking' />
  </way>
  <way id='3624' visible='true' version='1'>
    <nd ref='1234' />
    <nd ref='1678' />
    <nd ref='1675' />
    <tag k='type' v='pedestrian_marking' />
  </way>
  <way id='3625' visible='true' version='1'>
    <nd ref='2710' />
    <nd ref='1677' />
    <nd ref='1233' />
    <tag k='type' v='pedestrian_marking' />
  </way>
  <way id='3626' visible='true' version='1'>
    <nd ref='1241' />
    <nd ref='1591' />
    <nd ref='1566' />
    <nd ref='1571' />
    <tag k='type' v='bike_marking' />
  </way>
  <way id='3627' visible='true' version='1'>
    <nd ref='1240' />
    <nd ref='1590' />
    <nd ref='1565' />
    <nd ref='1519' />
    <tag k='type' v='bike_marking' />
  </way>
  <way id='3628' visible='true' version='1'>
    <nd ref='2741' />
    <nd ref='1736' />
    <nd ref='1992' />
    <tag k='type' v='bike_marking' />
  </way>
  <way id='3629' visible='true' version='1'>
    <nd ref='1707' />
    <nd ref='1716' />
    <nd ref='1643' />
    <nd ref='1632' />
    <nd ref='1620' />
    <tag k='type' v='bike_marking' />
  </way>
  <way id='3630' visible='true' version='1'>
    <nd ref='2744' />
    <nd ref='2292' />
    <nd ref='2747' />
    <tag k='subtype' v='low' />
    <tag k='type' v='curbstone' />
  </way>
  <way id='3631' visible='true' version='1'>
    <nd ref='2302' />
    <nd ref='1660' />
    <tag k='type' v='bike_marking' />
  </way>
  <way id='3632' visible='true' version='1'>
    <nd ref='1521' />
    <nd ref='1501' />
    <nd ref='1541' />
    <tag k='type' v='pedestrian_marking' />
  </way>
  <way id='3633' visible='true' version='1'>
    <nd ref='1570' />
    <nd ref='2002' />
    <nd ref='2003' />
    <tag k='type' v='pedestrian_marking' />
  </way>
  <way id='3634' visible='true' version='1'>
    <nd ref='1242' />
    <nd ref='1715' />
    <nd ref='1573' />
    <tag k='type' v='pedestrian_marking' />
  </way>
  <way id='3635' visible='true' version='1'>
    <nd ref='1243' />
    <nd ref='1592' />
    <nd ref='1574' />
    <tag k='type' v='pedestrian_marking' />
  </way>
  <way id='3636' visible='true' version='1'>
    <nd ref='1734' />
    <nd ref='1738' />
    <tag k='type' v='zebra_marking' />
  </way>
  <way id='3637' visible='true' version='1'>
    <nd ref='1739' />
    <nd ref='1735' />
    <tag k='type' v='zebra_marking' />
  </way>
  <way id='3638' visible='true' version='1'>
    <nd ref='1979' />
    <nd ref='1986' />
    <tag k='type' v='virtual' />
  </way>
  <way id='3639' visible='true' version='1'>
    <nd ref='1995' />
    <nd ref='1992' />
    <tag k='type' v='virtual' />
  </way>
  <way id='3640' visible='true' version='1'>
    <nd ref='1543' />
    <nd ref='1979' />
    <tag k='subtype' v='solid' />
    <tag k='type' v='line_thick' />
  </way>
  <way id='3641' visible='true' version='1'>
    <nd ref='1986' />
    <nd ref='2001' />
    <nd ref='2000' />
    <nd ref='1999' />
    <nd ref='1998' />
    <nd ref='2135' />
    <nd ref='1995' />
    <tag k='type' v='road_border' />
  </way>
  <way id='3642' visible='true' version='1'>
    <nd ref='1995' />
    <nd ref='1997' />
    <nd ref='1996' />
    <tag k='type' v='road_border' />
  </way>
  <way id='3643' visible='true' version='1'>
    <nd ref='1992' />
    <nd ref='1994' />
    <nd ref='1993' />
    <tag k='subtype' v='high' />
    <tag k='type' v='curbstone' />
  </way>
  <way id='3644' visible='true' version='1'>
    <nd ref='1985' />
    <nd ref='1987' />
    <nd ref='1988' />
    <nd ref='1989' />
    <nd ref='1990' />
    <nd ref='1991' />
    <nd ref='1986' />
    <tag k='type' v='road_border' />
  </way>
  <way id='3645' visible='true' version='1'>
    <nd ref='1978' />
    <nd ref='1980' />
    <nd ref='1981' />
    <nd ref='1982' />
    <nd ref='1983' />
    <nd ref='1984' />
    <nd ref='1979' />
    <tag k='subtype' v='low' />
    <tag k='type' v='curbstone' />
  </way>
  <way id='3646' visible='true' version='1'>
    <nd ref='2747' />
    <nd ref='1974' />
    <tag k='subtype' v='high' />
    <tag k='type' v='curbstone' />
  </way>
  <way id='3647' visible='true' version='1'>
    <nd ref='1974' />
    <nd ref='1973' />
    <nd ref='1533' />
    <tag k='subtype' v='high' />
    <tag k='type' v='curbstone' />
  </way>
  <way id='3648' visible='true' version='1'>
    <nd ref='1441' />
    <nd ref='1437' />
    <tag k='type' v='virtual' />
  </way>
  <way id='3649' visible='true' version='1'>
    <nd ref='1426' />
    <nd ref='1422' />
    <tag k='type' v='virtual' />
  </way>
  <way id='3650' visible='true' version='1'>
    <nd ref='1878' />
    <nd ref='1965' />
    <nd ref='1877' />
    <nd ref='1876' />
    <nd ref='1972' />
    <tag k='type' v='road_border' />
  </way>
  <way id='3651' visible='true' version='1'>
    <nd ref='1967' />
    <nd ref='1969' />
    <nd ref='1970' />
    <nd ref='1971' />
    <nd ref='1968' />
    <tag k='subtype' v='high' />
    <tag k='type' v='curbstone' />
  </way>
  <way id='3652' visible='true' version='1'>
    <nd ref='1966' />
    <nd ref='1967' />
    <tag k='subtype' v='high' />
    <tag k='type' v='curbstone' />
  </way>
  <way id='3653' visible='true' version='1'>
    <nd ref='1879' />
    <nd ref='1878' />
    <tag k='type' v='road_border' />
  </way>
  <way id='3654' visible='true' version='1'>
    <nd ref='1964' />
    <nd ref='2328' />
    <nd ref='1888' />
    <nd ref='1887' />
    <nd ref='1886' />
    <nd ref='1885' />
    <nd ref='1884' />
    <nd ref='1883' />
    <nd ref='1882' />
    <nd ref='1881' />
    <nd ref='1880' />
    <nd ref='1879' />
    <tag k='type' v='road_border' />
  </way>
  <way id='3655' visible='true' version='1'>
    <nd ref='2323' />
    <nd ref='1964' />
    <tag k='type' v='road_border' />
  </way>
  <way id='3656' visible='true' version='1'>
    <nd ref='1778' />
    <nd ref='2324' />
    <nd ref='1955' />
    <nd ref='1956' />
    <nd ref='1957' />
    <nd ref='1958' />
    <nd ref='1959' />
    <nd ref='1960' />
    <nd ref='1961' />
    <nd ref='1962' />
    <nd ref='1963' />
    <nd ref='1966' />
    <tag k='subtype' v='high' />
    <tag k='type' v='curbstone' />
  </way>
  <way id='3657' visible='true' version='1'>
    <nd ref='1949' />
    <nd ref='1950' />
    <nd ref='1951' />
    <nd ref='1942' />
    <tag k='type' v='road_border' />
  </way>
  <way id='3658' visible='true' version='1'>
    <nd ref='1935' />
    <nd ref='1936' />
    <nd ref='1937' />
    <nd ref='1926' />
    <tag k='subtype' v='low' />
    <tag k='type' v='curbstone' />
  </way>
  <way id='3659' visible='true' version='1'>
    <nd ref='2754' />
    <nd ref='2753' />
    <nd ref='2752' />
    <nd ref='1357' />
    <tag k='subtype' v='high' />
    <tag k='type' v='curbstone' />
  </way>
  <way id='3660' visible='true' version='1'>
    <nd ref='2031' />
    <nd ref='2030' />
    <nd ref='2029' />
    <nd ref='2028' />
    <nd ref='2027' />
    <nd ref='1954' />
    <tag k='type' v='road_border' />
  </way>
  <way id='3661' visible='true' version='1'>
    <nd ref='1943' />
    <nd ref='1944' />
    <nd ref='1945' />
    <nd ref='1946' />
    <nd ref='1947' />
    <nd ref='1948' />
    <nd ref='1949' />
    <tag k='type' v='road_border' />
  </way>
  <way id='3662' visible='true' version='1'>
    <nd ref='1942' />
    <nd ref='1941' />
    <tag k='type' v='road_border' />
  </way>
  <way id='3663' visible='true' version='1'>
    <nd ref='1941' />
    <nd ref='1817' />
    <tag k='type' v='road_border' />
  </way>
  <way id='3664' visible='true' version='1'>
    <nd ref='1940' />
    <nd ref='1939' />
    <nd ref='1938' />
    <nd ref='1929' />
    <tag k='subtype' v='low' />
    <tag k='type' v='curbstone' />
  </way>
  <way id='3665' visible='true' version='1'>
    <nd ref='1929' />
    <nd ref='1930' />
    <nd ref='1931' />
    <nd ref='1932' />
    <nd ref='1933' />
    <nd ref='1934' />
    <nd ref='1935' />
    <tag k='subtype' v='low' />
    <tag k='type' v='curbstone' />
  </way>
  <way id='3666' visible='true' version='1'>
    <nd ref='1927' />
    <nd ref='1928' />
    <tag k='subtype' v='low' />
    <tag k='type' v='curbstone' />
  </way>
  <way id='3667' visible='true' version='1'>
    <nd ref='1926' />
    <nd ref='1927' />
    <tag k='subtype' v='low' />
    <tag k='type' v='curbstone' />
  </way>
  <way id='3668' visible='true' version='1'>
    <nd ref='2559' />
    <nd ref='1923' />
    <nd ref='1924' />
    <nd ref='1925' />
    <nd ref='1922' />
    <tag k='type' v='road_border' />
  </way>
  <way id='3669' visible='true' version='1'>
    <nd ref='1797' />
    <nd ref='1919' />
    <nd ref='1920' />
    <nd ref='1921' />
    <nd ref='1918' />
    <tag k='subtype' v='high' />
    <tag k='type' v='curbstone' />
  </way>
  <way id='3670' visible='true' version='1'>
    <nd ref='1917' />
    <nd ref='2560' />
    <tag k='type' v='road_border' />
  </way>
  <way id='3671' visible='true' version='1'>
    <nd ref='2564' />
    <nd ref='1912' />
    <nd ref='1913' />
    <nd ref='1914' />
    <nd ref='1915' />
    <nd ref='1916' />
    <nd ref='1911' />
    <tag k='type' v='road_border' />
  </way>
  <way id='3672' visible='true' version='1'>
    <nd ref='2565' />
    <nd ref='1906' />
    <nd ref='1907' />
    <nd ref='1908' />
    <nd ref='1909' />
    <nd ref='1910' />
    <nd ref='1905' />
    <tag k='subtype' v='high' />
    <tag k='type' v='curbstone' />
  </way>
  <way id='3673' visible='true' version='1'>
    <nd ref='1901' />
    <nd ref='1902' />
    <nd ref='1903' />
    <nd ref='1904' />
    <nd ref='2319' />
    <tag k='type' v='road_border' />
  </way>
  <way id='3674' visible='true' version='1'>
    <nd ref='1897' />
    <nd ref='1898' />
    <nd ref='1899' />
    <nd ref='1900' />
    <nd ref='2320' />
    <tag k='subtype' v='high' />
    <tag k='type' v='curbstone' />
  </way>
  <way id='3675' visible='true' version='1'>
    <nd ref='2388' />
    <nd ref='2215' />
    <tag k='type' v='road_border' />
  </way>
  <way id='3676' visible='true' version='1'>
    <nd ref='2399' />
    <nd ref='2216' />
    <tag k='subtype' v='high' />
    <tag k='type' v='curbstone' />
  </way>
  <way id='3677' visible='true' version='1'>
    <nd ref='1128' />
    <nd ref='2217' />
    <tag k='subtype' v='high' />
    <tag k='type' v='curbstone' />
  </way>
  <way id='3678' visible='true' version='1'>
    <nd ref='1113' />
    <nd ref='2218' />
    <tag k='subtype' v='dashed' />
    <tag k='type' v='line_thin' />
  </way>
  <way id='3679' visible='true' version='1'>
    <nd ref='1066' />
    <nd ref='1067' />
    <tag k='subtype' v='solid' />
    <tag k='type' v='line_thin' />
  </way>
  <way id='3680' visible='true' version='1'>
    <nd ref='1891' />
    <nd ref='1892' />
    <nd ref='1893' />
    <nd ref='1894' />
    <nd ref='1895' />
    <nd ref='1896' />
    <nd ref='1785' />
    <tag k='subtype' v='solid' />
    <tag k='type' v='line_thin' />
  </way>
  <way id='3681' visible='true' version='1'>
    <nd ref='1855' />
    <nd ref='1854' />
    <nd ref='1853' />
    <nd ref='1852' />
    <nd ref='1851' />
    <nd ref='1850' />
    <nd ref='1849' />
    <tag k='type' v='road_border' />
  </way>
  <way id='3682' visible='true' version='1'>
    <nd ref='1849' />
    <nd ref='1848' />
    <nd ref='1847' />
    <nd ref='1846' />
    <tag k='type' v='road_border' />
  </way>
  <way id='3683' visible='true' version='1'>
    <nd ref='1782' />
    <nd ref='1781' />
    <nd ref='1780' />
    <tag k='subtype' v='solid' />
    <tag k='type' v='line_thin' />
  </way>
  <way id='3684' visible='true' version='1'>
    <nd ref='1846' />
    <nd ref='1845' />
    <nd ref='1844' />
    <tag k='type' v='road_border' />
  </way>
  <way id='3685' visible='true' version='1'>
    <nd ref='1780' />
    <nd ref='1779' />
    <tag k='subtype' v='solid' />
    <tag k='type' v='line_thin' />
  </way>
  <way id='3686' visible='true' version='1'>
    <nd ref='1844' />
    <nd ref='1843' />
    <tag k='type' v='road_border' />
  </way>
  <way id='3687' visible='true' version='1'>
    <nd ref='1890' />
    <nd ref='2331' />
    <tag k='type' v='road_border' />
  </way>
  <way id='3688' visible='true' version='1'>
    <nd ref='1889' />
    <nd ref='2765' />
    <tag k='subtype' v='solid' />
    <tag k='type' v='line_thin' />
  </way>
  <way id='3689' visible='true' version='1'>
    <nd ref='1779' />
    <nd ref='2332' />
    <nd ref='1889' />
    <tag k='subtype' v='solid' />
    <tag k='type' v='line_thin' />
  </way>
  <way id='3690' visible='true' version='1'>
    <nd ref='1843' />
    <nd ref='2330' />
    <nd ref='1890' />
    <tag k='type' v='road_border' />
  </way>
  <way id='3691' visible='true' version='1'>
    <nd ref='1003' />
    <nd ref='1084' />
    <nd ref='1009' />
    <nd ref='1082' />
    <tag k='subtype' v='high' />
    <tag k='type' v='curbstone' />
  </way>
  <way id='3692' visible='true' version='1'>
    <nd ref='1058' />
    <nd ref='1083' />
    <nd ref='1057' />
    <nd ref='1081' />
    <tag k='subtype' v='dashed' />
    <tag k='type' v='line_thin' />
  </way>
  <way id='3693' visible='true' version='1'>
    <nd ref='2397' />
    <nd ref='2395' />
    <nd ref='2394' />
    <tag k='type' v='road_border' />
  </way>
  <way id='3694' visible='true' version='1'>
    <nd ref='1839' />
    <nd ref='2406' />
    <nd ref='2405' />
    <tag k='subtype' v='high' />
    <tag k='type' v='curbstone' />
  </way>
  <way id='3695' visible='true' version='1'>
    <nd ref='1120' />
    <nd ref='1121' />
    <nd ref='1122' />
    <tag k='subtype' v='high' />
    <tag k='type' v='curbstone' />
  </way>
  <way id='3696' visible='true' version='1'>
    <nd ref='1105' />
    <nd ref='1106' />
    <nd ref='1107' />
    <tag k='subtype' v='dashed' />
    <tag k='type' v='line_thin' />
  </way>
  <way id='3697' visible='true' version='1'>
    <nd ref='1841' />
    <nd ref='1842' />
    <nd ref='2397' />
    <tag k='type' v='road_border' />
  </way>
  <way id='3698' visible='true' version='1'>
    <nd ref='1838' />
    <nd ref='1840' />
    <nd ref='1839' />
    <tag k='subtype' v='high' />
    <tag k='type' v='curbstone' />
  </way>
  <way id='3699' visible='true' version='1'>
    <nd ref='1834' />
    <nd ref='1835' />
    <nd ref='1836' />
    <nd ref='1837' />
    <nd ref='1833' />
    <tag k='type' v='road_border' />
  </way>
  <way id='3701' visible='true' version='1'>
    <nd ref='1824' />
    <nd ref='2542' />
    <tag k='type' v='virtual' />
  </way>
  <way id='3702' visible='true' version='1'>
    <nd ref='1823' />
    <nd ref='2543' />
    <tag k='type' v='virtual' />
  </way>
  <way id='3703' visible='true' version='1'>
    <nd ref='2861' />
    <nd ref='2848' />
    <tag k='subtype' v='high' />
    <tag k='type' v='curbstone' />
  </way>
  <way id='3704' visible='true' version='1'>
    <nd ref='2861' />
    <nd ref='2876' />
    <tag k='subtype' v='high' />
    <tag k='type' v='curbstone' />
  </way>
  <way id='3705' visible='true' version='1'>
    <nd ref='1822' />
    <nd ref='1831' />
    <tag k='type' v='virtual' />
  </way>
  <way id='3706' visible='true' version='1'>
    <nd ref='1821' />
    <nd ref='1832' />
    <tag k='type' v='virtual' />
  </way>
  <way id='3707' visible='true' version='1'>
    <nd ref='1819' />
    <nd ref='1800' />
    <tag k='type' v='road_border' />
  </way>
  <way id='3708' visible='true' version='1'>
    <nd ref='1817' />
    <nd ref='1816' />
    <nd ref='1815' />
    <tag k='type' v='road_border' />
  </way>
  <way id='3709' visible='true' version='1'>
    <nd ref='1361' />
    <nd ref='2771' />
    <tag k='subtype' v='high' />
    <tag k='type' v='curbstone' />
  </way>
  <way id='3710' visible='true' version='1'>
    <nd ref='1331' />
    <nd ref='2768' />
    <tag k='subtype' v='high' />
    <tag k='type' v='curbstone' />
  </way>
  <way id='3711' visible='true' version='1'>
    <nd ref='1374' />
    <nd ref='2769' />
    <tag k='subtype' v='dashed' />
    <tag k='type' v='line_thin' />
  </way>
  <way id='3712' visible='true' version='1'>
    <nd ref='1368' />
    <nd ref='2770' />
    <tag k='subtype' v='dashed' />
    <tag k='type' v='line_thin' />
  </way>
  <way id='3713' visible='true' version='1'>
    <nd ref='1812' />
    <nd ref='1811' />
    <nd ref='2766' />
    <tag k='subtype' v='dashed' />
    <tag k='type' v='line_thin' />
  </way>
  <way id='3714' visible='true' version='1'>
    <nd ref='1818' />
    <nd ref='1799' />
    <tag k='subtype' v='solid' />
    <tag k='type' v='line_thin' />
  </way>
  <way id='3715' visible='true' version='1'>
    <nd ref='2766' />
    <nd ref='2767' />
    <tag k='subtype' v='high' />
    <tag k='type' v='curbstone' />
  </way>
  <way id='3716' visible='true' version='1'>
    <nd ref='1332' />
    <nd ref='1333' />
    <tag k='subtype' v='high' />
    <tag k='type' v='curbstone' />
  </way>
  <way id='3717' visible='true' version='1'>
    <nd ref='1354' />
    <nd ref='1358' />
    <tag k='subtype' v='high' />
    <tag k='type' v='curbstone' />
  </way>
  <way id='3718' visible='true' version='1'>
    <nd ref='1341' />
    <nd ref='1365' />
    <tag k='subtype' v='dashed' />
    <tag k='type' v='line_thin' />
  </way>
  <way id='3719' visible='true' version='1'>
    <nd ref='1337' />
    <nd ref='1371' />
    <tag k='subtype' v='dashed' />
    <tag k='type' v='line_thin' />
  </way>
  <way id='3720' visible='true' version='1'>
    <nd ref='1809' />
    <nd ref='1769' />
    <tag k='type' v='virtual' />
  </way>
  <way id='3721' visible='true' version='1'>
    <nd ref='1808' />
    <nd ref='1809' />
    <tag k='type' v='virtual' />
  </way>
  <way id='3722' visible='true' version='1'>
    <nd ref='1807' />
    <nd ref='1808' />
    <tag k='type' v='virtual' />
  </way>
  <way id='3723' visible='true' version='1'>
    <nd ref='1806' />
    <nd ref='1807' />
    <tag k='type' v='virtual' />
  </way>
  <way id='3724' visible='true' version='1'>
    <nd ref='1798' />
    <nd ref='2832' />
    <tag k='type' v='virtual' />
  </way>
  <way id='3725' visible='true' version='1'>
    <nd ref='1804' />
    <nd ref='1805' />
    <tag k='type' v='virtual' />
  </way>
  <way id='3726' visible='true' version='1'>
    <nd ref='1803' />
    <nd ref='1804' />
    <tag k='type' v='virtual' />
  </way>
  <way id='3727' visible='true' version='1'>
    <nd ref='1752' />
    <nd ref='1803' />
    <tag k='type' v='virtual' />
  </way>
  <way id='3728' visible='true' version='1'>
    <nd ref='1318' />
    <nd ref='1284' />
    <tag k='subtype' v='dashed' />
    <tag k='type' v='line_thin' />
  </way>
  <way id='3729' visible='true' version='1'>
    <nd ref='1801' />
    <nd ref='2336' />
    <tag k='type' v='pedestrian_marking' />
  </way>
  <way id='3730' visible='true' version='1'>
    <nd ref='2345' />
    <nd ref='1797' />
    <tag k='type' v='virtual' />
  </way>
  <way id='3731' visible='true' version='1'>
    <nd ref='2554' />
    <nd ref='1472' />
    <tag k='subtype' v='solid' />
    <tag k='type' v='line_thick' />
  </way>
  <way id='3732' visible='true' version='1'>
    <nd ref='2555' />
    <nd ref='2554' />
    <tag k='type' v='virtual' />
  </way>
  <way id='3733' visible='true' version='1'>
    <nd ref='1815' />
    <nd ref='2322' />
    <nd ref='1819' />
    <tag k='type' v='road_border' />
  </way>
  <way id='3734' visible='true' version='1'>
    <nd ref='1812' />
    <nd ref='1820' />
    <nd ref='1818' />
    <tag k='subtype' v='solid' />
    <tag k='type' v='line_thin' />
  </way>
  <way id='3735' visible='true' version='1'>
    <nd ref='2767' />
    <nd ref='1472' />
    <tag k='subtype' v='high' />
    <tag k='type' v='curbstone' />
  </way>
  <way id='3736' visible='true' version='1'>
    <nd ref='1432' />
    <nd ref='1797' />
    <nd ref='2559' />
    <tag k='type' v='virtual' />
  </way>
  <way id='3737' visible='true' version='1'>
    <nd ref='2335' />
    <nd ref='2792' />
    <tag k='type' v='pedestrian_marking' />
  </way>
  <way id='3738' visible='true' version='1'>
    <nd ref='2346' />
    <nd ref='2345' />
    <tag k='subtype' v='solid' />
    <tag k='type' v='line_thin' />
  </way>
  <way id='3739' visible='true' version='1'>
    <nd ref='1794' />
    <nd ref='2345' />
    <tag k='subtype' v='solid' />
    <tag k='type' v='line_thick' />
  </way>
  <way id='3740' visible='true' version='1'>
    <nd ref='1794' />
    <nd ref='2772' />
    <tag k='type' v='virtual' />
  </way>
  <way id='3741' visible='true' version='1'>
    <nd ref='1793' />
    <nd ref='1796' />
    <nd ref='1794' />
    <tag k='type' v='virtual' />
  </way>
  <way id='3742' visible='true' version='1'>
    <nd ref='2348' />
    <nd ref='1794' />
    <tag k='type' v='virtual' />
  </way>
  <way id='3743' visible='true' version='1'>
    <nd ref='1793' />
    <nd ref='1831' />
    <nd ref='1832' />
    <nd ref='2772' />
    <tag k='type' v='bike_marking' />
  </way>
  <way id='3744' visible='true' version='1'>
    <nd ref='2349' />
    <nd ref='1788' />
    <nd ref='2348' />
    <tag k='type' v='bike_marking' />
  </way>
  <way id='3745' visible='true' version='1'>
    <nd ref='1795' />
    <nd ref='2346' />
    <tag k='type' v='bike_marking' />
  </way>
  <way id='3746' visible='true' version='1'>
    <nd ref='1472' />
    <nd ref='2336' />
    <nd ref='1473' />
    <nd ref='2335' />
    <tag k='subtype' v='low' />
    <tag k='type' v='curbstone' />
  </way>
  <way id='3747' visible='true' version='1'>
    <nd ref='2345' />
    <nd ref='2338' />
    <tag k='type' v='virtual' />
  </way>
  <way id='3748' visible='true' version='1'>
    <nd ref='2335' />
    <nd ref='2346' />
    <tag k='type' v='virtual' />
  </way>
  <way id='3749' visible='true' version='1'>
    <nd ref='1972' />
    <nd ref='1875' />
    <nd ref='1874' />
    <nd ref='1873' />
    <nd ref='1872' />
    <nd ref='1871' />
    <nd ref='1870' />
    <nd ref='1869' />
    <tag k='type' v='road_border' />
  </way>
  <way id='3750' visible='true' version='1'>
    <nd ref='1053' />
    <nd ref='1792' />
    <nd ref='2341' />
    <tag k='type' v='virtual' />
  </way>
  <way id='3751' visible='true' version='1'>
    <nd ref='2325' />
    <nd ref='2323' />
    <tag k='type' v='virtual' />
  </way>
  <way id='3752' visible='true' version='1'>
    <nd ref='1791' />
    <nd ref='2325' />
    <tag k='type' v='virtual' />
  </way>
  <way id='3753' visible='true' version='1'>
    <nd ref='2567' />
    <nd ref='2353' />
    <tag k='type' v='virtual' />
  </way>
  <way id='3754' visible='true' version='1'>
    <nd ref='2349' />
    <nd ref='1787' />
    <tag k='type' v='bike_marking' />
  </way>
  <way id='3755' visible='true' version='1'>
    <nd ref='1049' />
    <nd ref='1048' />
    <tag k='subtype' v='high' />
    <tag k='type' v='curbstone' />
  </way>
  <way id='3756' visible='true' version='1'>
    <nd ref='2327' />
    <nd ref='1048' />
    <tag k='subtype' v='low' />
    <tag k='type' v='curbstone' />
  </way>
  <way id='3757' visible='true' version='1'>
    <nd ref='2327' />
    <nd ref='1050' />
    <tag k='subtype' v='high' />
    <tag k='type' v='curbstone' />
  </way>
  <way id='3758' visible='true' version='1'>
    <nd ref='2340' />
    <nd ref='1791' />
    <tag k='type' v='virtual' />
  </way>
  <way id='3759' visible='true' version='1'>
    <nd ref='2551' />
    <nd ref='1777' />
    <nd ref='1833' />
    <tag k='type' v='road_border' />
  </way>
  <way id='3760' visible='true' version='1'>
    <nd ref='1489' />
    <nd ref='2551' />
    <tag k='type' v='virtual' />
  </way>
  <way id='3761' visible='true' version='1'>
    <nd ref='2545' />
    <nd ref='2544' />
    <tag k='type' v='virtual' />
  </way>
  <way id='3762' visible='true' version='1'>
    <nd ref='2544' />
    <nd ref='2333' />
    <nd ref='1838' />
    <tag k='subtype' v='high' />
    <tag k='type' v='curbstone' />
  </way>
  <way id='3763' visible='true' version='1'>
    <nd ref='1743' />
    <nd ref='1749' />
    <nd ref='1750' />
    <nd ref='1480' />
    <tag k='type' v='pedestrian_marking' />
  </way>
  <way id='3764' action='modify' visible='true' version='1'>
    <nd ref='1478' />
    <nd ref='-101844' />
    <nd ref='2544' />
    <tag k='type' v='virtual' />
  </way>
  <way id='3765' visible='true' version='1'>
    <nd ref='2354' />
    <nd ref='2567' />
    <tag k='type' v='virtual' />
  </way>
  <way id='3766' visible='true' version='1'>
    <nd ref='1790' />
    <nd ref='1776' />
    <nd ref='2341' />
    <tag k='type' v='bike_marking' />
  </way>
  <way id='3767' visible='true' version='1'>
    <nd ref='2567' />
    <nd ref='2340' />
    <tag k='subtype' v='solid' />
    <tag k='type' v='line_thick' />
  </way>
  <way id='3768' visible='true' version='1'>
    <nd ref='2341' />
    <nd ref='2340' />
    <tag k='subtype' v='solid' />
    <tag k='type' v='line_thin' />
  </way>
  <way id='3769' visible='true' version='1'>
    <nd ref='1403' />
    <nd ref='1483' />
    <tag k='type' v='pedestrian_marking' />
  </way>
  <way id='3770' visible='true' version='1'>
    <nd ref='1773' />
    <nd ref='2795' />
    <tag k='type' v='pedestrian_marking' />
  </way>
  <way id='3771' action='modify' visible='true' version='1'>
    <nd ref='1478' />
    <nd ref='-101835' />
    <nd ref='2339' />
    <tag k='type' v='virtual' />
  </way>
  <way id='3772' action='modify' visible='true' version='1'>
    <nd ref='1773' />
    <nd ref='1775' />
    <nd ref='1477' />
    <nd ref='-101941' />
    <nd ref='1478' />
    <tag k='subtype' v='low' />
    <tag k='type' v='curbstone' />
  </way>
  <way id='3773' visible='true' version='1'>
    <nd ref='2321' />
    <nd ref='2354' />
    <tag k='type' v='virtual' />
  </way>
  <way id='3774' visible='true' version='1'>
    <nd ref='1483' />
    <nd ref='1476' />
    <nd ref='1773' />
    <tag k='subtype' v='low' />
    <tag k='type' v='curbstone' />
  </way>
  <way id='3775' visible='true' version='1'>
    <nd ref='1774' />
    <nd ref='1775' />
    <tag k='type' v='bike_marking' />
  </way>
  <way id='3776' visible='true' version='1'>
    <nd ref='2321' />
    <nd ref='1789' />
    <nd ref='1478' />
    <tag k='subtype' v='solid' />
    <tag k='type' v='line_thick' />
  </way>
  <way id='3777' visible='true' version='1'>
    <nd ref='2773' />
    <nd ref='2321' />
    <tag k='type' v='virtual' />
  </way>
  <way id='3778' visible='true' version='1'>
    <nd ref='2314' />
    <nd ref='2553' />
    <tag k='type' v='curbstone' />
  </way>
  <way id='3779' visible='true' version='1'>
    <nd ref='1469' />
    <nd ref='2315' />
    <nd ref='2565' />
    <tag k='type' v='virtual' />
  </way>
  <way id='3780' visible='true' version='1'>
    <nd ref='2772' />
    <nd ref='2316' />
    <nd ref='2317' />
    <nd ref='2536' />
    <tag k='type' v='virtual' />
  </way>
  <way id='3781' visible='true' version='1'>
    <nd ref='2552' />
    <nd ref='1471' />
    <nd ref='1416' />
    <tag k='subtype' v='low' />
    <tag k='type' v='curbstone' />
  </way>
  <way id='3782' visible='true' version='1'>
    <nd ref='2780' />
    <nd ref='2779' />
    <nd ref='2853' />
    <tag k='type' v='virtual' />
  </way>
  <way id='3783' visible='true' version='1'>
    <nd ref='1467' />
    <nd ref='1468' />
    <nd ref='1469' />
    <tag k='subtype' v='low' />
    <tag k='type' v='curbstone' />
  </way>
  <way id='3784' visible='true' version='1'>
    <nd ref='2536' />
    <nd ref='2773' />
    <tag k='type' v='virtual' />
  </way>
  <way id='3785' visible='true' version='1'>
    <nd ref='2318' />
    <nd ref='1468' />
    <tag k='type' v='bike_marking' />
  </way>
  <way id='3786' visible='true' version='1'>
    <nd ref='2560' />
    <nd ref='2553' />
    <tag k='type' v='virtual' />
  </way>
  <way id='3787' visible='true' version='1'>
    <nd ref='1416' />
    <nd ref='2565' />
    <nd ref='2564' />
    <tag k='type' v='virtual' />
  </way>
  <way id='3788' visible='true' version='1'>
    <nd ref='2553' />
    <nd ref='2877' />
    <tag k='subtype' v='solid' />
    <tag k='type' v='line_thick' />
  </way>
  <way id='3789' visible='true' version='1'>
    <nd ref='2536' />
    <nd ref='1469' />
    <tag k='subtype' v='solid' />
    <tag k='type' v='line_thick' />
  </way>
  <way id='3790' visible='true' version='1'>
    <nd ref='2344' />
    <nd ref='2321' />
    <tag k='type' v='virtual' />
  </way>
  <way id='3791' visible='true' version='1'>
    <nd ref='1469' />
    <nd ref='2344' />
    <tag k='type' v='virtual' />
  </way>
  <way id='3792' visible='true' version='1'>
    <nd ref='2338' />
    <nd ref='1824' />
    <nd ref='1823' />
    <nd ref='2536' />
    <tag k='type' v='virtual' />
  </way>
  <way id='3793' visible='true' version='1'>
    <nd ref='2319' />
    <nd ref='1917' />
    <tag k='type' v='road_border' />
  </way>
  <way id='3794' visible='true' version='1'>
    <nd ref='2320' />
    <nd ref='2314' />
    <tag k='subtype' v='high' />
    <tag k='type' v='curbstone' />
  </way>
  <way id='3795' visible='true' version='1'>
    <nd ref='1799' />
    <nd ref='2554' />
    <tag k='subtype' v='solid' />
    <tag k='type' v='line_thin' />
  </way>
  <way id='3796' visible='true' version='1'>
    <nd ref='1800' />
    <nd ref='2555' />
    <tag k='type' v='road_border' />
  </way>
  <way id='3797' visible='true' version='1'>
    <nd ref='2325' />
    <nd ref='1778' />
    <tag k='type' v='virtual' />
  </way>
  <way id='3798' visible='true' version='1'>
    <nd ref='2765' />
    <nd ref='2331' />
    <tag k='type' v='virtual' />
  </way>
  <way id='3799' visible='true' version='1'>
    <nd ref='2353' />
    <nd ref='2349' />
    <tag k='type' v='virtual' />
  </way>
  <way id='3800' visible='true' version='1'>
    <nd ref='2327' />
    <nd ref='2325' />
    <tag k='type' v='virtual' />
  </way>
  <way id='3801' visible='true' version='1'>
    <nd ref='2337' />
    <nd ref='2326' />
    <tag k='type' v='virtual' />
  </way>
  <way id='3802' visible='true' version='1'>
    <nd ref='1787' />
    <nd ref='2326' />
    <nd ref='2327' />
    <tag k='type' v='bike_marking' />
  </way>
  <way id='3803' visible='true' version='1'>
    <nd ref='2340' />
    <nd ref='1786' />
    <nd ref='2349' />
    <tag k='type' v='virtual' />
  </way>
  <way id='3804' visible='true' version='1'>
    <nd ref='1785' />
    <nd ref='1784' />
    <nd ref='1783' />
    <nd ref='1782' />
    <tag k='subtype' v='solid' />
    <tag k='type' v='line_thin' />
  </way>
  <way id='3805' visible='true' version='1'>
    <nd ref='2331' />
    <nd ref='2329' />
    <nd ref='2323' />
    <tag k='type' v='road_border' />
  </way>
  <way id='3806' visible='true' version='1'>
    <nd ref='2545' />
    <nd ref='2334' />
    <nd ref='1841' />
    <tag k='type' v='road_border' />
  </way>
  <way id='3807' visible='true' version='1'>
    <nd ref='1769' />
    <nd ref='2832' />
    <nd ref='2782' />
    <nd ref='2566' />
    <tag k='type' v='pedestrian_marking' />
  </way>
  <way id='3808' visible='true' version='1'>
    <nd ref='1467' />
    <nd ref='2781' />
    <nd ref='2878' />
    <nd ref='2879' />
    <nd ref='1770' />
    <tag k='type' v='pedestrian_marking' />
  </way>
  <way id='3809' visible='true' version='1'>
    <nd ref='1445' />
    <nd ref='1451' />
    <nd ref='1457' />
    <nd ref='2877' />
    <tag k='type' v='pedestrian_marking' />
  </way>
  <way id='3810' visible='true' version='1'>
    <nd ref='1432' />
    <nd ref='1434' />
    <nd ref='1438' />
    <tag k='type' v='pedestrian_marking' />
  </way>
  <way id='3811' visible='true' version='1'>
    <nd ref='2337' />
    <nd ref='1050' />
    <tag k='subtype' v='low' />
    <tag k='type' v='curbstone' />
  </way>
  <way id='3812' visible='true' version='1'>
    <nd ref='1333' />
    <nd ref='2861' />
    <tag k='subtype' v='low' />
    <tag k='type' v='curbstone' />
  </way>
  <way id='3813' visible='true' version='1'>
    <nd ref='1333' />
    <nd ref='1370' />
    <nd ref='1364' />
    <nd ref='1801' />
    <tag k='type' v='pedestrian_marking' />
  </way>
  <way id='3814' visible='true' version='1'>
    <nd ref='1050' />
    <nd ref='1318' />
    <nd ref='1319' />
    <tag k='type' v='pedestrian_marking' />
  </way>
  <way id='3815' visible='true' version='1'>
    <nd ref='2876' />
    <nd ref='2862' />
    <nd ref='2794' />
    <nd ref='2337' />
    <tag k='type' v='pedestrian_marking' />
  </way>
  <way id='3816' visible='true' version='1'>
    <nd ref='2339' />
    <nd ref='1806' />
    <nd ref='1803' />
    <nd ref='2567' />
    <tag k='type' v='virtual' />
  </way>
  <way id='3817' visible='true' version='1'>
    <nd ref='2795' />
    <nd ref='1774' />
    <nd ref='2321' />
    <tag k='type' v='virtual' />
  </way>
  <way id='3818' visible='true' version='1'>
    <nd ref='2339' />
    <nd ref='2343' />
    <nd ref='2342' />
    <nd ref='1790' />
    <tag k='type' v='bike_marking' />
  </way>
  <way id='3819' action='modify' visible='true' version='1'>
    <nd ref='2348' />
    <nd ref='-102220' />
    <nd ref='2347' />
    <nd ref='1795' />
    <tag k='type' v='bike_marking' />
  </way>
  <way id='3820' visible='true' version='1'>
    <nd ref='2338' />
    <nd ref='2351' />
    <nd ref='2350' />
    <nd ref='2318' />
    <tag k='type' v='bike_marking' />
  </way>
  <way id='3821' visible='true' version='1'>
    <nd ref='2344' />
    <nd ref='2352' />
    <nd ref='1774' />
    <tag k='type' v='bike_marking' />
  </way>
  <way id='3822' visible='true' version='1'>
    <nd ref='2772' />
    <nd ref='2338' />
    <nd ref='2782' />
    <tag k='type' v='virtual' />
  </way>
  <way id='3823' visible='true' version='1'>
    <nd ref='2353' />
    <nd ref='2774' />
    <nd ref='1829' />
    <nd ref='1830' />
    <nd ref='1793' />
    <tag k='type' v='bike_marking' />
  </way>
  <way id='3824' visible='true' version='1'>
    <nd ref='2354' />
    <nd ref='2339' />
    <nd ref='1750' />
    <tag k='type' v='virtual' />
  </way>
  <way id='3825' visible='true' version='1'>
    <nd ref='2354' />
    <nd ref='1807' />
    <nd ref='1804' />
    <nd ref='2353' />
    <tag k='type' v='bike_marking' />
  </way>
  <way id='3826' visible='true' version='1'>
    <nd ref='2660' />
    <nd ref='2645' />
    <nd ref='2646' />
    <nd ref='2647' />
    <tag k='subtype' v='high' />
    <tag k='type' v='curbstone' />
  </way>
  <way id='3827' action='modify' visible='true' version='1'>
    <nd ref='2641' />
    <nd ref='2630' />
    <nd ref='1136' />
    <tag k='type' v='virtual' />
  </way>
  <way id='3828' visible='true' version='1'>
    <nd ref='2362' />
    <nd ref='2195' />
    <nd ref='2358' />
    <nd ref='2356' />
    <nd ref='1218' />
    <tag k='type' v='virtual' />
  </way>
  <way id='3829' visible='true' version='1'>
    <nd ref='2599' />
    <nd ref='2194' />
    <nd ref='2357' />
    <nd ref='2355' />
    <nd ref='2686' />
    <tag k='type' v='virtual' />
  </way>
  <way id='3830' visible='true' version='1'>
    <nd ref='2197' />
    <nd ref='2363' />
    <nd ref='2362' />
    <tag k='type' v='virtual' />
  </way>
  <way id='3831' visible='true' version='1'>
    <nd ref='2362' />
    <nd ref='2196' />
    <nd ref='2366' />
    <nd ref='2210' />
    <nd ref='2365' />
    <nd ref='2364' />
    <nd ref='2360' />
    <nd ref='2696' />
    <tag k='type' v='virtual' />
  </way>
  <way id='3832' visible='true' version='1'>
    <nd ref='2599' />
    <nd ref='2361' />
    <nd ref='2368' />
    <nd ref='2211' />
    <nd ref='2369' />
    <nd ref='2367' />
    <nd ref='2359' />
    <nd ref='2695' />
    <tag k='type' v='virtual' />
  </way>
  <way id='3833' visible='true' version='1'>
    <nd ref='2433' />
    <nd ref='2419' />
    <tag k='type' v='road_border' />
  </way>
  <way id='3834' visible='true' version='1'>
    <nd ref='2624' />
    <nd ref='2625' />
    <tag k='subtype' v='low' />
    <tag k='type' v='curbstone' />
  </way>
  <way id='3835' visible='true' version='1'>
    <nd ref='2614' />
    <nd ref='2613' />
    <tag k='subtype' v='solid' />
    <tag k='type' v='line_thin' />
  </way>
  <way id='3836' visible='true' version='1'>
    <nd ref='2635' />
    <nd ref='2634' />
    <nd ref='2633' />
    <tag k='subtype' v='low' />
    <tag k='type' v='curbstone' />
  </way>
  <way id='3837' visible='true' version='1'>
    <nd ref='2617' />
    <nd ref='2373' />
    <nd ref='2372' />
    <nd ref='2371' />
    <tag k='type' v='virtual' />
  </way>
  <way id='3838' visible='true' version='1'>
    <nd ref='2615' />
    <nd ref='2614' />
    <tag k='subtype' v='solid' />
    <tag k='type' v='line_thin' />
  </way>
  <way id='3839' visible='true' version='1'>
    <nd ref='2617' />
    <nd ref='2615' />
    <tag k='subtype' v='solid' />
    <tag k='type' v='line_thin' />
  </way>
  <way id='3840' visible='true' version='1'>
    <nd ref='2606' />
    <nd ref='2598' />
    <nd ref='2597' />
    <tag k='subtype' v='solid' />
    <tag k='type' v='line_thin' />
  </way>
  <way id='3841' visible='true' version='1'>
    <nd ref='1190' />
    <nd ref='1211' />
    <tag k='type' v='pedestrian_marking' />
  </way>
  <way id='3842' visible='true' version='1'>
    <nd ref='1210' />
    <nd ref='1189' />
    <tag k='type' v='pedestrian_marking' />
  </way>
  <way id='3843' visible='true' version='1'>
    <nd ref='2410' />
    <nd ref='1132' />
    <tag k='type' v='virtual' />
  </way>
  <way id='3844' visible='true' version='1'>
    <nd ref='2396' />
    <nd ref='2412' />
    <nd ref='2413' />
    <tag k='type' v='road_border' />
  </way>
  <way id='3845' visible='true' version='1'>
    <nd ref='2413' />
    <nd ref='2410' />
    <tag k='type' v='virtual' />
  </way>
  <way id='3846' visible='true' version='1'>
    <nd ref='1132' />
    <nd ref='1147' />
    <nd ref='1161' />
    <nd ref='1176' />
    <nd ref='1190' />
    <tag k='type' v='pedestrian_marking' />
  </way>
  <way id='3847' visible='true' version='1'>
    <nd ref='2432' />
    <nd ref='2433' />
    <tag k='type' v='road_border' />
  </way>
  <way id='3848' visible='true' version='1'>
    <nd ref='2432' />
    <nd ref='2647' />
    <tag k='type' v='virtual' />
  </way>
  <way id='3849' visible='true' version='1'>
    <nd ref='2615' />
    <nd ref='2633' />
    <tag k='type' v='pedestrian_marking' />
  </way>
  <way id='3850' visible='true' version='1'>
    <nd ref='2208' />
    <nd ref='1137' />
    <tag k='type' v='virtual' />
  </way>
  <way id='3851' visible='true' version='1'>
    <nd ref='2434' />
    <nd ref='2208' />
    <tag k='type' v='virtual' />
  </way>
  <way id='3852' visible='true' version='1'>
    <nd ref='2635' />
    <nd ref='2440' />
    <tag k='type' v='virtual' />
  </way>
  <way id='3853' visible='true' version='1'>
    <nd ref='2641' />
    <nd ref='2209' />
    <tag k='subtype' v='low' />
    <tag k='type' v='curbstone' />
  </way>
  <way id='3854' visible='true' version='1'>
    <nd ref='2434' />
    <nd ref='2205' />
    <nd ref='2378' />
    <nd ref='2377' />
    <nd ref='2376' />
    <nd ref='2375' />
    <nd ref='2374' />
    <nd ref='2379' />
    <tag k='type' v='road_border' />
  </way>
  <way id='3855' visible='true' version='1'>
    <nd ref='2208' />
    <nd ref='2206' />
    <nd ref='2384' />
    <nd ref='2383' />
    <nd ref='2382' />
    <nd ref='2381' />
    <nd ref='2380' />
    <nd ref='2385' />
    <tag k='subtype' v='high' />
    <tag k='type' v='curbstone' />
  </way>
  <way id='3856' visible='true' version='1'>
    <nd ref='2394' />
    <nd ref='2393' />
    <nd ref='2392' />
    <nd ref='2391' />
    <nd ref='2390' />
    <nd ref='2389' />
    <nd ref='2388' />
    <tag k='type' v='road_border' />
  </way>
  <way id='3857' visible='true' version='1'>
    <nd ref='2405' />
    <nd ref='2404' />
    <nd ref='2403' />
    <nd ref='2402' />
    <nd ref='2401' />
    <nd ref='2400' />
    <nd ref='2399' />
    <tag k='subtype' v='high' />
    <tag k='type' v='curbstone' />
  </way>
  <way id='3858' visible='true' version='1'>
    <nd ref='2410' />
    <nd ref='2409' />
    <nd ref='2408' />
    <nd ref='2655' />
    <tag k='subtype' v='low' />
    <tag k='type' v='curbstone' />
  </way>
  <way id='3859' visible='true' version='1'>
    <nd ref='1189' />
    <nd ref='1175' />
    <nd ref='1160' />
    <nd ref='1146' />
    <nd ref='1131' />
    <tag k='type' v='pedestrian_marking' />
  </way>
  <way id='3860' visible='true' version='1'>
    <nd ref='2212' />
    <nd ref='2415' />
    <nd ref='2416' />
    <nd ref='2417' />
    <nd ref='2418' />
    <nd ref='2432' />
    <tag k='type' v='road_border' />
  </way>
  <way id='3861' visible='true' version='1'>
    <nd ref='2421' />
    <nd ref='2422' />
    <nd ref='2423' />
    <nd ref='2424' />
    <nd ref='2425' />
    <tag k='type' v='road_border' />
  </way>
  <way id='3862' visible='true' version='1'>
    <nd ref='2430' />
    <nd ref='2429' />
    <nd ref='2428' />
    <nd ref='2427' />
    <nd ref='2426' />
    <tag k='type' v='road_border' />
  </way>
  <way id='3863' visible='true' version='1'>
    <nd ref='2512' />
    <nd ref='2501' />
    <tag k='type' v='virtual' />
  </way>
  <way id='3864' visible='true' version='1'>
    <nd ref='1195' />
    <nd ref='2512' />
    <tag k='type' v='virtual' />
  </way>
  <way id='3865' visible='true' version='1'>
    <nd ref='1137' />
    <nd ref='1196' />
    <tag k='type' v='pedestrian_marking' />
  </way>
  <way id='3866' visible='true' version='1'>
    <nd ref='1136' />
    <nd ref='1152' />
    <nd ref='1166' />
    <nd ref='1181' />
    <nd ref='1195' />
    <tag k='type' v='pedestrian_marking' />
  </way>
  <way id='3867' visible='true' version='1'>
    <nd ref='2624' />
    <nd ref='2433' />
    <tag k='type' v='virtual' />
  </way>
  <way id='3868' visible='true' version='1'>
    <nd ref='2617' />
    <nd ref='2660' />
    <tag k='type' v='virtual' />
  </way>
  <way id='3869' visible='true' version='1'>
    <nd ref='2660' />
    <nd ref='2624' />
    <tag k='subtype' v='low' />
    <tag k='type' v='curbstone' />
  </way>
  <way id='3870' visible='true' version='1'>
    <nd ref='2617' />
    <nd ref='2197' />
    <nd ref='2632' />
    <tag k='type' v='pedestrian_marking' />
  </way>
  <way id='3871' visible='true' version='1'>
    <nd ref='2624' />
    <nd ref='2615' />
    <tag k='type' v='virtual' />
  </way>
  <way id='3872' visible='true' version='1'>
    <nd ref='2635' />
    <nd ref='2614' />
    <tag k='subtype' v='solid' />
    <tag k='type' v='line_thick' />
  </way>
  <way id='3873' visible='true' version='1'>
    <nd ref='2453' />
    <nd ref='1977' />
    <nd ref='2444' />
    <nd ref='2443' />
    <nd ref='2442' />
    <nd ref='2441' />
    <nd ref='2452' />
    <tag k='type' v='road_border' />
  </way>
  <way id='3874' visible='true' version='1'>
    <nd ref='2459' />
    <nd ref='2461' />
    <tag k='type' v='road_border' />
  </way>
  <way id='3875' visible='true' version='1'>
    <nd ref='2461' />
    <nd ref='2451' />
    <nd ref='2450' />
    <nd ref='2449' />
    <nd ref='2460' />
    <nd ref='2448' />
    <nd ref='2458' />
    <nd ref='2447' />
    <nd ref='2457' />
    <nd ref='2456' />
    <nd ref='2455' />
    <nd ref='2446' />
    <tag k='type' v='road_border' />
  </way>
  <way id='3876' visible='true' version='1'>
    <nd ref='2468' />
    <nd ref='2467' />
    <nd ref='2466' />
    <nd ref='2465' />
    <nd ref='2464' />
    <nd ref='2463' />
    <nd ref='2462' />
    <tag k='type' v='road_border' />
  </way>
  <way id='3877' visible='true' version='1'>
    <nd ref='2486' />
    <nd ref='1976' />
    <nd ref='2474' />
    <nd ref='2473' />
    <nd ref='2472' />
    <nd ref='2471' />
    <nd ref='2485' />
    <tag k='subtype' v='high' />
    <tag k='type' v='curbstone' />
  </way>
  <way id='3878' visible='true' version='1'>
    <nd ref='2476' />
    <nd ref='2487' />
    <nd ref='2475' />
    <nd ref='2045' />
    <nd ref='2486' />
    <tag k='subtype' v='high' />
    <tag k='type' v='curbstone' />
  </way>
  <way id='3879' visible='true' version='1'>
    <nd ref='2489' />
    <nd ref='2488' />
    <tag k='subtype' v='high' />
    <tag k='type' v='curbstone' />
  </way>
  <way id='3880' visible='true' version='1'>
    <nd ref='2483' />
    <nd ref='2482' />
    <nd ref='2481' />
    <nd ref='2480' />
    <nd ref='2479' />
    <nd ref='2478' />
    <nd ref='2477' />
    <tag k='subtype' v='high' />
    <tag k='type' v='curbstone' />
  </way>
  <way id='3881' visible='true' version='1'>
    <nd ref='2582' />
    <nd ref='2521' />
    <tag k='type' v='virtual' />
  </way>
  <way id='3882' visible='true' version='1'>
    <nd ref='2523' />
    <nd ref='2526' />
    <tag k='type' v='virtual' />
  </way>
  <way id='3883' visible='true' version='1'>
    <nd ref='1194' />
    <nd ref='2511' />
    <tag k='subtype' v='solid' />
    <tag k='type' v='line_thick' />
  </way>
  <way id='3884' visible='true' version='1'>
    <nd ref='2497' />
    <nd ref='2495' />
    <nd ref='2494' />
    <nd ref='2493' />
    <nd ref='2492' />
    <nd ref='2491' />
    <nd ref='2199' />
    <nd ref='2498' />
    <tag k='type' v='road_border' />
  </way>
  <way id='3885' visible='true' version='1'>
    <nd ref='2498' />
    <nd ref='2499' />
    <nd ref='2501' />
    <tag k='type' v='road_border' />
  </way>
  <way id='3886' visible='true' version='1'>
    <nd ref='2501' />
    <nd ref='2496' />
    <nd ref='2500' />
    <tag k='type' v='road_border' />
  </way>
  <way id='3887' visible='true' version='1'>
    <nd ref='2508' />
    <nd ref='2510' />
    <nd ref='2512' />
    <tag k='subtype' v='high' />
    <tag k='type' v='curbstone' />
  </way>
  <way id='3888' visible='true' version='1'>
    <nd ref='2509' />
    <nd ref='2506' />
    <nd ref='2505' />
    <nd ref='2504' />
    <nd ref='2503' />
    <nd ref='2502' />
    <nd ref='2200' />
    <nd ref='2508' />
    <tag k='subtype' v='high' />
    <tag k='type' v='curbstone' />
  </way>
  <way id='3889' visible='true' version='1'>
    <nd ref='2512' />
    <nd ref='2507' />
    <nd ref='2511' />
    <tag k='subtype' v='high' />
    <tag k='type' v='curbstone' />
  </way>
  <way id='3890' visible='true' version='1'>
    <nd ref='2519' />
    <nd ref='2588' />
    <tag k='type' v='bike_marking' />
  </way>
  <way id='3891' visible='true' version='1'>
    <nd ref='2516' />
    <nd ref='2515' />
    <nd ref='2514' />
    <nd ref='2241' />
    <nd ref='2240' />
    <nd ref='2239' />
    <tag k='type' v='road_border' />
  </way>
  <way id='3892' visible='true' version='1'>
    <nd ref='2517' />
    <nd ref='2233' />
    <nd ref='2518' />
    <nd ref='2236' />
    <nd ref='2523' />
    <tag k='type' v='road_border' />
  </way>
  <way id='3893' visible='true' version='1'>
    <nd ref='2526' />
    <nd ref='1218' />
    <tag k='subtype' v='solid' />
    <tag k='type' v='line_thick' />
  </way>
  <way id='3894' visible='true' version='1'>
    <nd ref='2704' />
    <nd ref='2248' />
    <nd ref='2249' />
    <nd ref='2255' />
    <nd ref='2524' />
    <tag k='subtype' v='dashed' />
    <tag k='type' v='pedestrian_marking' />
  </way>
  <way id='4602' visible='true' version='1'>
    <nd ref='4597' />
    <nd ref='1862' />
    <tag k='type' v='road_border' />
  </way>
  <way id='4603' visible='true' version='1'>
    <nd ref='4598' />
    <nd ref='2268' />
    <tag k='type' v='road_border' />
  </way>
  <way id='4604' visible='true' version='1'>
    <nd ref='4601' />
    <nd ref='1019' />
    <tag k='subtype' v='high' />
    <tag k='type' v='curbstone' />
  </way>
  <way id='4605' visible='true' version='1'>
    <nd ref='4567' />
    <nd ref='4600' />
    <tag k='subtype' v='dashed' />
    <tag k='type' v='virtual' />
  </way>
  <way id='4606' visible='true' version='1'>
    <nd ref='1259' />
    <nd ref='4599' />
    <tag k='subtype' v='dashed' />
    <tag k='type' v='line_thin' />
  </way>
  <way id='4607' visible='true' version='1'>
    <nd ref='1223' />
    <nd ref='4596' />
    <tag k='subtype' v='high' />
    <tag k='type' v='curbstone' />
  </way>
  <way id='4608' visible='true' version='1'>
    <nd ref='2484' />
    <nd ref='4588' />
    <tag k='subtype' v='high' />
    <tag k='type' v='curbstone' />
  </way>
  <way id='4609' visible='true' version='1'>
    <nd ref='2469' />
    <nd ref='4590' />
    <tag k='type' v='road_border' />
  </way>
  <way id='4610' visible='true' version='1'>
    <nd ref='4590' />
    <nd ref='2468' />
    <tag k='type' v='road_border' />
  </way>
  <way id='4611' visible='true' version='1'>
    <nd ref='4588' />
    <nd ref='2483' />
    <tag k='subtype' v='high' />
    <tag k='type' v='curbstone' />
  </way>
  <way id='4612' visible='true' version='1'>
    <nd ref='4596' />
    <nd ref='1224' />
    <tag k='subtype' v='high' />
    <tag k='type' v='curbstone' />
  </way>
  <way id='4613' visible='true' version='1'>
    <nd ref='4599' />
    <nd ref='1258' />
    <tag k='subtype' v='dashed' />
    <tag k='type' v='line_thin' />
  </way>
  <way id='4614' visible='true' version='1'>
    <nd ref='1020' />
    <nd ref='4601' />
    <tag k='subtype' v='high' />
    <tag k='type' v='curbstone' />
  </way>
  <way id='4615' visible='true' version='1'>
    <nd ref='2261' />
    <nd ref='4598' />
    <tag k='type' v='road_border' />
  </way>
  <way id='4616' visible='true' version='1'>
    <nd ref='1863' />
    <nd ref='4597' />
    <tag k='type' v='road_border' />
  </way>
  <way id='4617' visible='true' version='1'>
    <nd ref='4600' />
    <nd ref='1020' />
    <tag k='type' v='virtual' />
  </way>
  <way id='4618' visible='true' version='1'>
    <nd ref='4600' />
    <nd ref='1258' />
    <tag k='type' v='virtual' />
  </way>
  <way id='4619' visible='true' version='1'>
    <nd ref='4580' />
    <nd ref='4568' />
    <nd ref='1267' />
    <tag k='subtype' v='dashed' />
    <tag k='type' v='virtual' />
  </way>
  <way id='4620' visible='true' version='1'>
    <nd ref='4580' />
    <nd ref='4567' />
    <tag k='subtype' v='dashed' />
    <tag k='type' v='virtual' />
  </way>
  <way id='4621' visible='true' version='1'>
    <nd ref='4569' />
    <nd ref='4581' />
    <tag k='subtype' v='red_green' />
    <tag k='type' v='traffic_light' />
  </way>
  <way id='4622' visible='true' version='1'>
    <nd ref='4576' />
    <nd ref='4579' />
    <tag k='subtype' v='red_green' />
    <tag k='type' v='traffic_light' />
  </way>
  <way id='4623' visible='true' version='1'>
    <nd ref='4577' />
    <nd ref='4578' />
    <tag k='subtype' v='red_green' />
    <tag k='type' v='traffic_light' />
  </way>
  <way id='4624' visible='true' version='1'>
    <nd ref='1361' />
    <nd ref='4584' />
    <nd ref='2766' />
    <tag k='type' v='virtual' />
  </way>
  <way id='4625' visible='true' version='1'>
    <nd ref='4575' />
    <nd ref='4587' />
    <tag k='subtype' v='red_green' />
    <tag k='type' v='traffic_light' />
  </way>
  <way id='4626' visible='true' version='1'>
    <nd ref='4585' />
    <nd ref='4570' />
    <tag k='subtype' v='red_green' />
    <tag k='type' v='traffic_light' />
  </way>
  <way id='4627' visible='true' version='1'>
    <nd ref='4574' />
    <nd ref='4586' />
    <tag k='subtype' v='red_green' />
    <tag k='type' v='traffic_light' />
  </way>
  <way id='4628' visible='true' version='1'>
    <nd ref='4572' />
    <nd ref='4573' />
    <tag k='subtype' v='red_green' />
    <tag k='type' v='traffic_light' />
  </way>
  <way id='4629' visible='true' version='1'>
    <nd ref='4583' />
    <nd ref='4571' />
    <tag k='subtype' v='red_green' />
    <tag k='type' v='traffic_light' />
  </way>
  <way id='4630' visible='true' version='1'>
    <nd ref='4592' />
    <nd ref='4591' />
    <tag k='subtype' v='red_yellow_green' />
    <tag k='type' v='traffic_light' />
  </way>
  <way id='4631' visible='true' version='1'>
    <nd ref='4594' />
    <nd ref='4593' />
    <tag k='subtype' v='red_green' />
    <tag k='type' v='traffic_light' />
  </way>
  <way id='4632' visible='true' version='1'>
    <nd ref='4582' />
    <nd ref='4595' />
    <tag k='subtype' v='red_green' />
    <tag k='type' v='traffic_light' />
  </way>
  <relation id='-99753' action='modify' visible='true'>
    <member type='way' ref='2963' role='outer' />
    <member type='way' ref='3073' role='outer' />
    <member type='way' ref='3062' role='outer' />
    <member type='way' ref='3123' role='outer' />
    <member type='way' ref='3746' role='outer' />
    <tag k='region' v='de' />
    <tag k='subtype' v='walkway' />
    <tag k='type' v='multipolygon' />
  </relation>
  <relation id='-99760' action='modify' visible='true'>
    <member type='way' ref='3647' role='outer' />
    <member type='way' ref='3142' role='outer' />
    <member type='way' ref='3137' role='outer' />
    <member type='way' ref='3167' role='outer' />
    <member type='way' ref='3646' role='outer' />
    <tag k='region' v='de' />
    <tag k='subtype' v='vegetation' />
    <tag k='type' v='multipolygon' />
  </relation>
  <relation id='-99762' action='modify' visible='true'>
    <member type='way' ref='3630' role='outer' />
    <member type='way' ref='3646' role='outer' />
    <member type='way' ref='3647' role='outer' />
    <member type='way' ref='3165' role='outer' />
    <member type='way' ref='3168' role='outer' />
    <tag k='region' v='de' />
    <tag k='subtype' v='keepout' />
    <tag k='type' v='multipolygon' />
  </relation>
  <relation id='-99764' action='modify' visible='true'>
    <member type='way' ref='3415' role='outer' />
    <member type='way' ref='3419' role='outer' />
    <member type='way' ref='3197' role='outer' />
    <tag k='region' v='de' />
    <tag k='subtype' v='walkway' />
    <tag k='type' v='multipolygon' />
  </relation>
  <relation id='-99766' action='modify' visible='true'>
    <member type='way' ref='3418' role='outer' />
    <member type='way' ref='3421' role='outer' />
    <member type='way' ref='3199' role='outer' />
    <tag k='region' v='de' />
    <tag k='subtype' v='walkway' />
    <tag k='type' v='multipolygon' />
  </relation>
  <relation id='-99768' action='modify' visible='true'>
    <member type='way' ref='3517' role='outer' />
    <member type='way' ref='3220' role='outer' />
    <member type='way' ref='2970' role='outer' />
    <member type='way' ref='3176' role='outer' />
    <tag k='region' v='de' />
    <tag k='subtype' v='keepout' />
    <tag k='type' v='multipolygon' />
  </relation>
  <relation id='3895' visible='true' version='1'>
    <member type='way' ref='3100' role='left' />
    <member type='way' ref='3792' role='right' />
    <tag k='one_way' v='yes' />
    <tag k='region' v='de' />
    <tag k='subtype' v='bicycle_lane' />
    <tag k='type' v='lanelet' />
  </relation>
  <relation id='3896' visible='true' version='1'>
    <member type='way' ref='3780' role='left' />
    <member type='way' ref='3820' role='right' />
    <tag k='location' v='city' />
    <tag k='one_way' v='yes' />
    <tag k='region' v='de' />
    <tag k='subtype' v='bicycle_lane' />
    <tag k='type' v='lanelet' />
  </relation>
  <relation id='3897' visible='true' version='1'>
    <member type='way' ref='3784' role='left' />
    <member type='way' ref='3791' role='right' />
    <tag k='location' v='city' />
    <tag k='one_way' v='yes' />
    <tag k='region' v='de' />
    <tag k='subtype' v='bicycle_lane' />
    <tag k='type' v='lanelet' />
  </relation>
  <relation id='3898' visible='true' version='1'>
    <member type='way' ref='3340' role='left' />
    <member type='way' ref='3790' role='right' />
    <tag k='location' v='city' />
    <tag k='one_way' v='yes' />
    <tag k='region' v='de' />
    <tag k='subtype' v='bicycle_lane' />
    <tag k='type' v='lanelet' />
  </relation>
  <relation id='3899' visible='true' version='1'>
    <member type='way' ref='3777' role='left' />
    <member type='way' ref='3821' role='right' />
    <tag k='location' v='city' />
    <tag k='one_way' v='yes' />
    <tag k='region' v='de' />
    <tag k='subtype' v='bicycle_lane' />
    <tag k='type' v='lanelet' />
  </relation>
  <relation id='3900' visible='true' version='1'>
    <member type='way' ref='3099' role='left' />
    <member type='way' ref='3789' role='right' />
    <tag k='location' v='city' />
    <tag k='one_way' v='yes' />
    <tag k='region' v='de' />
    <tag k='subtype' v='bicycle_lane' />
    <tag k='type' v='lanelet' />
  </relation>
  <relation id='3901' visible='true' version='1'>
    <member type='way' ref='3087' role='left' />
    <member type='way' ref='3779' role='right' />
    <tag k='location' v='city' />
    <tag k='one_way' v='yes' />
    <tag k='region' v='de' />
    <tag k='subtype' v='bicycle_lane' />
    <tag k='type' v='lanelet' />
  </relation>
  <relation id='3902' visible='true' version='1'>
    <member type='way' ref='3128' role='left' />
    <member type='way' ref='3794' role='right' />
    <tag k='location' v='city' />
    <tag k='one_way' v='yes' />
    <tag k='region' v='de' />
    <tag k='subtype' v='bicycle_lane' />
    <tag k='type' v='lanelet' />
  </relation>
  <relation id='3903' visible='true' version='1'>
    <member type='way' ref='3075' role='left' />
    <member type='way' ref='3778' role='right' />
    <member type='relation' ref='4661' role='regulatory_element' />
    <tag k='location' v='city' />
    <tag k='one_way' v='yes' />
    <tag k='region' v='de' />
    <tag k='subtype' v='bicycle_lane' />
    <tag k='type' v='lanelet' />
  </relation>
  <relation id='3904' visible='true' version='1'>
    <member type='way' ref='2954' role='left' />
    <member type='way' ref='3672' role='right' />
    <tag k='location' v='city' />
    <tag k='one_way' v='yes' />
    <tag k='region' v='de' />
    <tag k='subtype' v='bicycle_lane' />
    <tag k='type' v='lanelet' />
  </relation>
  <relation id='3905' visible='true' version='1'>
    <member type='way' ref='3112' role='left' />
    <member type='way' ref='3113' role='right' />
    <member type='relation' ref='4662' role='regulatory_element' />
    <tag k='location' v='city' />
    <tag k='one_way' v='yes' />
    <tag k='region' v='de' />
    <tag k='subtype' v='bicycle_lane' />
    <tag k='type' v='lanelet' />
  </relation>
  <relation id='3906' visible='true' version='1'>
    <member type='way' ref='3069' role='left' />
    <member type='way' ref='3071' role='right' />
    <tag k='location' v='city' />
    <tag k='one_way' v='yes' />
    <tag k='region' v='de' />
    <tag k='subtype' v='bicycle_lane' />
    <tag k='type' v='lanelet' />
  </relation>
  <relation id='3907' visible='true' version='1'>
    <member type='way' ref='3773' role='left' />
    <member type='way' ref='3771' role='right' />
    <tag k='location' v='city' />
    <tag k='one_way' v='yes' />
    <tag k='region' v='de' />
    <tag k='subtype' v='bicycle_lane' />
    <tag k='type' v='lanelet' />
  </relation>
  <relation id='3908' visible='true' version='1'>
    <member type='way' ref='3825' role='left' />
    <member type='way' ref='3816' role='right' />
    <tag k='location' v='city' />
    <tag k='one_way' v='yes' />
    <tag k='region' v='de' />
    <tag k='subtype' v='bicycle_lane' />
    <tag k='type' v='lanelet' />
  </relation>
  <relation id='3909' visible='true' version='1'>
    <member type='way' ref='3765' role='left' />
    <member type='way' ref='3818' role='right' />
    <tag k='location' v='city' />
    <tag k='one_way' v='yes' />
    <tag k='region' v='de' />
    <tag k='subtype' v='bicycle_lane' />
    <tag k='type' v='lanelet' />
  </relation>
  <relation id='3910' visible='true' version='1'>
    <member type='way' ref='3824' role='left' />
    <member type='way' ref='3776' role='right' />
    <tag k='location' v='city' />
    <tag k='one_way' v='yes' />
    <tag k='region' v='de' />
    <tag k='subtype' v='bicycle_lane' />
    <tag k='type' v='lanelet' />
  </relation>
  <relation id='3911' visible='true' version='1'>
    <member type='way' ref='3050' role='left' />
    <member type='way' ref='3764' role='right' />
    <tag k='location' v='city' />
    <tag k='one_way' v='yes' />
    <tag k='region' v='de' />
    <tag k='subtype' v='bicycle_lane' />
    <tag k='type' v='lanelet' />
  </relation>
  <relation id='3912' visible='true' version='1'>
    <member type='way' ref='2916' role='left' />
    <member type='way' ref='3762' role='right' />
    <tag k='location' v='city' />
    <tag k='one_way' v='yes' />
    <tag k='region' v='de' />
    <tag k='subtype' v='bicycle_lane' />
    <tag k='type' v='lanelet' />
  </relation>
  <relation id='3913' visible='true' version='1'>
    <member type='way' ref='3753' role='left' />
    <member type='way' ref='3803' role='right' />
    <tag k='location' v='city' />
    <tag k='one_way' v='yes' />
    <tag k='region' v='de' />
    <tag k='subtype' v='bicycle_lane' />
    <tag k='type' v='lanelet' />
  </relation>
  <relation id='3914' visible='true' version='1'>
    <member type='way' ref='3799' role='left' />
    <member type='way' ref='3767' role='right' />
    <tag k='location' v='city' />
    <tag k='one_way' v='yes' />
    <tag k='region' v='de' />
    <tag k='subtype' v='bicycle_lane' />
    <tag k='type' v='lanelet' />
  </relation>
  <relation id='3915' visible='true' version='1'>
    <member type='way' ref='3754' role='left' />
    <member type='way' ref='3758' role='right' />
    <tag k='location' v='city' />
    <tag k='one_way' v='yes' />
    <tag k='region' v='de' />
    <tag k='subtype' v='bicycle_lane' />
    <tag k='type' v='lanelet' />
  </relation>
  <relation id='3916' visible='true' version='1'>
    <member type='way' ref='3802' role='left' />
    <member type='way' ref='3752' role='right' />
    <tag k='location' v='city' />
    <tag k='one_way' v='yes' />
    <tag k='region' v='de' />
    <tag k='subtype' v='bicycle_lane' />
    <tag k='type' v='lanelet' />
  </relation>
  <relation id='3917' visible='true' version='1'>
    <member type='way' ref='3756' role='left' />
    <member type='way' ref='3797' role='right' />
    <tag k='location' v='city' />
    <tag k='one_way' v='yes' />
    <tag k='region' v='de' />
    <tag k='subtype' v='bicycle_lane' />
    <tag k='type' v='lanelet' />
  </relation>
  <relation id='3918' visible='true' version='1'>
    <member type='way' ref='2923' role='left' />
    <member type='way' ref='3656' role='right' />
    <tag k='location' v='city' />
    <tag k='one_way' v='yes' />
    <tag k='region' v='de' />
    <tag k='subtype' v='bicycle_lane' />
    <tag k='type' v='lanelet' />
  </relation>
  <relation id='3919' visible='true' version='1'>
    <member type='way' ref='3823' role='left' />
    <member type='way' ref='3744' role='right' />
    <tag k='location' v='urban' />
    <tag k='one_way' v='yes' />
    <tag k='region' v='de' />
    <tag k='subtype' v='bicycle_lane' />
    <tag k='type' v='lanelet' />
  </relation>
  <relation id='3920' visible='true' version='1'>
    <member type='way' ref='3741' role='left' />
    <member type='way' ref='3819' role='right' />
    <tag k='location' v='urban' />
    <tag k='one_way' v='yes' />
    <tag k='region' v='de' />
    <tag k='subtype' v='bicycle_lane' />
    <tag k='type' v='lanelet' />
  </relation>
  <relation id='3921' visible='true' version='1'>
    <member type='way' ref='3740' role='left' />
    <member type='way' ref='3747' role='right' />
    <tag k='location' v='urban' />
    <tag k='one_way' v='yes' />
    <tag k='region' v='de' />
    <tag k='subtype' v='road' />
    <tag k='type' v='lanelet' />
  </relation>
  <relation id='3922' visible='true' version='1'>
    <member type='way' ref='3058' role='left' />
    <member type='way' ref='3746' role='right' />
    <tag k='location' v='urban' />
    <tag k='one_way' v='yes' />
    <tag k='region' v='de' />
    <tag k='subtype' v='bicycle_lane' />
    <tag k='type' v='lanelet' />
  </relation>
  <relation id='3923' visible='true' version='1'>
    <member type='way' ref='3715' role='left' />
    <member type='way' ref='3714' role='right' />
    <tag k='location' v='urban' />
    <tag k='one_way' v='yes' />
    <tag k='region' v='de' />
    <tag k='subtype' v='bicycle_lane' />
    <tag k='type' v='lanelet' />
  </relation>
  <relation id='3924' visible='true' version='1'>
    <member type='way' ref='3059' role='left' />
    <member type='way' ref='3735' role='right' />
    <member type='relation' ref='4654' role='regulatory_element' />
    <tag k='location' v='urban' />
    <tag k='one_way' v='yes' />
    <tag k='region' v='de' />
    <tag k='subtype' v='bicycle_lane' />
    <tag k='type' v='lanelet' />
  </relation>
  <relation id='3925' visible='true' version='1'>
    <member type='way' ref='3735' role='left' />
    <member type='way' ref='3795' role='right' />
    <tag k='location' v='urban' />
    <tag k='one_way' v='yes' />
    <tag k='region' v='de' />
    <tag k='subtype' v='bicycle_lane' />
    <tag k='type' v='lanelet' />
  </relation>
  <relation id='3926' visible='true' version='1'>
    <member type='way' ref='3669' role='left' />
    <member type='way' ref='3668' role='right' />
    <tag k='location' v='urban' />
    <tag k='one_way' v='no' />
    <tag k='region' v='de' />
    <tag k='subtype' v='walkway' />
    <tag k='type' v='lanelet' />
  </relation>
  <relation id='3927' visible='true' version='1'>
    <member type='way' ref='3743' role='left' />
    <member type='way' ref='3742' role='right' />
    <tag k='location' v='urban' />
    <tag k='one_way' v='yes' />
    <tag k='region' v='de' />
    <tag k='subtype' v='bicycle_lane' />
    <tag k='type' v='lanelet' />
  </relation>
  <relation id='3928' visible='true' version='1'>
    <member type='way' ref='3822' role='left' />
    <member type='way' ref='3739' role='right' />
    <tag k='location' v='urban' />
    <tag k='one_way' v='yes' />
    <tag k='region' v='de' />
    <tag k='subtype' v='bicycle_lane' />
    <tag k='type' v='lanelet' />
  </relation>
  <relation id='3929' visible='true' version='1'>
    <member type='way' ref='3072' role='left' />
    <member type='way' ref='3730' role='right' />
    <tag k='location' v='urban' />
    <tag k='one_way' v='yes' />
    <tag k='region' v='de' />
    <tag k='subtype' v='bicycle_lane' />
    <tag k='type' v='lanelet' />
  </relation>
  <relation id='3930' visible='true' version='1'>
    <member type='way' ref='3130' role='left' />
    <member type='way' ref='3129' role='right' />
    <member type='relation' ref='4527' role='regulatory_element' />
    <tag k='location' v='urban' />
    <tag k='one_way' v='yes' />
    <tag k='region' v='de' />
    <tag k='subtype' v='road' />
    <tag k='type' v='lanelet' />
  </relation>
  <relation id='3931' visible='true' version='1'>
    <member type='way' ref='3131' role='left' />
    <member type='way' ref='3130' role='right' />
    <member type='relation' ref='4527' role='regulatory_element' />
    <tag k='location' v='urban' />
    <tag k='one_way' v='yes' />
    <tag k='region' v='de' />
    <tag k='subtype' v='road' />
    <tag k='type' v='lanelet' />
  </relation>
  <relation id='3932' visible='true' version='1'>
    <member type='way' ref='3132' role='left' />
    <member type='way' ref='3131' role='right' />
    <member type='relation' ref='4526' role='regulatory_element' />
    <tag k='location' v='urban' />
    <tag k='one_way' v='yes' />
    <tag k='region' v='de' />
    <tag k='subtype' v='road' />
    <tag k='type' v='lanelet' />
  </relation>
  <relation id='3933' visible='true' version='1'>
    <member type='way' ref='3044' role='left' />
    <member type='way' ref='3043' role='right' />
    <tag k='location' v='urban' />
    <tag k='one_way' v='yes' />
    <tag k='region' v='de' />
    <tag k='subtype' v='road' />
    <tag k='type' v='lanelet' />
  </relation>
  <relation id='3934' visible='true' version='1'>
    <member type='way' ref='3155' role='left' />
    <member type='way' ref='3250' role='right' />
    <tag k='location' v='city' />
    <tag k='one_way' v='yes' />
    <tag k='region' v='de' />
    <tag k='subtype' v='road' />
    <tag k='type' v='lanelet' />
  </relation>
  <relation id='3935' visible='true' version='1'>
    <member type='way' ref='3434' role='left' />
    <member type='way' ref='3251' role='right' />
    <tag k='location' v='city' />
    <tag k='one_way' v='yes' />
    <tag k='region' v='de' />
    <tag k='subtype' v='road' />
    <tag k='type' v='lanelet' />
  </relation>
  <relation id='3936' visible='true' version='1'>
    <member type='way' ref='3400' role='left' />
    <member type='way' ref='2976' role='right' />
    <tag k='location' v='city' />
    <tag k='one_way' v='yes' />
    <tag k='region' v='de' />
    <tag k='subtype' v='road' />
    <tag k='type' v='lanelet' />
  </relation>
  <relation id='3937' visible='true' version='1'>
    <member type='way' ref='2976' role='left' />
    <member type='way' ref='2977' role='right' />
    <tag k='location' v='city' />
    <tag k='one_way' v='yes' />
    <tag k='region' v='de' />
    <tag k='subtype' v='road' />
    <tag k='type' v='lanelet' />
  </relation>
  <relation id='3938' visible='true' version='1'>
    <member type='way' ref='3251' role='left' />
    <member type='way' ref='3178' role='right' />
    <tag k='location' v='city' />
    <tag k='one_way' v='yes' />
    <tag k='region' v='de' />
    <tag k='subtype' v='road' />
    <tag k='type' v='lanelet' />
  </relation>
  <relation id='3939' visible='true' version='1'>
    <member type='way' ref='3250' role='left' />
    <member type='way' ref='3154' role='right' />
    <tag k='location' v='city' />
    <tag k='one_way' v='yes' />
    <tag k='region' v='de' />
    <tag k='subtype' v='road' />
    <tag k='type' v='lanelet' />
  </relation>
  <relation id='3940' visible='true' version='1'>
    <member type='way' ref='3248' role='left' />
    <member type='way' ref='2978' role='right' />
    <tag k='location' v='city' />
    <tag k='one_way' v='yes' />
    <tag k='region' v='de' />
    <tag k='subtype' v='road' />
    <tag k='type' v='lanelet' />
  </relation>
  <relation id='3941' visible='true' version='1'>
    <member type='way' ref='3242' role='left' />
    <member type='way' ref='3247' role='right' />
    <tag k='location' v='city' />
    <tag k='one_way' v='yes' />
    <tag k='region' v='de' />
    <tag k='subtype' v='road' />
    <tag k='type' v='lanelet' />
  </relation>
  <relation id='3942' visible='true' version='1'>
    <member type='way' ref='3244' role='left' />
    <member type='way' ref='3245' role='right' />
    <member type='relation' ref='4530' role='regulatory_element' />
    <tag k='location' v='city' />
    <tag k='one_way' v='yes' />
    <tag k='region' v='de' />
    <tag k='subtype' v='road' />
    <tag k='type' v='lanelet' />
  </relation>
  <relation id='3943' visible='true' version='1'>
    <member type='way' ref='3213' role='left' />
    <member type='way' ref='3234' role='right' />
    <member type='relation' ref='4535' role='regulatory_element' />
    <tag k='location' v='city' />
    <tag k='one_way' v='yes' />
    <tag k='region' v='de' />
    <tag k='subtype' v='road' />
    <tag k='type' v='lanelet' />
  </relation>
  <relation id='3944' visible='true' version='1'>
    <member type='way' ref='3234' role='left' />
    <member type='way' ref='3233' role='right' />
    <member type='relation' ref='4535' role='regulatory_element' />
    <tag k='location' v='city' />
    <tag k='one_way' v='yes' />
    <tag k='region' v='de' />
    <tag k='subtype' v='road' />
    <tag k='type' v='lanelet' />
  </relation>
  <relation id='3945' visible='true' version='1'>
    <member type='way' ref='3218' role='left' />
    <member type='way' ref='3212' role='right' />
    <tag k='location' v='city' />
    <tag k='one_way' v='yes' />
    <tag k='region' v='de' />
    <tag k='subtype' v='road' />
    <tag k='type' v='lanelet' />
  </relation>
  <relation id='3946' visible='true' version='1'>
    <member type='way' ref='3212' role='left' />
    <member type='way' ref='3149' role='right' />
    <tag k='location' v='city' />
    <tag k='one_way' v='yes' />
    <tag k='region' v='de' />
    <tag k='subtype' v='road' />
    <tag k='type' v='lanelet' />
  </relation>
  <relation id='3947' visible='true' version='1'>
    <member type='way' ref='3175' role='left' />
    <member type='way' ref='3217' role='right' />
    <tag k='location' v='city' />
    <tag k='one_way' v='yes' />
    <tag k='region' v='de' />
    <tag k='subtype' v='road' />
    <tag k='type' v='lanelet' />
  </relation>
  <relation id='3948' visible='true' version='1'>
    <member type='way' ref='3217' role='left' />
    <member type='way' ref='3216' role='right' />
    <tag k='location' v='city' />
    <tag k='one_way' v='yes' />
    <tag k='region' v='de' />
    <tag k='subtype' v='road' />
    <tag k='type' v='lanelet' />
  </relation>
  <relation id='3949' visible='true' version='1'>
    <member type='way' ref='3435' role='left' />
    <member type='way' ref='3436' role='right' />
    <tag k='location' v='city' />
    <tag k='one_way' v='yes' />
    <tag k='region' v='de' />
    <tag k='subtype' v='road' />
    <tag k='type' v='lanelet' />
  </relation>
  <relation id='3950' visible='true' version='1'>
    <member type='way' ref='3384' role='left' />
    <member type='way' ref='3435' role='right' />
    <tag k='location' v='city' />
    <tag k='one_way' v='yes' />
    <tag k='region' v='de' />
    <tag k='subtype' v='road' />
    <tag k='type' v='lanelet' />
  </relation>
  <relation id='3951' visible='true' version='1'>
    <member type='way' ref='3202' role='left' />
    <member type='way' ref='3207' role='right' />
    <tag k='location' v='city' />
    <tag k='one_way' v='yes' />
    <tag k='region' v='de' />
    <tag k='subtype' v='road' />
    <tag k='type' v='lanelet' />
  </relation>
  <relation id='3952' visible='true' version='1'>
    <member type='way' ref='3203' role='left' />
    <member type='way' ref='3202' role='right' />
    <tag k='location' v='city' />
    <tag k='one_way' v='yes' />
    <tag k='region' v='de' />
    <tag k='subtype' v='road' />
    <tag k='type' v='lanelet' />
  </relation>
  <relation id='3953' visible='true' version='1'>
    <member type='way' ref='3103' role='left' />
    <member type='way' ref='2942' role='right' />
    <tag k='location' v='city' />
    <tag k='one_way' v='yes' />
    <tag k='region' v='de' />
    <tag k='subtype' v='road' />
    <tag k='type' v='lanelet' />
  </relation>
  <relation id='3954' visible='true' version='1'>
    <member type='way' ref='2942' role='left' />
    <member type='way' ref='2943' role='right' />
    <tag k='location' v='city' />
    <tag k='one_way' v='yes' />
    <tag k='region' v='de' />
    <tag k='subtype' v='road' />
    <tag k='type' v='lanelet' />
  </relation>
  <relation id='3955' visible='true' version='1'>
    <member type='way' ref='2992' role='left' />
    <member type='way' ref='2991' role='right' />
    <tag k='location' v='city' />
    <tag k='one_way' v='yes' />
    <tag k='region' v='de' />
    <tag k='subtype' v='road' />
    <tag k='type' v='lanelet' />
  </relation>
  <relation id='3956' visible='true' version='1'>
    <member type='way' ref='3370' role='left' />
    <member type='way' ref='3371' role='right' />
    <tag k='location' v='city' />
    <tag k='one_way' v='yes' />
    <tag k='region' v='de' />
    <tag k='subtype' v='bicycle_lane' />
    <tag k='type' v='lanelet' />
  </relation>
  <relation id='3957' visible='true' version='1'>
    <member type='way' ref='3164' role='left' />
    <member type='way' ref='3162' role='right' />
    <tag k='location' v='city' />
    <tag k='one_way' v='yes' />
    <tag k='region' v='de' />
    <tag k='subtype' v='road' />
    <tag k='type' v='lanelet' />
  </relation>
  <relation id='3958' visible='true' version='1'>
    <member type='way' ref='3162' role='left' />
    <member type='way' ref='3163' role='right' />
    <tag k='location' v='city' />
    <tag k='one_way' v='yes' />
    <tag k='region' v='de' />
    <tag k='subtype' v='road' />
    <tag k='type' v='lanelet' />
  </relation>
  <relation id='3959' visible='true' version='1'>
    <member type='way' ref='3438' role='left' />
    <member type='way' ref='3390' role='right' />
    <tag k='location' v='city' />
    <tag k='one_way' v='yes' />
    <tag k='region' v='de' />
    <tag k='subtype' v='road' />
    <tag k='type' v='lanelet' />
  </relation>
  <relation id='3960' visible='true' version='1'>
    <member type='way' ref='3439' role='left' />
    <member type='way' ref='3438' role='right' />
    <tag k='location' v='city' />
    <tag k='one_way' v='yes' />
    <tag k='region' v='de' />
    <tag k='subtype' v='road' />
    <tag k='type' v='lanelet' />
  </relation>
  <relation id='3961' visible='true' version='1'>
    <member type='way' ref='3161' role='left' />
    <member type='way' ref='2986' role='right' />
    <tag k='location' v='city' />
    <tag k='one_way' v='yes' />
    <tag k='region' v='de' />
    <tag k='subtype' v='road' />
    <tag k='type' v='lanelet' />
  </relation>
  <relation id='3962' visible='true' version='1'>
    <member type='way' ref='2988' role='left' />
    <member type='way' ref='3158' role='right' />
    <tag k='location' v='city' />
    <tag k='one_way' v='yes' />
    <tag k='region' v='de' />
    <tag k='subtype' v='road' />
    <tag k='type' v='lanelet' />
  </relation>
  <relation id='3963' visible='true' version='1'>
    <member type='way' ref='3242' role='left' />
    <member type='way' ref='3425' role='right' />
    <tag k='location' v='city' />
    <tag k='one_way' v='yes' />
    <tag k='region' v='de' />
    <tag k='subtype' v='road' />
    <tag k='type' v='lanelet' />
  </relation>
  <relation id='3964' visible='true' version='1'>
    <member type='way' ref='3244' role='left' />
    <member type='way' ref='3246' role='right' />
    <tag k='location' v='city' />
    <tag k='one_way' v='yes' />
    <tag k='region' v='de' />
    <tag k='subtype' v='road' />
    <tag k='type' v='lanelet' />
  </relation>
  <relation id='3965' visible='true' version='1'>
    <member type='way' ref='3252' role='left' />
    <member type='way' ref='3147' role='right' />
    <tag k='location' v='city' />
    <tag k='one_way' v='yes' />
    <tag k='region' v='de' />
    <tag k='subtype' v='road' />
    <tag k='type' v='lanelet' />
  </relation>
  <relation id='3966' visible='true' version='1'>
    <member type='way' ref='2989' role='left' />
    <member type='way' ref='2990' role='right' />
    <tag k='location' v='city' />
    <tag k='one_way' v='yes' />
    <tag k='region' v='de' />
    <tag k='subtype' v='road' />
    <tag k='type' v='lanelet' />
  </relation>
  <relation id='3967' visible='true' version='1'>
    <member type='way' ref='2994' role='left' />
    <member type='way' ref='2993' role='right' />
    <tag k='location' v='city' />
    <tag k='one_way' v='yes' />
    <tag k='region' v='de' />
    <tag k='subtype' v='road' />
    <tag k='type' v='lanelet' />
  </relation>
  <relation id='3968' visible='true' version='1'>
    <member type='way' ref='3173' role='left' />
    <member type='way' ref='3440' role='right' />
    <tag k='location' v='city' />
    <tag k='one_way' v='yes' />
    <tag k='region' v='de' />
    <tag k='subtype' v='road' />
    <tag k='type' v='lanelet' />
  </relation>
  <relation id='3969' visible='true' version='1'>
    <member type='way' ref='3174' role='left' />
    <member type='way' ref='3441' role='right' />
    <tag k='location' v='city' />
    <tag k='one_way' v='yes' />
    <tag k='region' v='de' />
    <tag k='subtype' v='road' />
    <tag k='type' v='lanelet' />
  </relation>
  <relation id='3970' visible='true' version='1'>
    <member type='way' ref='3252' role='left' />
    <member type='way' ref='3444' role='right' />
    <tag k='location' v='city' />
    <tag k='one_way' v='yes' />
    <tag k='region' v='de' />
    <tag k='subtype' v='road' />
    <tag k='type' v='lanelet' />
  </relation>
  <relation id='3971' visible='true' version='1'>
    <member type='way' ref='3444' role='left' />
    <member type='way' ref='3443' role='right' />
    <tag k='location' v='city' />
    <tag k='one_way' v='yes' />
    <tag k='region' v='de' />
    <tag k='subtype' v='bicycle_lane' />
    <tag k='type' v='lanelet' />
  </relation>
  <relation id='3972' visible='true' version='1'>
    <member type='way' ref='3443' role='left' />
    <member type='way' ref='3442' role='right' />
    <tag k='location' v='city' />
    <tag k='one_way' v='no' />
    <tag k='region' v='de' />
    <tag k='subtype' v='walkway' />
    <tag k='type' v='lanelet' />
  </relation>
  <relation id='3973' visible='true' version='1'>
    <member type='way' ref='3888' role='left' />
    <member type='way' ref='3884' role='right' />
    <tag k='location' v='city' />
    <tag k='one_way' v='no' />
    <tag k='region' v='de' />
    <tag k='subtype' v='walkway' />
    <tag k='type' v='lanelet' />
  </relation>
  <relation id='3974' visible='true' version='1'>
    <member type='way' ref='2901' role='left' />
    <member type='way' ref='3888' role='right' />
    <tag k='location' v='city' />
    <tag k='one_way' v='yes' />
    <tag k='region' v='de' />
    <tag k='subtype' v='bicycle_lane' />
    <tag k='type' v='lanelet' />
  </relation>
  <relation id='3975' visible='true' version='1'>
    <member type='way' ref='2900' role='left' />
    <member type='way' ref='2901' role='right' />
    <member type='relation' ref='4562' role='regulatory_element' />
    <tag k='location' v='city' />
    <tag k='one_way' v='yes' />
    <tag k='region' v='de' />
    <tag k='subtype' v='road' />
    <tag k='type' v='lanelet' />
  </relation>
  <relation id='3976' visible='true' version='1'>
    <member type='way' ref='2899' role='left' />
    <member type='way' ref='2900' role='right' />
    <member type='relation' ref='4562' role='regulatory_element' />
    <tag k='location' v='city' />
    <tag k='one_way' v='yes' />
    <tag k='region' v='de' />
    <tag k='subtype' v='road' />
    <tag k='type' v='lanelet' />
  </relation>
  <relation id='3977' visible='true' version='1'>
    <member type='way' ref='3293' role='left' />
    <member type='way' ref='3297' role='right' />
    <tag k='location' v='city' />
    <tag k='one_way' v='yes' />
    <tag k='region' v='de' />
    <tag k='subtype' v='road' />
    <tag k='type' v='lanelet' />
  </relation>
  <relation id='3978' visible='true' version='1'>
    <member type='way' ref='3294' role='left' />
    <member type='way' ref='3293' role='right' />
    <tag k='location' v='city' />
    <tag k='one_way' v='yes' />
    <tag k='region' v='de' />
    <tag k='subtype' v='road' />
    <tag k='type' v='lanelet' />
  </relation>
  <relation id='3979' visible='true' version='1'>
    <member type='way' ref='3889' role='left' />
    <member type='way' ref='3886' role='right' />
    <tag k='location' v='city' />
    <tag k='one_way' v='no' />
    <tag k='region' v='de' />
    <tag k='subtype' v='walkway' />
    <tag k='type' v='lanelet' />
  </relation>
  <relation id='3980' visible='true' version='1'>
    <member type='way' ref='3292' role='left' />
    <member type='way' ref='3889' role='right' />
    <member type='relation' ref='4543' role='regulatory_element' />
    <tag k='location' v='city' />
    <tag k='one_way' v='yes' />
    <tag k='region' v='de' />
    <tag k='subtype' v='bicycle_lane' />
    <tag k='type' v='lanelet' />
  </relation>
  <relation id='3981' visible='true' version='1'>
    <member type='way' ref='3291' role='left' />
    <member type='way' ref='3292' role='right' />
    <tag k='location' v='city' />
    <tag k='one_way' v='yes' />
    <tag k='region' v='de' />
    <tag k='subtype' v='road' />
    <tag k='type' v='lanelet' />
  </relation>
  <relation id='3982' visible='true' version='1'>
    <member type='way' ref='3290' role='left' />
    <member type='way' ref='3291' role='right' />
    <tag k='location' v='city' />
    <tag k='one_way' v='yes' />
    <tag k='region' v='de' />
    <tag k='subtype' v='road' />
    <tag k='type' v='lanelet' />
  </relation>
  <relation id='3983' visible='true' version='1'>
    <member type='way' ref='3446' role='left' />
    <member type='way' ref='3445' role='right' />
    <tag k='location' v='city' />
    <tag k='one_way' v='no' />
    <tag k='region' v='de' />
    <tag k='subtype' v='walkway' />
    <tag k='type' v='lanelet' />
  </relation>
  <relation id='3984' visible='true' version='1'>
    <member type='way' ref='3300' role='left' />
    <member type='way' ref='3446' role='right' />
    <tag k='location' v='city' />
    <tag k='one_way' v='yes' />
    <tag k='region' v='de' />
    <tag k='subtype' v='bicycle_lane' />
    <tag k='type' v='lanelet' />
  </relation>
  <relation id='3985' visible='true' version='1'>
    <member type='way' ref='3343' role='left' />
    <member type='way' ref='3892' role='right' />
    <tag k='location' v='city' />
    <tag k='one_way' v='no' />
    <tag k='region' v='de' />
    <tag k='subtype' v='walkway' />
    <tag k='type' v='lanelet' />
  </relation>
  <relation id='3986' visible='true' version='1'>
    <member type='way' ref='3302' role='left' />
    <member type='way' ref='3343' role='right' />
    <member type='relation' ref='4547' role='regulatory_element' />
    <tag k='location' v='city' />
    <tag k='one_way' v='yes' />
    <tag k='region' v='de' />
    <tag k='subtype' v='bicycle_lane' />
    <tag k='type' v='lanelet' />
  </relation>
  <relation id='3987' visible='true' version='1'>
    <member type='way' ref='3299' role='left' />
    <member type='way' ref='3300' role='right' />
    <tag k='location' v='city' />
    <tag k='one_way' v='yes' />
    <tag k='region' v='de' />
    <tag k='subtype' v='road' />
    <tag k='type' v='lanelet' />
  </relation>
  <relation id='3988' visible='true' version='1'>
    <member type='way' ref='3301' role='left' />
    <member type='way' ref='3302' role='right' />
    <tag k='location' v='city' />
    <tag k='one_way' v='yes' />
    <tag k='region' v='de' />
    <tag k='subtype' v='road' />
    <tag k='type' v='lanelet' />
  </relation>
  <relation id='3989' visible='true' version='1'>
    <member type='way' ref='3894' role='left' />
    <member type='way' ref='3353' role='right' />
    <member type='relation' ref='4558' role='regulatory_element' />
    <tag k='location' v='city' />
    <tag k='one_way' v='no' />
    <tag k='region' v='de' />
    <tag k='subtype' v='walkway' />
    <tag k='type' v='lanelet' />
  </relation>
  <relation id='3990' visible='true' version='1'>
    <member type='way' ref='3346' role='left' />
    <member type='way' ref='3455' role='right' />
    <tag k='location' v='city' />
    <tag k='one_way' v='no' />
    <tag k='region' v='de' />
    <tag k='subtype' v='walkway' />
    <tag k='type' v='lanelet' />
  </relation>
  <relation id='3991' visible='true' version='1'>
    <member type='way' ref='3320' role='left' />
    <member type='way' ref='3891' role='right' />
    <tag k='location' v='city' />
    <tag k='one_way' v='no' />
    <tag k='region' v='de' />
    <tag k='subtype' v='walkway' />
    <tag k='type' v='lanelet' />
  </relation>
  <relation id='3992' visible='true' version='1'>
    <member type='way' ref='3304' role='left' />
    <member type='way' ref='3352' role='right' />
    <tag k='location' v='city' />
    <tag k='one_way' v='yes' />
    <tag k='region' v='de' />
    <tag k='subtype' v='bicycle_lane' />
    <tag k='type' v='lanelet' />
  </relation>
  <relation id='3993' visible='true' version='1'>
    <member type='way' ref='3890' role='left' />
    <member type='way' ref='3347' role='right' />
    <member type='relation' ref='4557' role='regulatory_element' />
    <tag k='location' v='city' />
    <tag k='one_way' v='no' />
    <tag k='region' v='de' />
    <tag k='subtype' v='walkway' />
    <tag k='type' v='lanelet' />
  </relation>
  <relation id='3994' visible='true' version='1'>
    <member type='way' ref='3345' role='left' />
    <member type='way' ref='3458' role='right' />
    <tag k='location' v='city' />
    <tag k='one_way' v='no' />
    <tag k='region' v='de' />
    <tag k='subtype' v='walkway' />
    <tag k='type' v='lanelet' />
  </relation>
  <relation id='3995' visible='true' version='1'>
    <member type='way' ref='3319' role='left' />
    <member type='way' ref='3342' role='right' />
    <tag k='location' v='city' />
    <tag k='one_way' v='yes' />
    <tag k='region' v='de' />
    <tag k='subtype' v='walkway' />
    <tag k='type' v='lanelet' />
  </relation>
  <relation id='3996' visible='true' version='1'>
    <member type='way' ref='3456' role='left' />
    <member type='way' ref='3890' role='right' />
    <tag k='location' v='city' />
    <tag k='one_way' v='yes' />
    <tag k='region' v='de' />
    <tag k='subtype' v='bicycle_lane' />
    <tag k='type' v='lanelet' />
  </relation>
  <relation id='3997' visible='true' version='1'>
    <member type='way' ref='3462' role='left' />
    <member type='way' ref='3463' role='right' />
    <tag k='location' v='city' />
    <tag k='one_way' v='yes' />
    <tag k='region' v='de' />
    <tag k='subtype' v='bicycle_lane' />
    <tag k='type' v='lanelet' />
  </relation>
  <relation id='3998' visible='true' version='1'>
    <member type='way' ref='3351' role='left' />
    <member type='way' ref='3463' role='right' />
    <tag k='location' v='city' />
    <tag k='one_way' v='yes' />
    <tag k='region' v='de' />
    <tag k='subtype' v='bicycle_lane' />
    <tag k='type' v='lanelet' />
  </relation>
  <relation id='3999' visible='true' version='1'>
    <member type='way' ref='3463' role='left' />
    <member type='way' ref='3464' role='right' />
    <tag k='location' v='city' />
    <tag k='one_way' v='no' />
    <tag k='region' v='de' />
    <tag k='subtype' v='walkway' />
    <tag k='type' v='lanelet' />
  </relation>
  <relation id='4000' visible='true' version='1'>
    <member type='way' ref='3320' role='left' />
    <member type='way' ref='3319' role='right' />
    <member type='relation' ref='4563' role='regulatory_element' />
    <tag k='location' v='city' />
    <tag k='one_way' v='yes' />
    <tag k='region' v='de' />
    <tag k='subtype' v='road' />
    <tag k='type' v='lanelet' />
  </relation>
  <relation id='4001' visible='true' version='1'>
    <member type='way' ref='3346' role='left' />
    <member type='way' ref='3345' role='right' />
    <tag k='location' v='city' />
    <tag k='one_way' v='yes' />
    <tag k='region' v='de' />
    <tag k='subtype' v='road' />
    <tag k='type' v='lanelet' />
  </relation>
  <relation id='4002' visible='true' version='1'>
    <member type='way' ref='3321' role='left' />
    <member type='way' ref='3341' role='right' />
    <tag k='location' v='city' />
    <tag k='one_way' v='yes' />
    <tag k='region' v='de' />
    <tag k='subtype' v='road' />
    <tag k='type' v='lanelet' />
  </relation>
  <relation id='4003' visible='true' version='1'>
    <member type='way' ref='3465' role='left' />
    <member type='way' ref='3351' role='right' />
    <tag k='location' v='city' />
    <tag k='one_way' v='yes' />
    <tag k='region' v='de' />
    <tag k='subtype' v='road' />
    <tag k='type' v='lanelet' />
  </relation>
  <relation id='4004' visible='true' version='1'>
    <member type='way' ref='3349' role='left' />
    <member type='way' ref='3350' role='right' />
    <tag k='location' v='city' />
    <tag k='one_way' v='no' />
    <tag k='region' v='de' />
    <tag k='subtype' v='walkway' />
    <tag k='type' v='lanelet' />
  </relation>
  <relation id='4005' visible='true' version='1'>
    <member type='way' ref='3469' role='left' />
    <member type='way' ref='3349' role='right' />
    <tag k='location' v='city' />
    <tag k='one_way' v='yes' />
    <tag k='region' v='de' />
    <tag k='subtype' v='bicycle_lane' />
    <tag k='type' v='lanelet' />
  </relation>
  <relation id='4006' visible='true' version='1'>
    <member type='way' ref='3470' role='left' />
    <member type='way' ref='3471' role='right' />
    <tag k='location' v='city' />
    <tag k='one_way' v='no' />
    <tag k='region' v='de' />
    <tag k='subtype' v='walkway' />
    <tag k='type' v='lanelet' />
  </relation>
  <relation id='4007' visible='true' version='1'>
    <member type='way' ref='3303' role='left' />
    <member type='way' ref='3470' role='right' />
    <tag k='location' v='city' />
    <tag k='one_way' v='yes' />
    <tag k='region' v='de' />
    <tag k='subtype' v='bicycle_lane' />
    <tag k='type' v='lanelet' />
  </relation>
  <relation id='4008' visible='true' version='1'>
    <member type='way' ref='3468' role='left' />
    <member type='way' ref='3304' role='right' />
    <tag k='location' v='city' />
    <tag k='one_way' v='yes' />
    <tag k='region' v='de' />
    <tag k='subtype' v='road' />
    <tag k='type' v='lanelet' />
  </relation>
  <relation id='4009' visible='true' version='1'>
    <member type='way' ref='3307' role='left' />
    <member type='way' ref='3456' role='right' />
    <tag k='location' v='city' />
    <tag k='one_way' v='yes' />
    <tag k='region' v='de' />
    <tag k='subtype' v='road' />
    <tag k='type' v='lanelet' />
  </relation>
  <relation id='4010' visible='true' version='1'>
    <member type='way' ref='3289' role='left' />
    <member type='way' ref='3462' role='right' />
    <tag k='location' v='city' />
    <tag k='one_way' v='yes' />
    <tag k='region' v='de' />
    <tag k='subtype' v='road' />
    <tag k='type' v='lanelet' />
  </relation>
  <relation id='4011' visible='true' version='1'>
    <member type='way' ref='3254' role='left' />
    <member type='way' ref='3469' role='right' />
    <tag k='location' v='city' />
    <tag k='one_way' v='yes' />
    <tag k='region' v='de' />
    <tag k='subtype' v='road' />
    <tag k='type' v='lanelet' />
  </relation>
  <relation id='4012' visible='true' version='1'>
    <member type='way' ref='2910' role='left' />
    <member type='way' ref='3303' role='right' />
    <tag k='location' v='city' />
    <tag k='one_way' v='yes' />
    <tag k='region' v='de' />
    <tag k='subtype' v='road' />
    <tag k='type' v='lanelet' />
  </relation>
  <relation id='4013' visible='true' version='1'>
    <member type='way' ref='3473' role='left' />
    <member type='way' ref='3472' role='right' />
    <tag k='location' v='city' />
    <tag k='one_way' v='yes' />
    <tag k='region' v='de' />
    <tag k='subtype' v='bicycle_lane' />
    <tag k='type' v='lanelet' />
  </relation>
  <relation id='4014' visible='true' version='1'>
    <member type='way' ref='2904' role='left' />
    <member type='way' ref='2903' role='right' />
    <tag k='location' v='city' />
    <tag k='one_way' v='yes' />
    <tag k='region' v='de' />
    <tag k='subtype' v='bicycle_lane' />
    <tag k='type' v='lanelet' />
  </relation>
  <relation id='4015' visible='true' version='1'>
    <member type='way' ref='3268' role='left' />
    <member type='way' ref='3267' role='right' />
    <tag k='location' v='city' />
    <tag k='one_way' v='yes' />
    <tag k='region' v='de' />
    <tag k='subtype' v='bicycle_lane' />
    <tag k='type' v='lanelet' />
  </relation>
  <relation id='4016' visible='true' version='1'>
    <member type='way' ref='3474' role='left' />
    <member type='way' ref='3473' role='right' />
    <tag k='location' v='city' />
    <tag k='one_way' v='yes' />
    <tag k='region' v='de' />
    <tag k='subtype' v='road' />
    <tag k='type' v='lanelet' />
  </relation>
  <relation id='4017' visible='true' version='1'>
    <member type='way' ref='3475' role='left' />
    <member type='way' ref='3474' role='right' />
    <tag k='location' v='city' />
    <tag k='one_way' v='yes' />
    <tag k='region' v='de' />
    <tag k='subtype' v='road' />
    <tag k='type' v='lanelet' />
  </relation>
  <relation id='4018' visible='true' version='1'>
    <member type='way' ref='2906' role='left' />
    <member type='way' ref='2905' role='right' />
    <tag k='location' v='city' />
    <tag k='one_way' v='yes' />
    <tag k='region' v='de' />
    <tag k='subtype' v='road' />
    <tag k='type' v='lanelet' />
  </relation>
  <relation id='4019' visible='true' version='1'>
    <member type='way' ref='2905' role='left' />
    <member type='way' ref='2904' role='right' />
    <tag k='location' v='city' />
    <tag k='one_way' v='yes' />
    <tag k='region' v='de' />
    <tag k='subtype' v='road' />
    <tag k='type' v='lanelet' />
  </relation>
  <relation id='4020' visible='true' version='1'>
    <member type='way' ref='3269' role='left' />
    <member type='way' ref='3268' role='right' />
    <tag k='location' v='city' />
    <tag k='one_way' v='yes' />
    <tag k='region' v='de' />
    <tag k='subtype' v='road' />
    <tag k='type' v='lanelet' />
  </relation>
  <relation id='4021' visible='true' version='1'>
    <member type='way' ref='3270' role='left' />
    <member type='way' ref='3269' role='right' />
    <tag k='location' v='city' />
    <tag k='one_way' v='yes' />
    <tag k='region' v='de' />
    <tag k='subtype' v='road' />
    <tag k='type' v='lanelet' />
  </relation>
  <relation id='4022' visible='true' version='1'>
    <member type='way' ref='2897' role='left' />
    <member type='way' ref='3260' role='right' />
    <tag k='location' v='city' />
    <tag k='one_way' v='yes' />
    <tag k='region' v='de' />
    <tag k='subtype' v='bicycle_lane' />
    <tag k='type' v='lanelet' />
  </relation>
  <relation id='4023' visible='true' version='1'>
    <member type='way' ref='3260' role='left' />
    <member type='way' ref='3479' role='right' />
    <tag k='location' v='city' />
    <tag k='one_way' v='no' />
    <tag k='region' v='de' />
    <tag k='subtype' v='walkway' />
    <tag k='type' v='lanelet' />
  </relation>
  <relation id='4024' visible='true' version='1'>
    <member type='way' ref='3259' role='left' />
    <member type='way' ref='3478' role='right' />
    <tag k='location' v='city' />
    <tag k='one_way' v='no' />
    <tag k='region' v='de' />
    <tag k='subtype' v='walkway' />
    <tag k='type' v='lanelet' />
  </relation>
  <relation id='4025' visible='true' version='1'>
    <member type='way' ref='3448' role='left' />
    <member type='way' ref='3259' role='right' />
    <tag k='location' v='city' />
    <tag k='one_way' v='yes' />
    <tag k='region' v='de' />
    <tag k='subtype' v='bicycle_lane' />
    <tag k='type' v='lanelet' />
  </relation>
  <relation id='4026' visible='true' version='1'>
    <member type='way' ref='3603' role='left' />
    <member type='way' ref='3482' role='right' />
    <tag k='location' v='city' />
    <tag k='one_way' v='yes' />
    <tag k='region' v='de' />
    <tag k='subtype' v='bicycle_lane' />
    <tag k='type' v='lanelet' />
  </relation>
  <relation id='4027' visible='true' version='1'>
    <member type='way' ref='3481' role='left' />
    <member type='way' ref='3416' role='right' />
    <tag k='location' v='city' />
    <tag k='one_way' v='no' />
    <tag k='region' v='de' />
    <tag k='subtype' v='walkway' />
    <tag k='type' v='lanelet' />
  </relation>
  <relation id='4028' visible='true' version='1'>
    <member type='way' ref='3482' role='left' />
    <member type='way' ref='3606' role='right' />
    <tag k='location' v='city' />
    <tag k='one_way' v='no' />
    <tag k='region' v='de' />
    <tag k='subtype' v='walkway' />
    <tag k='type' v='lanelet' />
  </relation>
  <relation id='4029' visible='true' version='1'>
    <member type='way' ref='3277' role='left' />
    <member type='way' ref='3481' role='right' />
    <tag k='location' v='city' />
    <tag k='one_way' v='yes' />
    <tag k='region' v='de' />
    <tag k='subtype' v='bicycle_lane' />
    <tag k='type' v='lanelet' />
  </relation>
  <relation id='4030' visible='true' version='1'>
    <member type='way' ref='3605' role='left' />
    <member type='way' ref='3607' role='right' />
    <tag k='location' v='city' />
    <tag k='one_way' v='yes' />
    <tag k='region' v='de' />
    <tag k='subtype' v='bicycle_lane' />
    <tag k='type' v='lanelet' />
  </relation>
  <relation id='4031' visible='true' version='1'>
    <member type='way' ref='3278' role='left' />
    <member type='way' ref='3596' role='right' />
    <tag k='location' v='city' />
    <tag k='one_way' v='yes' />
    <tag k='region' v='de' />
    <tag k='subtype' v='bicycle_lane' />
    <tag k='type' v='lanelet' />
  </relation>
  <relation id='4032' visible='true' version='1'>
    <member type='way' ref='3273' role='left' />
    <member type='way' ref='3278' role='right' />
    <tag k='location' v='city' />
    <tag k='one_way' v='yes' />
    <tag k='region' v='de' />
    <tag k='subtype' v='road' />
    <tag k='type' v='lanelet' />
  </relation>
  <relation id='4033' visible='true' version='1'>
    <member type='way' ref='3604' role='left' />
    <member type='way' ref='3605' role='right' />
    <tag k='location' v='city' />
    <tag k='one_way' v='yes' />
    <tag k='region' v='de' />
    <tag k='subtype' v='road' />
    <tag k='type' v='lanelet' />
  </relation>
  <relation id='4034' visible='true' version='1'>
    <member type='way' ref='3276' role='left' />
    <member type='way' ref='3277' role='right' />
    <tag k='location' v='city' />
    <tag k='one_way' v='yes' />
    <tag k='region' v='de' />
    <tag k='subtype' v='road' />
    <tag k='type' v='lanelet' />
  </relation>
  <relation id='4035' visible='true' version='1'>
    <member type='way' ref='3274' role='left' />
    <member type='way' ref='3275' role='right' />
    <tag k='location' v='city' />
    <tag k='one_way' v='yes' />
    <tag k='region' v='de' />
    <tag k='subtype' v='road' />
    <tag k='type' v='lanelet' />
  </relation>
  <relation id='4036' visible='true' version='1'>
    <member type='way' ref='4604' role='left' />
    <member type='way' ref='4603' role='right' />
    <tag k='location' v='city' />
    <tag k='one_way' v='yes' />
    <tag k='region' v='de' />
    <tag k='subtype' v='bicycle_lane' />
    <tag k='type' v='lanelet' />
  </relation>
  <relation id='4037' visible='true' version='1'>
    <member type='way' ref='3595' role='left' />
    <member type='way' ref='3483' role='right' />
    <tag k='location' v='city' />
    <tag k='one_way' v='yes' />
    <tag k='region' v='de' />
    <tag k='subtype' v='bicycle_lane' />
    <tag k='type' v='lanelet' />
  </relation>
  <relation id='4038' visible='true' version='1'>
    <member type='way' ref='3255' role='left' />
    <member type='way' ref='3309' role='right' />
    <tag k='location' v='city' />
    <tag k='one_way' v='yes' />
    <tag k='region' v='de' />
    <tag k='subtype' v='bicycle_lane' />
    <tag k='type' v='lanelet' />
  </relation>
  <relation id='4039' visible='true' version='1'>
    <member type='way' ref='3256' role='left' />
    <member type='way' ref='3480' role='right' />
    <tag k='location' v='city' />
    <tag k='one_way' v='yes' />
    <tag k='region' v='de' />
    <tag k='subtype' v='bicycle_lane' />
    <tag k='type' v='lanelet' />
  </relation>
  <relation id='4040' visible='true' version='1'>
    <member type='way' ref='3305' role='left' />
    <member type='way' ref='3590' role='right' />
    <member type='relation' ref='4552' role='regulatory_element' />
    <tag k='location' v='city' />
    <tag k='one_way' v='yes' />
    <tag k='region' v='de' />
    <tag k='subtype' v='bicycle_lane' />
    <tag k='type' v='lanelet' />
  </relation>
  <relation id='4041' visible='true' version='1'>
    <member type='way' ref='4605' role='left' />
    <member type='way' ref='4604' role='right' />
    <tag k='location' v='city' />
    <tag k='one_way' v='yes' />
    <tag k='region' v='de' />
    <tag k='subtype' v='road' />
    <tag k='type' v='lanelet' />
  </relation>
  <relation id='4042' visible='true' version='1'>
    <member type='way' ref='4620' role='left' />
    <member type='way' ref='3595' role='right' />
    <tag k='location' v='city' />
    <tag k='one_way' v='yes' />
    <tag k='region' v='de' />
    <tag k='subtype' v='road' />
    <tag k='type' v='lanelet' />
  </relation>
  <relation id='4043' visible='true' version='1'>
    <member type='way' ref='4619' role='left' />
    <member type='way' ref='3255' role='right' />
    <tag k='location' v='city' />
    <tag k='one_way' v='yes' />
    <tag k='region' v='de' />
    <tag k='subtype' v='road' />
    <tag k='type' v='lanelet' />
  </relation>
  <relation id='4044' visible='true' version='1'>
    <member type='way' ref='3839' role='left' />
    <member type='way' ref='3869' role='right' />
    <tag k='location' v='city' />
    <tag k='one_way' v='yes' />
    <tag k='region' v='de' />
    <tag k='subtype' v='bicycle_lane' />
    <tag k='type' v='lanelet' />
  </relation>
  <relation id='4045' visible='true' version='1'>
    <member type='way' ref='3834' role='left' />
    <member type='way' ref='3833' role='right' />
    <tag k='location' v='city' />
    <tag k='one_way' v='no' />
    <tag k='region' v='de' />
    <tag k='subtype' v='walkway' />
    <tag k='type' v='lanelet' />
  </relation>
  <relation id='4046' visible='true' version='1'>
    <member type='way' ref='3572' role='left' />
    <member type='way' ref='3571' role='right' />
    <tag k='location' v='city' />
    <tag k='one_way' v='no' />
    <tag k='region' v='de' />
    <tag k='subtype' v='walkway' />
    <tag k='type' v='lanelet' />
  </relation>
  <relation id='4047' visible='true' version='1'>
    <member type='way' ref='3838' role='left' />
    <member type='way' ref='3834' role='right' />
    <tag k='location' v='city' />
    <tag k='one_way' v='yes' />
    <tag k='region' v='de' />
    <tag k='subtype' v='bicycle_lane' />
    <tag k='type' v='lanelet' />
  </relation>
  <relation id='4048' visible='true' version='1'>
    <member type='way' ref='3835' role='left' />
    <member type='way' ref='3572' role='right' />
    <tag k='location' v='city' />
    <tag k='one_way' v='yes' />
    <tag k='region' v='de' />
    <tag k='subtype' v='bicycle_lane' />
    <tag k='type' v='lanelet' />
  </relation>
  <relation id='4049' visible='true' version='1'>
    <member type='way' ref='3577' role='left' />
    <member type='way' ref='3576' role='right' />
    <tag k='location' v='city' />
    <tag k='one_way' v='yes' />
    <tag k='region' v='de' />
    <tag k='subtype' v='bicycle_lane' />
    <tag k='type' v='lanelet' />
  </relation>
  <relation id='4050' visible='true' version='1'>
    <member type='way' ref='3314' role='left' />
    <member type='way' ref='3313' role='right' />
    <tag k='location' v='city' />
    <tag k='one_way' v='yes' />
    <tag k='region' v='de' />
    <tag k='subtype' v='bicycle_lane' />
    <tag k='type' v='lanelet' />
  </relation>
  <relation id='4051' visible='true' version='1'>
    <member type='way' ref='3871' role='left' />
    <member type='way' ref='3868' role='right' />
    <member type='relation' ref='4559' role='regulatory_element' />
    <tag k='location' v='city' />
    <tag k='one_way' v='no' />
    <tag k='region' v='de' />
    <tag k='subtype' v='walkway' />
    <tag k='type' v='lanelet' />
  </relation>
  <relation id='4052' visible='true' version='1'>
    <member type='way' ref='3849' role='left' />
    <member type='way' ref='3870' role='right' />
    <member type='relation' ref='4559' role='regulatory_element' />
    <tag k='location' v='city' />
    <tag k='one_way' v='no' />
    <tag k='region' v='de' />
    <tag k='subtype' v='walkway' />
    <tag k='type' v='lanelet' />
  </relation>
  <relation id='4053' visible='true' version='1'>
    <member type='way' ref='3312' role='left' />
    <member type='way' ref='3862' role='right' />
    <tag k='location' v='city' />
    <tag k='one_way' v='no' />
    <tag k='region' v='de' />
    <tag k='subtype' v='walkway' />
    <tag k='type' v='lanelet' />
  </relation>
  <relation id='4054' visible='true' version='1'>
    <member type='way' ref='3569' role='left' />
    <member type='way' ref='3566' role='right' />
    <tag k='location' v='city' />
    <tag k='one_way' v='no' />
    <tag k='region' v='de' />
    <tag k='subtype' v='walkway' />
    <tag k='type' v='lanelet' />
  </relation>
  <relation id='4055' visible='true' version='1'>
    <member type='way' ref='3737' role='left' />
    <member type='way' ref='3729' role='right' />
    <member type='relation' ref='4550' role='regulatory_element' />
    <tag k='location' v='city' />
    <tag k='one_way' v='no' />
    <tag k='region' v='de' />
    <tag k='subtype' v='walkway' />
    <tag k='type' v='lanelet' />
  </relation>
  <relation id='4056' visible='true' version='1'>
    <member type='way' ref='2926' role='left' />
    <member type='way' ref='2922' role='right' />
    <tag k='location' v='urban' />
    <tag k='one_way' v='yes' />
    <tag k='region' v='de' />
    <tag k='subtype' v='road' />
    <tag k='type' v='lanelet' />
  </relation>
  <relation id='4057' visible='true' version='1'>
    <member type='way' ref='3839' role='left' />
    <member type='way' ref='3573' role='right' />
    <tag k='location' v='city' />
    <tag k='one_way' v='yes' />
    <tag k='region' v='de' />
    <tag k='subtype' v='road' />
    <tag k='type' v='lanelet' />
  </relation>
  <relation id='4058' visible='true' version='1'>
    <member type='way' ref='3045' role='left' />
    <member type='way' ref='3044' role='right' />
    <tag k='location' v='urban' />
    <tag k='one_way' v='yes' />
    <tag k='region' v='de' />
    <tag k='subtype' v='road' />
    <tag k='type' v='lanelet' />
  </relation>
  <relation id='4059' visible='true' version='1'>
    <member type='way' ref='3180' role='left' />
    <member type='way' ref='3143' role='right' />
    <tag k='location' v='city' />
    <tag k='one_way' v='yes' />
    <tag k='region' v='de' />
    <tag k='subtype' v='road' />
    <tag k='type' v='lanelet' />
  </relation>
  <relation id='4060' visible='true' version='1'>
    <member type='way' ref='3378' role='left' />
    <member type='way' ref='3531' role='right' />
    <member type='relation' ref='4544' role='regulatory_element' />
    <tag k='location' v='city' />
    <tag k='one_way' v='no' />
    <tag k='region' v='de' />
    <tag k='subtype' v='walkway' />
    <tag k='type' v='lanelet' />
  </relation>
  <relation id='4061' visible='true' version='1'>
    <member type='way' ref='3703' role='left' />
    <member type='way' ref='3031' role='right' />
    <tag k='location' v='urban' />
    <tag k='one_way' v='yes' />
    <tag k='region' v='de' />
    <tag k='subtype' v='road' />
    <tag k='type' v='lanelet' />
  </relation>
  <relation id='4062' visible='true' version='1'>
    <member type='way' ref='3598' role='left' />
    <member type='way' ref='3597' role='right' />
    <tag k='location' v='city' />
    <tag k='one_way' v='yes' />
    <tag k='region' v='de' />
    <tag k='subtype' v='road' />
    <tag k='type' v='lanelet' />
  </relation>
  <relation id='4063' visible='true' version='1'>
    <member type='way' ref='3317' role='left' />
    <member type='way' ref='3830' role='right' />
    <tag k='location' v='city' />
    <tag k='one_way' v='yes' />
    <tag k='region' v='de' />
    <tag k='subtype' v='road' />
    <tag k='type' v='lanelet' />
  </relation>
  <relation id='4064' visible='true' version='1'>
    <member type='way' ref='3047' role='left' />
    <member type='way' ref='3045' role='right' />
    <tag k='location' v='urban' />
    <tag k='one_way' v='yes' />
    <tag k='region' v='de' />
    <tag k='subtype' v='road' />
    <tag k='type' v='lanelet' />
  </relation>
  <relation id='4065' visible='true' version='1'>
    <member type='way' ref='3177' role='left' />
    <member type='way' ref='2984' role='right' />
    <tag k='location' v='city' />
    <tag k='one_way' v='yes' />
    <tag k='region' v='de' />
    <tag k='subtype' v='road' />
    <tag k='type' v='lanelet' />
  </relation>
  <relation id='4066' visible='true' version='1'>
    <member type='way' ref='3385' role='left' />
    <member type='way' ref='3397' role='right' />
    <member type='relation' ref='4548' role='regulatory_element' />
    <tag k='location' v='city' />
    <tag k='one_way' v='no' />
    <tag k='region' v='de' />
    <tag k='subtype' v='walkway' />
    <tag k='type' v='lanelet' />
  </relation>
  <relation id='4067' visible='true' version='1'>
    <member type='way' ref='3024' role='left' />
    <member type='way' ref='3026' role='right' />
    <tag k='location' v='urban' />
    <tag k='one_way' v='yes' />
    <tag k='region' v='de' />
    <tag k='subtype' v='road' />
    <tag k='type' v='lanelet' />
  </relation>
  <relation id='4068' visible='true' version='1'>
    <member type='way' ref='3846' role='left' />
    <member type='way' ref='3859' role='right' />
    <member type='relation' ref='4537' role='regulatory_element' />
    <tag k='location' v='city' />
    <tag k='one_way' v='no' />
    <tag k='region' v='de' />
    <tag k='subtype' v='shared_walkway' />
    <tag k='type' v='lanelet' />
  </relation>
  <relation id='4069' visible='true' version='1'>
    <member type='way' ref='3832' role='left' />
    <member type='way' ref='3831' role='right' />
    <tag k='location' v='city' />
    <tag k='one_way' v='yes' />
    <tag k='region' v='de' />
    <tag k='subtype' v='road' />
    <tag k='type' v='lanelet' />
  </relation>
  <relation id='4070' visible='true' version='1'>
    <member type='way' ref='3042' role='left' />
    <member type='way' ref='3054' role='right' />
    <tag k='location' v='urban' />
    <tag k='one_way' v='yes' />
    <tag k='region' v='de' />
    <tag k='subtype' v='road' />
    <tag k='type' v='lanelet' />
  </relation>
  <relation id='4071' visible='true' version='1'>
    <member type='way' ref='2984' role='left' />
    <member type='way' ref='2985' role='right' />
    <tag k='location' v='city' />
    <tag k='one_way' v='yes' />
    <tag k='region' v='de' />
    <tag k='subtype' v='road' />
    <tag k='type' v='lanelet' />
  </relation>
  <relation id='4072' visible='true' version='1'>
    <member type='way' ref='3530' role='left' />
    <member type='way' ref='3398' role='right' />
    <tag k='location' v='city' />
    <tag k='one_way' v='no' />
    <tag k='region' v='de' />
    <tag k='subtype' v='walkway' />
    <tag k='type' v='lanelet' />
  </relation>
  <relation id='4073' visible='true' version='1'>
    <member type='way' ref='3037' role='left' />
    <member type='way' ref='3039' role='right' />
    <tag k='location' v='urban' />
    <tag k='one_way' v='yes' />
    <tag k='region' v='de' />
    <tag k='subtype' v='road' />
    <tag k='type' v='lanelet' />
  </relation>
  <relation id='4074' visible='true' version='1'>
    <member type='way' ref='3829' role='left' />
    <member type='way' ref='3828' role='right' />
    <tag k='location' v='city' />
    <tag k='one_way' v='yes' />
    <tag k='region' v='de' />
    <tag k='subtype' v='road' />
    <tag k='type' v='lanelet' />
  </relation>
  <relation id='4075' visible='true' version='1'>
    <member type='way' ref='3041' role='left' />
    <member type='way' ref='3042' role='right' />
    <tag k='location' v='urban' />
    <tag k='one_way' v='yes' />
    <tag k='region' v='de' />
    <tag k='subtype' v='road' />
    <tag k='type' v='lanelet' />
  </relation>
  <relation id='4076' visible='true' version='1'>
    <member type='way' ref='2973' role='left' />
    <member type='way' ref='2972' role='right' />
    <tag k='location' v='city' />
    <tag k='one_way' v='yes' />
    <tag k='region' v='de' />
    <tag k='subtype' v='road' />
    <tag k='type' v='lanelet' />
  </relation>
  <relation id='4077' visible='true' version='1'>
    <member type='way' ref='3356' role='left' />
    <member type='way' ref='3399' role='right' />
    <tag k='location' v='city' />
    <tag k='one_way' v='yes' />
    <tag k='region' v='de' />
    <tag k='subtype' v='bicycle_lane' />
    <tag k='type' v='lanelet' />
  </relation>
  <relation id='4078' visible='true' version='1'>
    <member type='way' ref='2997' role='left' />
    <member type='way' ref='3049' role='right' />
    <tag k='location' v='urban' />
    <tag k='one_way' v='yes' />
    <tag k='region' v='de' />
    <tag k='subtype' v='road' />
    <tag k='type' v='lanelet' />
  </relation>
  <relation id='4079' visible='true' version='1'>
    <member type='way' ref='2974' role='left' />
    <member type='way' ref='2973' role='right' />
    <tag k='location' v='city' />
    <tag k='one_way' v='yes' />
    <tag k='region' v='de' />
    <tag k='subtype' v='road' />
    <tag k='type' v='lanelet' />
  </relation>
  <relation id='4080' visible='true' version='1'>
    <member type='way' ref='3215' role='left' />
    <member type='way' ref='3528' role='right' />
    <tag k='location' v='city' />
    <tag k='one_way' v='yes' />
    <tag k='region' v='de' />
    <tag k='subtype' v='bicycle_lane' />
    <tag k='type' v='lanelet' />
  </relation>
  <relation id='4081' visible='true' version='1'>
    <member type='way' ref='2885' role='left' />
    <member type='way' ref='2915' role='right' />
    <tag k='location' v='urban' />
    <tag k='one_way' v='yes' />
    <tag k='region' v='de' />
    <tag k='subtype' v='road' />
    <tag k='type' v='lanelet' />
  </relation>
  <relation id='4082' visible='true' version='1'>
    <member type='way' ref='3676' role='left' />
    <member type='way' ref='3675' role='right' />
    <tag k='location' v='city' />
    <tag k='one_way' v='no' />
    <tag k='region' v='de' />
    <tag k='subtype' v='walkway' />
    <tag k='type' v='lanelet' />
  </relation>
  <relation id='4083' visible='true' version='1'>
    <member type='way' ref='2975' role='left' />
    <member type='way' ref='2974' role='right' />
    <tag k='location' v='city' />
    <tag k='one_way' v='yes' />
    <tag k='region' v='de' />
    <tag k='subtype' v='road' />
    <tag k='type' v='lanelet' />
  </relation>
  <relation id='4084' visible='true' version='1'>
    <member type='way' ref='2993' role='left' />
    <member type='way' ref='3518' role='right' />
    <tag k='location' v='city' />
    <tag k='one_way' v='yes' />
    <tag k='region' v='de' />
    <tag k='subtype' v='bicycle_lane' />
    <tag k='type' v='lanelet' />
  </relation>
  <relation id='4085' visible='true' version='1'>
    <member type='way' ref='3127' role='left' />
    <member type='way' ref='3128' role='right' />
    <member type='relation' ref='4528' role='regulatory_element' />
    <tag k='location' v='urban' />
    <tag k='one_way' v='yes' />
    <tag k='region' v='de' />
    <tag k='subtype' v='road' />
    <tag k='type' v='lanelet' />
  </relation>
  <relation id='4086' visible='true' version='1'>
    <member type='way' ref='3602' role='left' />
    <member type='way' ref='3600' role='right' />
    <tag k='location' v='city' />
    <tag k='one_way' v='no' />
    <tag k='region' v='de' />
    <tag k='subtype' v='walkway' />
    <tag k='type' v='lanelet' />
  </relation>
  <relation id='4087' visible='true' version='1'>
    <member type='way' ref='3763' role='left' />
    <member type='way' ref='3332' role='right' />
    <member type='relation' ref='4554' role='regulatory_element' />
    <tag k='location' v='city' />
    <tag k='one_way' v='no' />
    <tag k='region' v='de' />
    <tag k='subtype' v='walkway' />
    <tag k='type' v='lanelet' />
  </relation>
  <relation id='4088' visible='true' version='1'>
    <member type='way' ref='3001' role='left' />
    <member type='way' ref='3000' role='right' />
    <tag k='location' v='urban' />
    <tag k='one_way' v='yes' />
    <tag k='region' v='de' />
    <tag k='subtype' v='road' />
    <tag k='type' v='lanelet' />
  </relation>
  <relation id='4089' visible='true' version='1'>
    <member type='way' ref='3237' role='left' />
    <member type='way' ref='3238' role='right' />
    <member type='relation' ref='4533' role='regulatory_element' />
    <tag k='location' v='city' />
    <tag k='one_way' v='yes' />
    <tag k='region' v='de' />
    <tag k='subtype' v='road' />
    <tag k='type' v='lanelet' />
  </relation>
  <relation id='4090' visible='true' version='1'>
    <member type='way' ref='3440' role='left' />
    <member type='way' ref='3519' role='right' />
    <tag k='location' v='city' />
    <tag k='one_way' v='yes' />
    <tag k='region' v='de' />
    <tag k='subtype' v='bicycle_lane' />
    <tag k='type' v='lanelet' />
  </relation>
  <relation id='4091' visible='true' version='1'>
    <member type='way' ref='3125' role='left' />
    <member type='way' ref='3127' role='right' />
    <member type='relation' ref='4528' role='regulatory_element' />
    <tag k='location' v='urban' />
    <tag k='one_way' v='yes' />
    <tag k='region' v='de' />
    <tag k='subtype' v='road' />
    <tag k='type' v='lanelet' />
  </relation>
  <relation id='4092' visible='true' version='1'>
    <member type='way' ref='3453' role='left' />
    <member type='way' ref='3454' role='right' />
    <tag k='location' v='city' />
    <tag k='one_way' v='no' />
    <tag k='region' v='de' />
    <tag k='subtype' v='walkway' />
    <tag k='type' v='lanelet' />
  </relation>
  <relation id='4093' visible='true' version='1'>
    <member type='way' ref='3038' role='left' />
    <member type='way' ref='3048' role='right' />
    <tag k='location' v='city' />
    <tag k='one_way' v='no' />
    <tag k='region' v='de' />
    <tag k='subtype' v='walkway' />
    <tag k='type' v='lanelet' />
  </relation>
  <relation id='4094' visible='true' version='1'>
    <member type='way' ref='3017' role='left' />
    <member type='way' ref='3016' role='right' />
    <tag k='location' v='urban' />
    <tag k='one_way' v='yes' />
    <tag k='region' v='de' />
    <tag k='subtype' v='road' />
    <tag k='type' v='lanelet' />
  </relation>
  <relation id='4095' visible='true' version='1'>
    <member type='way' ref='3238' role='left' />
    <member type='way' ref='3239' role='right' />
    <member type='relation' ref='4533' role='regulatory_element' />
    <tag k='location' v='city' />
    <tag k='one_way' v='yes' />
    <tag k='region' v='de' />
    <tag k='subtype' v='road' />
    <tag k='type' v='lanelet' />
  </relation>
  <relation id='4096' visible='true' version='1'>
    <member type='way' ref='3441' role='left' />
    <member type='way' ref='3529' role='right' />
    <tag k='location' v='city' />
    <tag k='one_way' v='yes' />
    <tag k='region' v='de' />
    <tag k='subtype' v='bicycle_lane' />
    <tag k='type' v='lanelet' />
  </relation>
  <relation id='4097' visible='true' version='1'>
    <member type='way' ref='3126' role='left' />
    <member type='way' ref='3125' role='right' />
    <member type='relation' ref='4555' role='regulatory_element' />
    <tag k='location' v='urban' />
    <tag k='one_way' v='yes' />
    <tag k='region' v='de' />
    <tag k='subtype' v='road' />
    <tag k='type' v='lanelet' />
  </relation>
  <relation id='4098' visible='true' version='1'>
    <member type='way' ref='3677' role='left' />
    <member type='way' ref='3676' role='right' />
    <tag k='location' v='city' />
    <tag k='one_way' v='yes' />
    <tag k='region' v='de' />
    <tag k='subtype' v='bicycle_lane' />
    <tag k='type' v='lanelet' />
  </relation>
  <relation id='4099' visible='true' version='1'>
    <member type='way' ref='3330' role='left' />
    <member type='way' ref='3331' role='right' />
    <member type='relation' ref='4542' role='regulatory_element' />
    <tag k='location' v='city' />
    <tag k='one_way' v='no' />
    <tag k='region' v='de' />
    <tag k='subtype' v='walkway' />
    <tag k='type' v='lanelet' />
  </relation>
  <relation id='4100' visible='true' version='1'>
    <member type='way' ref='3111' role='left' />
    <member type='way' ref='3030' role='right' />
    <tag k='location' v='urban' />
    <tag k='one_way' v='yes' />
    <tag k='region' v='de' />
    <tag k='subtype' v='road' />
    <tag k='type' v='lanelet' />
  </relation>
  <relation id='4101' visible='true' version='1'>
    <member type='way' ref='3239' role='left' />
    <member type='way' ref='3240' role='right' />
    <member type='relation' ref='4533' role='regulatory_element' />
    <tag k='location' v='city' />
    <tag k='one_way' v='yes' />
    <tag k='region' v='de' />
    <tag k='subtype' v='road' />
    <tag k='type' v='lanelet' />
  </relation>
  <relation id='4102' visible='true' version='1'>
    <member type='way' ref='3527' role='left' />
    <member type='way' ref='3514' role='right' />
    <tag k='location' v='city' />
    <tag k='one_way' v='no' />
    <tag k='region' v='de' />
    <tag k='subtype' v='walkway' />
    <tag k='type' v='lanelet' />
  </relation>
  <relation id='4103' visible='true' version='1'>
    <member type='way' ref='3082' role='left' />
    <member type='way' ref='3080' role='right' />
    <tag k='location' v='urban' />
    <tag k='one_way' v='yes' />
    <tag k='region' v='de' />
    <tag k='subtype' v='road' />
    <tag k='type' v='lanelet' />
  </relation>
  <relation id='4104' visible='true' version='1'>
    <member type='way' ref='3601' role='left' />
    <member type='way' ref='3602' role='right' />
    <tag k='location' v='city' />
    <tag k='one_way' v='yes' />
    <tag k='region' v='de' />
    <tag k='subtype' v='bicycle_lane' />
    <tag k='type' v='lanelet' />
  </relation>
  <relation id='4105' visible='true' version='1'>
    <member type='way' ref='3801' role='left' />
    <member type='way' ref='3757' role='right' />
    <member type='relation' ref='4546' role='regulatory_element' />
    <tag k='location' v='city' />
    <tag k='one_way' v='no' />
    <tag k='region' v='de' />
    <tag k='subtype' v='walkway' />
    <tag k='type' v='lanelet' />
  </relation>
  <relation id='4106' visible='true' version='1'>
    <member type='way' ref='2952' role='left' />
    <member type='way' ref='2953' role='right' />
    <tag k='location' v='urban' />
    <tag k='one_way' v='yes' />
    <tag k='region' v='de' />
    <tag k='subtype' v='road' />
    <tag k='type' v='lanelet' />
  </relation>
  <relation id='4107' visible='true' version='1'>
    <member type='way' ref='3152' role='left' />
    <member type='way' ref='3193' role='right' />
    <tag k='location' v='city' />
    <tag k='one_way' v='yes' />
    <tag k='region' v='de' />
    <tag k='subtype' v='road' />
    <tag k='type' v='lanelet' />
  </relation>
  <relation id='4108' visible='true' version='1'>
    <member type='way' ref='3516' role='left' />
    <member type='way' ref='3515' role='right' />
    <tag k='location' v='city' />
    <tag k='one_way' v='yes' />
    <tag k='region' v='de' />
    <tag k='subtype' v='road' />
    <tag k='type' v='lanelet' />
  </relation>
  <relation id='4109' visible='true' version='1'>
    <member type='way' ref='3080' role='left' />
    <member type='way' ref='3079' role='right' />
    <tag k='location' v='urban' />
    <tag k='one_way' v='yes' />
    <tag k='region' v='de' />
    <tag k='subtype' v='road' />
    <tag k='type' v='lanelet' />
  </relation>
  <relation id='4110' visible='true' version='1'>
    <member type='way' ref='3452' role='left' />
    <member type='way' ref='3453' role='right' />
    <tag k='location' v='city' />
    <tag k='one_way' v='yes' />
    <tag k='region' v='de' />
    <tag k='subtype' v='bicycle_lane' />
    <tag k='type' v='lanelet' />
  </relation>
  <relation id='4111' visible='true' version='1'>
    <member type='way' ref='3815' role='left' />
    <member type='way' ref='3814' role='right' />
    <member type='relation' ref='4546' role='regulatory_element' />
    <tag k='location' v='city' />
    <tag k='one_way' v='no' />
    <tag k='region' v='de' />
    <tag k='subtype' v='walkway' />
    <tag k='type' v='lanelet' />
  </relation>
  <relation id='4112' visible='true' version='1'>
    <member type='way' ref='3055' role='left' />
    <member type='way' ref='2894' role='right' />
    <tag k='location' v='urban' />
    <tag k='one_way' v='yes' />
    <tag k='region' v='de' />
    <tag k='subtype' v='road' />
    <tag k='type' v='lanelet' />
  </relation>
  <relation id='4113' visible='true' version='1'>
    <member type='way' ref='3193' role='left' />
    <member type='way' ref='3159' role='right' />
    <tag k='location' v='city' />
    <tag k='one_way' v='yes' />
    <tag k='region' v='de' />
    <tag k='subtype' v='road' />
    <tag k='type' v='lanelet' />
  </relation>
  <relation id='4114' visible='true' version='1'>
    <member type='way' ref='3517' role='left' />
    <member type='way' ref='3516' role='right' />
    <tag k='location' v='city' />
    <tag k='one_way' v='yes' />
    <tag k='region' v='de' />
    <tag k='subtype' v='road' />
    <tag k='type' v='lanelet' />
  </relation>
  <relation id='4115' visible='true' version='1'>
    <member type='way' ref='3079' role='left' />
    <member type='way' ref='3075' role='right' />
    <tag k='location' v='urban' />
    <tag k='one_way' v='yes' />
    <tag k='region' v='de' />
    <tag k='subtype' v='road' />
    <tag k='type' v='lanelet' />
  </relation>
  <relation id='4116' visible='true' version='1'>
    <member type='way' ref='3678' role='left' />
    <member type='way' ref='3677' role='right' />
    <tag k='location' v='city' />
    <tag k='one_way' v='yes' />
    <tag k='region' v='de' />
    <tag k='subtype' v='road' />
    <tag k='type' v='lanelet' />
  </relation>
  <relation id='4117' visible='true' version='1'>
    <member type='way' ref='3704' role='left' />
    <member type='way' ref='3008' role='right' />
    <tag k='location' v='city' />
    <tag k='one_way' v='no' />
    <tag k='region' v='de' />
    <tag k='subtype' v='walkway' />
    <tag k='type' v='lanelet' />
  </relation>
  <relation id='4118' visible='true' version='1'>
    <member type='way' ref='3018' role='left' />
    <member type='way' ref='3811' role='right' />
    <tag k='location' v='urban' />
    <tag k='one_way' v='yes' />
    <tag k='region' v='de' />
    <tag k='subtype' v='road' />
    <tag k='type' v='lanelet' />
  </relation>
  <relation id='4119' visible='true' version='1'>
    <member type='way' ref='3159' role='left' />
    <member type='way' ref='3160' role='right' />
    <tag k='location' v='city' />
    <tag k='one_way' v='yes' />
    <tag k='region' v='de' />
    <tag k='subtype' v='road' />
    <tag k='type' v='lanelet' />
  </relation>
  <relation id='4120' visible='true' version='1'>
    <member type='way' ref='3176' role='left' />
    <member type='way' ref='3214' role='right' />
    <tag k='location' v='city' />
    <tag k='one_way' v='yes' />
    <tag k='region' v='de' />
    <tag k='subtype' v='road' />
    <tag k='type' v='lanelet' />
  </relation>
  <relation id='4121' visible='true' version='1'>
    <member type='way' ref='3078' role='left' />
    <member type='way' ref='3086' role='right' />
    <tag k='location' v='urban' />
    <tag k='one_way' v='yes' />
    <tag k='region' v='de' />
    <tag k='subtype' v='road' />
    <tag k='type' v='lanelet' />
  </relation>
  <relation id='4122' visible='true' version='1'>
    <member type='way' ref='3598' role='left' />
    <member type='way' ref='3678' role='right' />
    <tag k='location' v='city' />
    <tag k='one_way' v='yes' />
    <tag k='region' v='de' />
    <tag k='subtype' v='road' />
    <tag k='type' v='lanelet' />
  </relation>
  <relation id='4123' visible='true' version='1'>
    <member type='way' ref='3057' role='left' />
    <member type='way' ref='3813' role='right' />
    <member type='relation' ref='4550' role='regulatory_element' />
    <tag k='location' v='city' />
    <tag k='one_way' v='no' />
    <tag k='region' v='de' />
    <tag k='subtype' v='walkway' />
    <tag k='type' v='lanelet' />
  </relation>
  <relation id='4124' visible='true' version='1'>
    <member type='way' ref='3728' role='left' />
    <member type='way' ref='3053' role='right' />
    <tag k='location' v='urban' />
    <tag k='one_way' v='yes' />
    <tag k='region' v='de' />
    <tag k='subtype' v='road' />
    <tag k='type' v='lanelet' />
  </relation>
  <relation id='4125' visible='true' version='1'>
    <member type='way' ref='3151' role='left' />
    <member type='way' ref='3157' role='right' />
    <tag k='location' v='city' />
    <tag k='one_way' v='yes' />
    <tag k='region' v='de' />
    <tag k='subtype' v='road' />
    <tag k='type' v='lanelet' />
  </relation>
  <relation id='4126' visible='true' version='1'>
    <member type='way' ref='3214' role='left' />
    <member type='way' ref='3215' role='right' />
    <tag k='location' v='city' />
    <tag k='one_way' v='yes' />
    <tag k='region' v='de' />
    <tag k='subtype' v='road' />
    <tag k='type' v='lanelet' />
  </relation>
  <relation id='4127' visible='true' version='1'>
    <member type='way' ref='3084' role='left' />
    <member type='way' ref='3783' role='right' />
    <tag k='location' v='urban' />
    <tag k='one_way' v='yes' />
    <tag k='region' v='de' />
    <tag k='subtype' v='road' />
    <tag k='type' v='lanelet' />
  </relation>
  <relation id='4128' visible='true' version='1'>
    <member type='way' ref='3450' role='left' />
    <member type='way' ref='3599' role='right' />
    <tag k='location' v='city' />
    <tag k='one_way' v='yes' />
    <tag k='region' v='de' />
    <tag k='subtype' v='road' />
    <tag k='type' v='lanelet' />
  </relation>
  <relation id='4129' visible='true' version='1'>
    <member type='way' ref='3839' role='left' />
    <member type='way' ref='3565' role='right' />
    <tag k='location' v='city' />
    <tag k='one_way' v='yes' />
    <tag k='region' v='de' />
    <tag k='subtype' v='road' />
    <tag k='type' v='lanelet' />
  </relation>
  <relation id='4130' visible='true' version='1'>
    <member type='way' ref='3143' role='left' />
    <member type='way' ref='3142' role='right' />
    <tag k='location' v='city' />
    <tag k='one_way' v='yes' />
    <tag k='region' v='de' />
    <tag k='subtype' v='road' />
    <tag k='type' v='lanelet' />
  </relation>
  <relation id='4131' visible='true' version='1'>
    <member type='way' ref='3631' role='left' />
    <member type='way' ref='3532' role='right' />
    <member type='relation' ref='4544' role='regulatory_element' />
    <tag k='location' v='city' />
    <tag k='one_way' v='no' />
    <tag k='region' v='de' />
    <tag k='subtype' v='walkway' />
    <tag k='type' v='lanelet' />
  </relation>
  <relation id='4132' visible='true' version='1'>
    <member type='way' ref='3097' role='left' />
    <member type='way' ref='3098' role='right' />
    <tag k='location' v='urban' />
    <tag k='one_way' v='yes' />
    <tag k='region' v='de' />
    <tag k='subtype' v='road' />
    <tag k='type' v='lanelet' />
  </relation>
  <relation id='4133' visible='true' version='1'>
    <member type='way' ref='3597' role='left' />
    <member type='way' ref='3603' role='right' />
    <tag k='location' v='city' />
    <tag k='one_way' v='yes' />
    <tag k='region' v='de' />
    <tag k='subtype' v='road' />
    <tag k='type' v='lanelet' />
  </relation>
  <relation id='4134' visible='true' version='1'>
    <member type='way' ref='3838' role='left' />
    <member type='way' ref='3836' role='right' />
    <tag k='location' v='city' />
    <tag k='one_way' v='yes' />
    <tag k='region' v='de' />
    <tag k='subtype' v='road' />
    <tag k='type' v='lanelet' />
  </relation>
  <relation id='4135' visible='true' version='1'>
    <member type='way' ref='3181' role='left' />
    <member type='way' ref='3165' role='right' />
    <tag k='location' v='city' />
    <tag k='one_way' v='yes' />
    <tag k='region' v='de' />
    <tag k='subtype' v='road' />
    <tag k='type' v='lanelet' />
  </relation>
  <relation id='4136' visible='true' version='1'>
    <member type='way' ref='3533' role='left' />
    <member type='way' ref='3236' role='right' />
    <member type='relation' ref='4540' role='regulatory_element' />
    <tag k='location' v='city' />
    <tag k='one_way' v='no' />
    <tag k='region' v='de' />
    <tag k='subtype' v='walkway' />
    <tag k='type' v='lanelet' />
  </relation>
  <relation id='4137' visible='true' version='1'>
    <member type='way' ref='3102' role='left' />
    <member type='way' ref='3101' role='right' />
    <tag k='location' v='urban' />
    <tag k='one_way' v='yes' />
    <tag k='region' v='de' />
    <tag k='subtype' v='road' />
    <tag k='type' v='lanelet' />
  </relation>
  <relation id='4138' visible='true' version='1'>
    <member type='way' ref='3449' role='left' />
    <member type='way' ref='3448' role='right' />
    <tag k='location' v='city' />
    <tag k='one_way' v='yes' />
    <tag k='region' v='de' />
    <tag k='subtype' v='road' />
    <tag k='type' v='lanelet' />
  </relation>
  <relation id='4139' visible='true' version='1'>
    <member type='way' ref='3315' role='left' />
    <member type='way' ref='3312' role='right' />
    <tag k='location' v='city' />
    <tag k='one_way' v='yes' />
    <tag k='region' v='de' />
    <tag k='subtype' v='parking' />
    <tag k='type' v='lanelet' />
  </relation>
  <relation id='4140' visible='true' version='1'>
    <member type='way' ref='3437' role='left' />
    <member type='way' ref='3181' role='right' />
    <tag k='location' v='city' />
    <tag k='one_way' v='yes' />
    <tag k='region' v='de' />
    <tag k='subtype' v='road' />
    <tag k='type' v='lanelet' />
  </relation>
  <relation id='4141' visible='true' version='1'>
    <member type='way' ref='3537' role='left' />
    <member type='way' ref='3414' role='right' />
    <member type='relation' ref='4538' role='regulatory_element' />
    <tag k='location' v='city' />
    <tag k='one_way' v='no' />
    <tag k='region' v='de' />
    <tag k='subtype' v='walkway' />
    <tag k='type' v='lanelet' />
  </relation>
  <relation id='4142' visible='true' version='1'>
    <member type='way' ref='3705' role='left' />
    <member type='way' ref='3706' role='right' />
    <tag k='location' v='urban' />
    <tag k='one_way' v='yes' />
    <tag k='region' v='de' />
    <tag k='subtype' v='road' />
    <tag k='type' v='lanelet' />
  </relation>
  <relation id='4143' visible='true' version='1'>
    <member type='way' ref='3450' role='left' />
    <member type='way' ref='3449' role='right' />
    <tag k='location' v='city' />
    <tag k='one_way' v='yes' />
    <tag k='region' v='de' />
    <tag k='subtype' v='road' />
    <tag k='type' v='lanelet' />
  </relation>
  <relation id='4144' visible='true' version='1'>
    <member type='way' ref='3314' role='left' />
    <member type='way' ref='3315' role='right' />
    <tag k='location' v='city' />
    <tag k='one_way' v='yes' />
    <tag k='region' v='de' />
    <tag k='subtype' v='road' />
    <tag k='type' v='lanelet' />
  </relation>
  <relation id='4145' visible='true' version='1'>
    <member type='way' ref='3141' role='left' />
    <member type='way' ref='3182' role='right' />
    <tag k='location' v='city' />
    <tag k='one_way' v='yes' />
    <tag k='region' v='de' />
    <tag k='subtype' v='road' />
    <tag k='type' v='lanelet' />
  </relation>
  <relation id='4146' visible='true' version='1'>
    <member type='way' ref='3534' role='left' />
    <member type='way' ref='3363' role='right' />
    <member type='relation' ref='4538' role='regulatory_element' />
    <tag k='location' v='city' />
    <tag k='one_way' v='no' />
    <tag k='region' v='de' />
    <tag k='subtype' v='walkway' />
    <tag k='type' v='lanelet' />
  </relation>
  <relation id='4147' visible='true' version='1'>
    <member type='way' ref='3032' role='left' />
    <member type='way' ref='3061' role='right' />
    <tag k='location' v='urban' />
    <tag k='one_way' v='yes' />
    <tag k='region' v='de' />
    <tag k='subtype' v='road' />
    <tag k='type' v='lanelet' />
  </relation>
  <relation id='4148' visible='true' version='1'>
    <member type='way' ref='3279' role='left' />
    <member type='way' ref='2897' role='right' />
    <tag k='location' v='city' />
    <tag k='one_way' v='yes' />
    <tag k='region' v='de' />
    <tag k='subtype' v='road' />
    <tag k='type' v='lanelet' />
  </relation>
  <relation id='4149' visible='true' version='1'>
    <member type='way' ref='3339' role='left' />
    <member type='way' ref='3249' role='right' />
    <tag k='location' v='city' />
    <tag k='one_way' v='yes' />
    <tag k='region' v='de' />
    <tag k='subtype' v='road' />
    <tag k='type' v='lanelet' />
  </relation>
  <relation id='4150' visible='true' version='1'>
    <member type='way' ref='3004' role='left' />
    <member type='way' ref='3028' role='right' />
    <tag k='location' v='urban' />
    <tag k='one_way' v='yes' />
    <tag k='region' v='de' />
    <tag k='subtype' v='road' />
    <tag k='type' v='lanelet' />
  </relation>
  <relation id='4151' visible='true' version='1'>
    <member type='way' ref='3577' role='left' />
    <member type='way' ref='3570' role='right' />
    <tag k='location' v='city' />
    <tag k='one_way' v='yes' />
    <tag k='region' v='de' />
    <tag k='subtype' v='road' />
    <tag k='type' v='lanelet' />
  </relation>
  <relation id='4152' visible='true' version='1'>
    <member type='way' ref='3182' role='left' />
    <member type='way' ref='3166' role='right' />
    <tag k='location' v='city' />
    <tag k='one_way' v='yes' />
    <tag k='region' v='de' />
    <tag k='subtype' v='road' />
    <tag k='type' v='lanelet' />
  </relation>
  <relation id='4153' visible='true' version='1'>
    <member type='way' ref='3539' role='left' />
    <member type='way' ref='3538' role='right' />
    <tag k='location' v='city' />
    <tag k='one_way' v='yes' />
    <tag k='region' v='de' />
    <tag k='subtype' v='bicycle_lane' />
    <tag k='type' v='lanelet' />
  </relation>
  <relation id='4154' visible='true' version='1'>
    <member type='way' ref='2953' role='left' />
    <member type='way' ref='2954' role='right' />
    <tag k='location' v='urban' />
    <tag k='one_way' v='yes' />
    <tag k='region' v='de' />
    <tag k='subtype' v='road' />
    <tag k='type' v='lanelet' />
  </relation>
  <relation id='4155' visible='true' version='1'>
    <member type='way' ref='3679' role='left' />
    <member type='way' ref='3279' role='right' />
    <tag k='location' v='city' />
    <tag k='one_way' v='yes' />
    <tag k='region' v='de' />
    <tag k='subtype' v='road' />
    <tag k='type' v='lanelet' />
  </relation>
  <relation id='4156' visible='true' version='1'>
    <member type='way' ref='3367' role='left' />
    <member type='way' ref='3366' role='right' />
    <tag k='location' v='city' />
    <tag k='one_way' v='yes' />
    <tag k='region' v='de' />
    <tag k='subtype' v='road' />
    <tag k='type' v='lanelet' />
  </relation>
  <relation id='4157' visible='true' version='1'>
    <member type='way' ref='3720' role='left' />
    <member type='way' ref='3724' role='right' />
    <tag k='location' v='urban' />
    <tag k='one_way' v='yes' />
    <tag k='region' v='de' />
    <tag k='subtype' v='road' />
    <tag k='type' v='lanelet' />
  </relation>
  <relation id='4158' visible='true' version='1'>
    <member type='way' ref='3835' role='left' />
    <member type='way' ref='3568' role='right' />
    <member type='relation' ref='4561' role='regulatory_element' />
    <tag k='location' v='city' />
    <tag k='one_way' v='yes' />
    <tag k='region' v='de' />
    <tag k='subtype' v='road' />
    <tag k='type' v='lanelet' />
  </relation>
  <relation id='4159' visible='true' version='1'>
    <member type='way' ref='3179' role='left' />
    <member type='way' ref='3169' role='right' />
    <tag k='location' v='city' />
    <tag k='one_way' v='yes' />
    <tag k='region' v='de' />
    <tag k='subtype' v='road' />
    <tag k='type' v='lanelet' />
  </relation>
  <relation id='4160' visible='true' version='1'>
    <member type='way' ref='3247' role='left' />
    <member type='way' ref='3412' role='right' />
    <tag k='location' v='city' />
    <tag k='one_way' v='yes' />
    <tag k='region' v='de' />
    <tag k='subtype' v='bicycle_lane' />
    <tag k='type' v='lanelet' />
  </relation>
  <relation id='4161' visible='true' version='1'>
    <member type='way' ref='3030' role='left' />
    <member type='way' ref='3087' role='right' />
    <tag k='location' v='urban' />
    <tag k='one_way' v='yes' />
    <tag k='region' v='de' />
    <tag k='subtype' v='road' />
    <tag k='type' v='lanelet' />
  </relation>
  <relation id='4162' visible='true' version='1'>
    <member type='way' ref='3263' role='left' />
    <member type='way' ref='3264' role='right' />
    <tag k='location' v='city' />
    <tag k='one_way' v='yes' />
    <tag k='region' v='de' />
    <tag k='subtype' v='road' />
    <tag k='type' v='lanelet' />
  </relation>
  <relation id='4163' visible='true' version='1'>
    <member type='way' ref='3568' role='left' />
    <member type='way' ref='3567' role='right' />
    <tag k='location' v='city' />
    <tag k='one_way' v='no' />
    <tag k='region' v='de' />
    <tag k='subtype' v='walkway' />
    <tag k='type' v='lanelet' />
  </relation>
  <relation id='4164' visible='true' version='1'>
    <member type='way' ref='3138' role='left' />
    <member type='way' ref='3179' role='right' />
    <tag k='location' v='city' />
    <tag k='one_way' v='yes' />
    <tag k='region' v='de' />
    <tag k='subtype' v='road' />
    <tag k='type' v='lanelet' />
  </relation>
  <relation id='4165' visible='true' version='1'>
    <member type='way' ref='3540' role='left' />
    <member type='way' ref='3541' role='right' />
    <member type='relation' ref='4536' role='regulatory_element' />
    <tag k='location' v='city' />
    <tag k='one_way' v='no' />
    <tag k='region' v='de' />
    <tag k='subtype' v='walkway' />
    <tag k='type' v='lanelet' />
  </relation>
  <relation id='4166' visible='true' version='1'>
    <member type='way' ref='3098' role='left' />
    <member type='way' ref='3099' role='right' />
    <tag k='location' v='urban' />
    <tag k='one_way' v='yes' />
    <tag k='region' v='de' />
    <tag k='subtype' v='road' />
    <tag k='type' v='lanelet' />
  </relation>
  <relation id='4167' visible='true' version='1'>
    <member type='way' ref='3264' role='left' />
    <member type='way' ref='3265' role='right' />
    <tag k='location' v='city' />
    <tag k='one_way' v='yes' />
    <tag k='region' v='de' />
    <tag k='subtype' v='road' />
    <tag k='type' v='lanelet' />
  </relation>
  <relation id='4168' visible='true' version='1'>
    <member type='way' ref='3770' role='left' />
    <member type='way' ref='3769' role='right' />
    <tag k='location' v='city' />
    <tag k='one_way' v='no' />
    <tag k='region' v='de' />
    <tag k='subtype' v='walkway' />
    <tag k='type' v='lanelet' />
  </relation>
  <relation id='4169' visible='true' version='1'>
    <member type='way' ref='2957' role='left' />
    <member type='way' ref='2956' role='right' />
    <tag k='location' v='urban' />
    <tag k='one_way' v='yes' />
    <tag k='region' v='de' />
    <tag k='subtype' v='road' />
    <tag k='type' v='lanelet' />
  </relation>
  <relation id='4170' visible='true' version='1'>
    <member type='way' ref='3329' role='left' />
    <member type='way' ref='3327' role='right' />
    <member type='relation' ref='4549' role='regulatory_element' />
    <tag k='location' v='city' />
    <tag k='one_way' v='no' />
    <tag k='region' v='de' />
    <tag k='subtype' v='walkway' />
    <tag k='type' v='lanelet' />
  </relation>
  <relation id='4171' visible='true' version='1'>
    <member type='way' ref='3028' role='left' />
    <member type='way' ref='3072' role='right' />
    <tag k='location' v='urban' />
    <tag k='one_way' v='yes' />
    <tag k='region' v='de' />
    <tag k='subtype' v='road' />
    <tag k='type' v='lanelet' />
  </relation>
  <relation id='4172' visible='true' version='1'>
    <member type='way' ref='3089' role='left' />
    <member type='way' ref='3088' role='right' />
    <tag k='location' v='city' />
    <tag k='one_way' v='no' />
    <tag k='region' v='de' />
    <tag k='subtype' v='walkway' />
    <tag k='type' v='lanelet' />
  </relation>
  <relation id='4173' visible='true' version='1'>
    <member type='way' ref='3724' role='left' />
    <member type='way' ref='3822' role='right' />
    <tag k='location' v='urban' />
    <tag k='one_way' v='yes' />
    <tag k='region' v='de' />
    <tag k='subtype' v='road' />
    <tag k='type' v='lanelet' />
  </relation>
  <relation id='4174' visible='true' version='1'>
    <member type='way' ref='3328' role='left' />
    <member type='way' ref='3326' role='right' />
    <member type='relation' ref='4545' role='regulatory_element' />
    <tag k='location' v='city' />
    <tag k='one_way' v='no' />
    <tag k='region' v='de' />
    <tag k='subtype' v='walkway' />
    <tag k='type' v='lanelet' />
  </relation>
  <relation id='4175' visible='true' version='1'>
    <member type='way' ref='3040' role='left' />
    <member type='way' ref='3743' role='right' />
    <tag k='location' v='urban' />
    <tag k='one_way' v='yes' />
    <tag k='region' v='de' />
    <tag k='subtype' v='road' />
    <tag k='type' v='lanelet' />
  </relation>
  <relation id='4176' visible='true' version='1'>
    <member type='way' ref='3808' role='left' />
    <member type='way' ref='3809' role='right' />
    <member type='relation' ref='4539' role='regulatory_element' />
    <tag k='location' v='city' />
    <tag k='one_way' v='no' />
    <tag k='region' v='de' />
    <tag k='subtype' v='walkway' />
    <tag k='type' v='lanelet' />
  </relation>
  <relation id='4177' visible='true' version='1'>
    <member type='way' ref='3725' role='left' />
    <member type='way' ref='3823' role='right' />
    <tag k='location' v='urban' />
    <tag k='one_way' v='yes' />
    <tag k='region' v='de' />
    <tag k='subtype' v='road' />
    <tag k='type' v='lanelet' />
  </relation>
  <relation id='4178' visible='true' version='1'>
    <member type='way' ref='3105' role='left' />
    <member type='way' ref='2960' role='right' />
    <tag k='location' v='city' />
    <tag k='one_way' v='no' />
    <tag k='region' v='de' />
    <tag k='subtype' v='walkway' />
    <tag k='type' v='lanelet' />
  </relation>
  <relation id='4179' visible='true' version='1'>
    <member type='way' ref='3726' role='left' />
    <member type='way' ref='3753' role='right' />
    <tag k='location' v='urban' />
    <tag k='one_way' v='yes' />
    <tag k='region' v='de' />
    <tag k='subtype' v='road' />
    <tag k='type' v='lanelet' />
  </relation>
  <relation id='4180' visible='true' version='1'>
    <member type='way' ref='3807' role='left' />
    <member type='way' ref='3810' role='right' />
    <member type='relation' ref='4541' role='regulatory_element' />
    <tag k='location' v='city' />
    <tag k='one_way' v='no' />
    <tag k='region' v='de' />
    <tag k='subtype' v='walkway' />
    <tag k='type' v='lanelet' />
  </relation>
  <relation id='4181' visible='true' version='1'>
    <member type='way' ref='3727' role='left' />
    <member type='way' ref='2998' role='right' />
    <tag k='location' v='urban' />
    <tag k='one_way' v='yes' />
    <tag k='region' v='de' />
    <tag k='subtype' v='road' />
    <tag k='type' v='lanelet' />
  </relation>
  <relation id='4182' visible='true' version='1'>
    <member type='way' ref='3317' role='left' />
    <member type='way' ref='3574' role='right' />
    <tag k='location' v='city' />
    <tag k='one_way' v='yes' />
    <tag k='region' v='de' />
    <tag k='subtype' v='bicycle_lane' />
    <tag k='type' v='lanelet' />
  </relation>
  <relation id='4183' visible='true' version='1'>
    <member type='way' ref='3316' role='left' />
    <member type='way' ref='3585' role='right' />
    <tag k='location' v='city' />
    <tag k='one_way' v='yes' />
    <tag k='region' v='de' />
    <tag k='subtype' v='bicycle_lane' />
    <tag k='type' v='lanelet' />
  </relation>
  <relation id='4184' visible='true' version='1'>
    <member type='way' ref='3313' role='left' />
    <member type='way' ref='3861' role='right' />
    <tag k='location' v='city' />
    <tag k='one_way' v='no' />
    <tag k='region' v='de' />
    <tag k='subtype' v='walkway' />
    <tag k='type' v='lanelet' />
  </relation>
  <relation id='4185' visible='true' version='1'>
    <member type='way' ref='3576' role='left' />
    <member type='way' ref='3575' role='right' />
    <tag k='location' v='city' />
    <tag k='one_way' v='no' />
    <tag k='region' v='de' />
    <tag k='subtype' v='walkway' />
    <tag k='type' v='lanelet' />
  </relation>
  <relation id='4186' visible='true' version='1'>
    <member type='way' ref='3311' role='left' />
    <member type='way' ref='3860' role='right' />
    <tag k='location' v='city' />
    <tag k='one_way' v='no' />
    <tag k='region' v='de' />
    <tag k='subtype' v='walkway' />
    <tag k='type' v='lanelet' />
  </relation>
  <relation id='4187' visible='true' version='1'>
    <member type='way' ref='2899' role='left' />
    <member type='way' ref='2902' role='right' />
    <tag k='location' v='city' />
    <tag k='one_way' v='yes' />
    <tag k='region' v='de' />
    <tag k='subtype' v='road' />
    <tag k='type' v='lanelet' />
  </relation>
  <relation id='4188' visible='true' version='1'>
    <member type='way' ref='2902' role='left' />
    <member type='way' ref='2955' role='right' />
    <tag k='location' v='city' />
    <tag k='one_way' v='yes' />
    <tag k='region' v='de' />
    <tag k='subtype' v='road' />
    <tag k='type' v='lanelet' />
  </relation>
  <relation id='4189' visible='true' version='1'>
    <member type='way' ref='3855' role='left' />
    <member type='way' ref='3854' role='right' />
    <tag k='location' v='city' />
    <tag k='one_way' v='no' />
    <tag k='region' v='de' />
    <tag k='subtype' v='walkway' />
    <tag k='type' v='lanelet' />
  </relation>
  <relation id='4190' visible='true' version='1'>
    <member type='way' ref='2955' role='left' />
    <member type='way' ref='3855' role='right' />
    <tag k='location' v='city' />
    <tag k='one_way' v='yes' />
    <tag k='region' v='de' />
    <tag k='subtype' v='bicycle_lane' />
    <tag k='type' v='lanelet' />
  </relation>
  <relation id='4191' visible='true' version='1'>
    <member type='way' ref='3294' role='left' />
    <member type='way' ref='3295' role='right' />
    <tag k='location' v='city' />
    <tag k='one_way' v='yes' />
    <tag k='region' v='de' />
    <tag k='subtype' v='road' />
    <tag k='type' v='lanelet' />
  </relation>
  <relation id='4192' visible='true' version='1'>
    <member type='way' ref='3295' role='left' />
    <member type='way' ref='3296' role='right' />
    <tag k='location' v='city' />
    <tag k='one_way' v='yes' />
    <tag k='region' v='de' />
    <tag k='subtype' v='road' />
    <tag k='type' v='lanelet' />
  </relation>
  <relation id='4193' visible='true' version='1'>
    <member type='way' ref='3837' role='left' />
    <member type='way' ref='3318' role='right' />
    <tag k='location' v='city' />
    <tag k='one_way' v='yes' />
    <tag k='region' v='de' />
    <tag k='subtype' v='road' />
    <tag k='type' v='lanelet' />
  </relation>
  <relation id='4194' visible='true' version='1'>
    <member type='way' ref='3583' role='left' />
    <member type='way' ref='3827' role='right' />
    <tag k='location' v='city' />
    <tag k='one_way' v='yes' />
    <tag k='region' v='de' />
    <tag k='subtype' v='road' />
    <tag k='type' v='lanelet' />
  </relation>
  <relation id='4195' visible='true' version='1'>
    <member type='way' ref='3827' role='left' />
    <member type='way' ref='3853' role='right' />
    <tag k='location' v='city' />
    <tag k='one_way' v='yes' />
    <tag k='region' v='de' />
    <tag k='subtype' v='bicycle_lane' />
    <tag k='type' v='lanelet' />
  </relation>
  <relation id='4196' visible='true' version='1'>
    <member type='way' ref='3287' role='left' />
    <member type='way' ref='3853' role='right' />
    <tag k='location' v='city' />
    <tag k='one_way' v='yes' />
    <tag k='region' v='de' />
    <tag k='subtype' v='bicycle_lane' />
    <tag k='type' v='lanelet' />
  </relation>
  <relation id='4197' visible='true' version='1'>
    <member type='way' ref='3866' role='left' />
    <member type='way' ref='3865' role='right' />
    <member type='relation' ref='4560' role='regulatory_element' />
    <tag k='location' v='city' />
    <tag k='one_way' v='no' />
    <tag k='region' v='de' />
    <tag k='subtype' v='shared_walkway' />
    <tag k='type' v='lanelet' />
  </relation>
  <relation id='4198' visible='true' version='1'>
    <member type='way' ref='3290' role='left' />
    <member type='way' ref='3286' role='right' />
    <tag k='location' v='city' />
    <tag k='one_way' v='yes' />
    <tag k='region' v='de' />
    <tag k='subtype' v='road' />
    <tag k='type' v='lanelet' />
  </relation>
  <relation id='4199' visible='true' version='1'>
    <member type='way' ref='3286' role='left' />
    <member type='way' ref='3287' role='right' />
    <tag k='location' v='city' />
    <tag k='one_way' v='yes' />
    <tag k='region' v='de' />
    <tag k='subtype' v='road' />
    <tag k='type' v='lanelet' />
  </relation>
  <relation id='4200' visible='true' version='1'>
    <member type='way' ref='3475' role='left' />
    <member type='way' ref='3476' role='right' />
    <tag k='location' v='city' />
    <tag k='one_way' v='yes' />
    <tag k='region' v='de' />
    <tag k='subtype' v='road' />
    <tag k='type' v='lanelet' />
  </relation>
  <relation id='4201' visible='true' version='1'>
    <member type='way' ref='3476' role='left' />
    <member type='way' ref='3310' role='right' />
    <tag k='location' v='city' />
    <tag k='one_way' v='yes' />
    <tag k='region' v='de' />
    <tag k='subtype' v='road' />
    <tag k='type' v='lanelet' />
  </relation>
  <relation id='4202' visible='true' version='1'>
    <member type='way' ref='3310' role='left' />
    <member type='way' ref='3447' role='right' />
    <tag k='location' v='city' />
    <tag k='one_way' v='yes' />
    <tag k='region' v='de' />
    <tag k='subtype' v='bicycle_lane' />
    <tag k='type' v='lanelet' />
  </relation>
  <relation id='4203' visible='true' version='1'>
    <member type='way' ref='2906' role='left' />
    <member type='way' ref='2898' role='right' />
    <tag k='location' v='city' />
    <tag k='one_way' v='yes' />
    <tag k='region' v='de' />
    <tag k='subtype' v='road' />
    <tag k='type' v='lanelet' />
  </relation>
  <relation id='4204' visible='true' version='1'>
    <member type='way' ref='2898' role='left' />
    <member type='way' ref='2907' role='right' />
    <tag k='location' v='city' />
    <tag k='one_way' v='yes' />
    <tag k='region' v='de' />
    <tag k='subtype' v='road' />
    <tag k='type' v='lanelet' />
  </relation>
  <relation id='4205' visible='true' version='1'>
    <member type='way' ref='2907' role='left' />
    <member type='way' ref='3586' role='right' />
    <member type='relation' ref='4553' role='regulatory_element' />
    <tag k='location' v='city' />
    <tag k='one_way' v='yes' />
    <tag k='region' v='de' />
    <tag k='subtype' v='bicycle_lane' />
    <tag k='type' v='lanelet' />
  </relation>
  <relation id='4206' visible='true' version='1'>
    <member type='way' ref='3270' role='left' />
    <member type='way' ref='3271' role='right' />
    <tag k='location' v='city' />
    <tag k='one_way' v='yes' />
    <tag k='region' v='de' />
    <tag k='subtype' v='road' />
    <tag k='type' v='lanelet' />
  </relation>
  <relation id='4207' visible='true' version='1'>
    <member type='way' ref='3271' role='left' />
    <member type='way' ref='3272' role='right' />
    <tag k='location' v='city' />
    <tag k='one_way' v='yes' />
    <tag k='region' v='de' />
    <tag k='subtype' v='road' />
    <tag k='type' v='lanelet' />
  </relation>
  <relation id='4208' visible='true' version='1'>
    <member type='way' ref='3272' role='left' />
    <member type='way' ref='3858' role='right' />
    <tag k='location' v='city' />
    <tag k='one_way' v='yes' />
    <tag k='region' v='de' />
    <tag k='subtype' v='bicycle_lane' />
    <tag k='type' v='lanelet' />
  </relation>
  <relation id='4209' visible='true' version='1'>
    <member type='way' ref='3858' role='left' />
    <member type='way' ref='3584' role='right' />
    <tag k='location' v='city' />
    <tag k='one_way' v='no' />
    <tag k='region' v='de' />
    <tag k='subtype' v='walkway' />
    <tag k='type' v='lanelet' />
  </relation>
  <relation id='4210' visible='true' version='1'>
    <member type='way' ref='3262' role='left' />
    <member type='way' ref='3261' role='right' />
    <tag k='location' v='city' />
    <tag k='one_way' v='yes' />
    <tag k='region' v='de' />
    <tag k='subtype' v='road' />
    <tag k='type' v='lanelet' />
  </relation>
  <relation id='4211' visible='true' version='1'>
    <member type='way' ref='3263' role='left' />
    <member type='way' ref='3262' role='right' />
    <tag k='location' v='city' />
    <tag k='one_way' v='yes' />
    <tag k='region' v='de' />
    <tag k='subtype' v='road' />
    <tag k='type' v='lanelet' />
  </relation>
  <relation id='4212' visible='true' version='1'>
    <member type='way' ref='3679' role='left' />
    <member type='way' ref='3451' role='right' />
    <member type='relation' ref='4566' role='regulatory_element' />
    <tag k='location' v='city' />
    <tag k='one_way' v='yes' />
    <tag k='region' v='de' />
    <tag k='subtype' v='road' />
    <tag k='type' v='lanelet' />
  </relation>
  <relation id='4213' visible='true' version='1'>
    <member type='way' ref='3451' role='left' />
    <member type='way' ref='3452' role='right' />
    <member type='relation' ref='4566' role='regulatory_element' />
    <tag k='location' v='city' />
    <tag k='one_way' v='yes' />
    <tag k='region' v='de' />
    <tag k='subtype' v='road' />
    <tag k='type' v='lanelet' />
  </relation>
  <relation id='4214' visible='true' version='1'>
    <member type='way' ref='3599' role='left' />
    <member type='way' ref='3601' role='right' />
    <tag k='location' v='city' />
    <tag k='one_way' v='yes' />
    <tag k='region' v='de' />
    <tag k='subtype' v='road' />
    <tag k='type' v='lanelet' />
  </relation>
  <relation id='4215' visible='true' version='1'>
    <member type='way' ref='4606' role='left' />
    <member type='way' ref='4607' role='right' />
    <tag k='location' v='city' />
    <tag k='one_way' v='yes' />
    <tag k='region' v='de' />
    <tag k='subtype' v='road' />
    <tag k='type' v='lanelet' />
  </relation>
  <relation id='4216' visible='true' version='1'>
    <member type='way' ref='4607' role='left' />
    <member type='way' ref='4608' role='right' />
    <tag k='location' v='city' />
    <tag k='one_way' v='yes' />
    <tag k='region' v='de' />
    <tag k='subtype' v='bicycle_lane' />
    <tag k='type' v='lanelet' />
  </relation>
  <relation id='4217' visible='true' version='1'>
    <member type='way' ref='4608' role='left' />
    <member type='way' ref='4609' role='right' />
    <tag k='location' v='city' />
    <tag k='one_way' v='no' />
    <tag k='region' v='de' />
    <tag k='subtype' v='walkway' />
    <tag k='type' v='lanelet' />
  </relation>
  <relation id='4218' visible='true' version='1'>
    <member type='way' ref='3592' role='left' />
    <member type='way' ref='3591' role='right' />
    <tag k='location' v='city' />
    <tag k='one_way' v='no' />
    <tag k='region' v='de' />
    <tag k='subtype' v='walkway' />
    <tag k='type' v='lanelet' />
  </relation>
  <relation id='4219' visible='true' version='1'>
    <member type='way' ref='3593' role='left' />
    <member type='way' ref='3592' role='right' />
    <tag k='location' v='city' />
    <tag k='one_way' v='yes' />
    <tag k='region' v='de' />
    <tag k='subtype' v='bicycle_lane' />
    <tag k='type' v='lanelet' />
  </relation>
  <relation id='4220' visible='true' version='1'>
    <member type='way' ref='3594' role='left' />
    <member type='way' ref='3593' role='right' />
    <tag k='location' v='city' />
    <tag k='one_way' v='yes' />
    <tag k='region' v='de' />
    <tag k='subtype' v='road' />
    <tag k='type' v='lanelet' />
  </relation>
  <relation id='4221' visible='true' version='1'>
    <member type='way' ref='3283' role='left' />
    <member type='way' ref='3284' role='right' />
    <tag k='location' v='city' />
    <tag k='one_way' v='yes' />
    <tag k='region' v='de' />
    <tag k='subtype' v='road' />
    <tag k='type' v='lanelet' />
  </relation>
  <relation id='4222' visible='true' version='1'>
    <member type='way' ref='3284' role='left' />
    <member type='way' ref='3285' role='right' />
    <tag k='location' v='city' />
    <tag k='one_way' v='yes' />
    <tag k='region' v='de' />
    <tag k='subtype' v='road' />
    <tag k='type' v='lanelet' />
  </relation>
  <relation id='4223' visible='true' version='1'>
    <member type='way' ref='3468' role='left' />
    <member type='way' ref='3467' role='right' />
    <tag k='location' v='city' />
    <tag k='one_way' v='yes' />
    <tag k='region' v='de' />
    <tag k='subtype' v='road' />
    <tag k='type' v='lanelet' />
  </relation>
  <relation id='4224' visible='true' version='1'>
    <member type='way' ref='3467' role='left' />
    <member type='way' ref='2911' role='right' />
    <tag k='location' v='city' />
    <tag k='one_way' v='yes' />
    <tag k='region' v='de' />
    <tag k='subtype' v='road' />
    <tag k='type' v='lanelet' />
  </relation>
  <relation id='4225' visible='true' version='1'>
    <member type='way' ref='3307' role='left' />
    <member type='way' ref='3306' role='right' />
    <tag k='location' v='city' />
    <tag k='one_way' v='yes' />
    <tag k='region' v='de' />
    <tag k='subtype' v='road' />
    <tag k='type' v='lanelet' />
  </relation>
  <relation id='4226' visible='true' version='1'>
    <member type='way' ref='3306' role='left' />
    <member type='way' ref='3466' role='right' />
    <tag k='location' v='city' />
    <tag k='one_way' v='yes' />
    <tag k='region' v='de' />
    <tag k='subtype' v='road' />
    <tag k='type' v='lanelet' />
  </relation>
  <relation id='4227' visible='true' version='1'>
    <member type='way' ref='3289' role='left' />
    <member type='way' ref='3288' role='right' />
    <tag k='location' v='city' />
    <tag k='one_way' v='yes' />
    <tag k='region' v='de' />
    <tag k='subtype' v='road' />
    <tag k='type' v='lanelet' />
  </relation>
  <relation id='4228' visible='true' version='1'>
    <member type='way' ref='3288' role='left' />
    <member type='way' ref='3305' role='right' />
    <tag k='location' v='city' />
    <tag k='one_way' v='yes' />
    <tag k='region' v='de' />
    <tag k='subtype' v='road' />
    <tag k='type' v='lanelet' />
  </relation>
  <relation id='4229' visible='true' version='1'>
    <member type='way' ref='3254' role='left' />
    <member type='way' ref='2912' role='right' />
    <member type='relation' ref='4565' role='regulatory_element' />
    <tag k='location' v='city' />
    <tag k='one_way' v='yes' />
    <tag k='region' v='de' />
    <tag k='subtype' v='road' />
    <tag k='type' v='lanelet' />
  </relation>
  <relation id='4230' visible='true' version='1'>
    <member type='way' ref='2912' role='left' />
    <member type='way' ref='3256' role='right' />
    <member type='relation' ref='4565' role='regulatory_element' />
    <tag k='location' v='city' />
    <tag k='one_way' v='yes' />
    <tag k='region' v='de' />
    <tag k='subtype' v='road' />
    <tag k='type' v='lanelet' />
  </relation>
  <relation id='4231' visible='true' version='1'>
    <member type='way' ref='2910' role='left' />
    <member type='way' ref='4619' role='right' />
    <tag k='location' v='city' />
    <tag k='one_way' v='yes' />
    <tag k='region' v='de' />
    <tag k='subtype' v='road' />
    <tag k='type' v='lanelet' />
  </relation>
  <relation id='4232' visible='true' version='1'>
    <member type='way' ref='2979' role='left' />
    <member type='way' ref='2980' role='right' />
    <tag k='location' v='city' />
    <tag k='one_way' v='yes' />
    <tag k='region' v='de' />
    <tag k='subtype' v='road' />
    <tag k='type' v='lanelet' />
  </relation>
  <relation id='4233' visible='true' version='1'>
    <member type='way' ref='3230' role='left' />
    <member type='way' ref='3232' role='right' />
    <tag k='location' v='city' />
    <tag k='one_way' v='yes' />
    <tag k='region' v='de' />
    <tag k='subtype' v='road' />
    <tag k='type' v='lanelet' />
  </relation>
  <relation id='4234' visible='true' version='1'>
    <member type='way' ref='2970' role='left' />
    <member type='way' ref='3230' role='right' />
    <tag k='location' v='city' />
    <tag k='one_way' v='yes' />
    <tag k='region' v='de' />
    <tag k='subtype' v='road' />
    <tag k='type' v='lanelet' />
  </relation>
  <relation id='4235' visible='true' version='1'>
    <member type='way' ref='2969' role='left' />
    <member type='way' ref='3229' role='right' />
    <tag k='location' v='city' />
    <tag k='one_way' v='yes' />
    <tag k='region' v='de' />
    <tag k='subtype' v='road' />
    <tag k='type' v='lanelet' />
  </relation>
  <relation id='4236' visible='true' version='1'>
    <member type='way' ref='3229' role='left' />
    <member type='way' ref='3231' role='right' />
    <tag k='location' v='city' />
    <tag k='one_way' v='yes' />
    <tag k='region' v='de' />
    <tag k='subtype' v='road' />
    <tag k='type' v='lanelet' />
  </relation>
  <relation id='4237' visible='true' version='1'>
    <member type='way' ref='3228' role='left' />
    <member type='way' ref='3221' role='right' />
    <tag k='location' v='city' />
    <tag k='one_way' v='yes' />
    <tag k='region' v='de' />
    <tag k='subtype' v='road' />
    <tag k='type' v='lanelet' />
  </relation>
  <relation id='4238' visible='true' version='1'>
    <member type='way' ref='3433' role='left' />
    <member type='way' ref='3612' role='right' />
    <tag k='location' v='city' />
    <tag k='one_way' v='yes' />
    <tag k='region' v='de' />
    <tag k='subtype' v='road' />
    <tag k='type' v='lanelet' />
  </relation>
  <relation id='4239' visible='true' version='1'>
    <member type='way' ref='3206' role='left' />
    <member type='way' ref='3226' role='right' />
    <tag k='location' v='city' />
    <tag k='one_way' v='yes' />
    <tag k='region' v='de' />
    <tag k='subtype' v='road' />
    <tag k='type' v='lanelet' />
  </relation>
  <relation id='4240' visible='true' version='1'>
    <member type='way' ref='3227' role='left' />
    <member type='way' ref='3228' role='right' />
    <tag k='location' v='city' />
    <tag k='one_way' v='yes' />
    <tag k='region' v='de' />
    <tag k='subtype' v='road' />
    <tag k='type' v='lanelet' />
  </relation>
  <relation id='4241' visible='true' version='1'>
    <member type='way' ref='3432' role='left' />
    <member type='way' ref='3433' role='right' />
    <tag k='location' v='city' />
    <tag k='one_way' v='yes' />
    <tag k='region' v='de' />
    <tag k='subtype' v='road' />
    <tag k='type' v='lanelet' />
  </relation>
  <relation id='4242' visible='true' version='1'>
    <member type='way' ref='3204' role='left' />
    <member type='way' ref='3206' role='right' />
    <tag k='location' v='city' />
    <tag k='one_way' v='yes' />
    <tag k='region' v='de' />
    <tag k='subtype' v='road' />
    <tag k='type' v='lanelet' />
  </relation>
  <relation id='4243' visible='true' version='1'>
    <member type='way' ref='3208' role='left' />
    <member type='way' ref='3209' role='right' />
    <tag k='location' v='city' />
    <tag k='one_way' v='yes' />
    <tag k='region' v='de' />
    <tag k='subtype' v='road' />
    <tag k='type' v='lanelet' />
  </relation>
  <relation id='4244' visible='true' version='1'>
    <member type='way' ref='3209' role='left' />
    <member type='way' ref='3225' role='right' />
    <tag k='location' v='city' />
    <tag k='one_way' v='yes' />
    <tag k='region' v='de' />
    <tag k='subtype' v='road' />
    <tag k='type' v='lanelet' />
  </relation>
  <relation id='4245' visible='true' version='1'>
    <member type='way' ref='2933' role='left' />
    <member type='way' ref='3205' role='right' />
    <tag k='location' v='city' />
    <tag k='one_way' v='yes' />
    <tag k='region' v='de' />
    <tag k='subtype' v='road' />
    <tag k='type' v='lanelet' />
  </relation>
  <relation id='4246' visible='true' version='1'>
    <member type='way' ref='3205' role='left' />
    <member type='way' ref='3104' role='right' />
    <tag k='location' v='city' />
    <tag k='one_way' v='yes' />
    <tag k='region' v='de' />
    <tag k='subtype' v='road' />
    <tag k='type' v='lanelet' />
  </relation>
  <relation id='4247' visible='true' version='1'>
    <member type='way' ref='3192' role='left' />
    <member type='way' ref='3196' role='right' />
    <tag k='location' v='city' />
    <tag k='one_way' v='yes' />
    <tag k='region' v='de' />
    <tag k='subtype' v='road' />
    <tag k='type' v='lanelet' />
  </relation>
  <relation id='4248' visible='true' version='1'>
    <member type='way' ref='3183' role='left' />
    <member type='way' ref='3192' role='right' />
    <tag k='location' v='city' />
    <tag k='one_way' v='yes' />
    <tag k='region' v='de' />
    <tag k='subtype' v='road' />
    <tag k='type' v='lanelet' />
  </relation>
  <relation id='4249' visible='true' version='1'>
    <member type='way' ref='3194' role='left' />
    <member type='way' ref='3183' role='right' />
    <tag k='location' v='city' />
    <tag k='one_way' v='yes' />
    <tag k='region' v='de' />
    <tag k='subtype' v='road' />
    <tag k='type' v='lanelet' />
  </relation>
  <relation id='4250' visible='true' version='1'>
    <member type='way' ref='3195' role='left' />
    <member type='way' ref='3148' role='right' />
    <tag k='location' v='city' />
    <tag k='one_way' v='yes' />
    <tag k='region' v='de' />
    <tag k='subtype' v='road' />
    <tag k='type' v='lanelet' />
  </relation>
  <relation id='4251' visible='true' version='1'>
    <member type='way' ref='3184' role='left' />
    <member type='way' ref='3195' role='right' />
    <tag k='location' v='city' />
    <tag k='one_way' v='yes' />
    <tag k='region' v='de' />
    <tag k='subtype' v='road' />
    <tag k='type' v='lanelet' />
  </relation>
  <relation id='4252' visible='true' version='1'>
    <member type='way' ref='2927' role='left' />
    <member type='way' ref='3184' role='right' />
    <member type='relation' ref='4532' role='regulatory_element' />
    <tag k='location' v='city' />
    <tag k='one_way' v='yes' />
    <tag k='region' v='de' />
    <tag k='subtype' v='road' />
    <tag k='type' v='lanelet' />
  </relation>
  <relation id='4253' visible='true' version='1'>
    <member type='way' ref='3189' role='left' />
    <member type='way' ref='3224' role='right' />
    <tag k='location' v='city' />
    <tag k='one_way' v='yes' />
    <tag k='region' v='de' />
    <tag k='subtype' v='road' />
    <tag k='type' v='lanelet' />
  </relation>
  <relation id='4254' visible='true' version='1'>
    <member type='way' ref='3224' role='left' />
    <member type='way' ref='3223' role='right' />
    <tag k='location' v='city' />
    <tag k='one_way' v='yes' />
    <tag k='region' v='de' />
    <tag k='subtype' v='road' />
    <tag k='type' v='lanelet' />
  </relation>
  <relation id='4255' visible='true' version='1'>
    <member type='way' ref='3223' role='left' />
    <member type='way' ref='3186' role='right' />
    <tag k='location' v='city' />
    <tag k='one_way' v='yes' />
    <tag k='region' v='de' />
    <tag k='subtype' v='road' />
    <tag k='type' v='lanelet' />
  </relation>
  <relation id='4256' visible='true' version='1'>
    <member type='way' ref='3188' role='left' />
    <member type='way' ref='3187' role='right' />
    <tag k='location' v='city' />
    <tag k='one_way' v='yes' />
    <tag k='region' v='de' />
    <tag k='subtype' v='road' />
    <tag k='type' v='lanelet' />
  </relation>
  <relation id='4257' visible='true' version='1'>
    <member type='way' ref='3187' role='left' />
    <member type='way' ref='3185' role='right' />
    <tag k='location' v='city' />
    <tag k='one_way' v='yes' />
    <tag k='region' v='de' />
    <tag k='subtype' v='road' />
    <tag k='type' v='lanelet' />
  </relation>
  <relation id='4258' visible='true' version='1'>
    <member type='way' ref='3146' role='left' />
    <member type='way' ref='3199' role='right' />
    <tag k='location' v='city' />
    <tag k='one_way' v='yes' />
    <tag k='region' v='de' />
    <tag k='subtype' v='road' />
    <tag k='type' v='lanelet' />
  </relation>
  <relation id='4259' visible='true' version='1'>
    <member type='way' ref='2981' role='left' />
    <member type='way' ref='2882' role='right' />
    <tag k='location' v='city' />
    <tag k='one_way' v='yes' />
    <tag k='region' v='de' />
    <tag k='subtype' v='road' />
    <tag k='type' v='lanelet' />
  </relation>
  <relation id='4260' visible='true' version='1'>
    <member type='way' ref='3145' role='left' />
    <member type='way' ref='3197' role='right' />
    <tag k='location' v='city' />
    <tag k='one_way' v='yes' />
    <tag k='region' v='de' />
    <tag k='subtype' v='road' />
    <tag k='type' v='lanelet' />
  </relation>
  <relation id='4261' visible='true' version='1'>
    <member type='way' ref='3185' role='left' />
    <member type='way' ref='3222' role='right' />
    <tag k='location' v='city' />
    <tag k='one_way' v='yes' />
    <tag k='region' v='de' />
    <tag k='subtype' v='road' />
    <tag k='type' v='lanelet' />
  </relation>
  <relation id='4262' visible='true' version='1'>
    <member type='way' ref='3389' role='left' />
    <member type='way' ref='3388' role='right' />
    <tag k='location' v='city' />
    <tag k='one_way' v='yes' />
    <tag k='region' v='de' />
    <tag k='subtype' v='bicycle_lane' />
    <tag k='type' v='lanelet' />
  </relation>
  <relation id='4263' visible='true' version='1'>
    <member type='way' ref='3621' role='left' />
    <member type='way' ref='3617' role='right' />
    <member type='relation' ref='4664' role='regulatory_element' />
    <tag k='location' v='city' />
    <tag k='one_way' v='yes' />
    <tag k='region' v='de' />
    <tag k='subtype' v='bicycle_lane' />
    <tag k='type' v='lanelet' />
  </relation>
  <relation id='4264' visible='true' version='1'>
    <member type='way' ref='3622' role='left' />
    <member type='way' ref='3623' role='right' />
    <tag k='location' v='city' />
    <tag k='one_way' v='yes' />
    <tag k='region' v='de' />
    <tag k='subtype' v='bicycle_lane' />
    <tag k='type' v='lanelet' />
  </relation>
  <relation id='4265' visible='true' version='1'>
    <member type='way' ref='3186' role='left' />
    <member type='way' ref='3198' role='right' />
    <tag k='location' v='city' />
    <tag k='one_way' v='yes' />
    <tag k='region' v='de' />
    <tag k='subtype' v='bicycle_lane' />
    <tag k='type' v='lanelet' />
  </relation>
  <relation id='4266' visible='true' version='1'>
    <member type='way' ref='3148' role='left' />
    <member type='way' ref='3431' role='right' />
    <tag k='location' v='city' />
    <tag k='one_way' v='yes' />
    <tag k='region' v='de' />
    <tag k='subtype' v='bicycle_lane' />
    <tag k='type' v='lanelet' />
  </relation>
  <relation id='4267' visible='true' version='1'>
    <member type='way' ref='3425' role='left' />
    <member type='way' ref='3426' role='right' />
    <tag k='location' v='city' />
    <tag k='one_way' v='yes' />
    <tag k='region' v='de' />
    <tag k='subtype' v='bicycle_lane' />
    <tag k='type' v='lanelet' />
  </relation>
  <relation id='4268' visible='true' version='1'>
    <member type='way' ref='3246' role='left' />
    <member type='way' ref='3430' role='right' />
    <tag k='location' v='city' />
    <tag k='one_way' v='yes' />
    <tag k='region' v='de' />
    <tag k='subtype' v='bicycle_lane' />
    <tag k='type' v='lanelet' />
  </relation>
  <relation id='4269' visible='true' version='1'>
    <member type='way' ref='3424' role='left' />
    <member type='way' ref='3423' role='right' />
    <member type='relation' ref='4536' role='regulatory_element' />
    <tag k='location' v='city' />
    <tag k='one_way' v='no' />
    <tag k='region' v='de' />
    <tag k='subtype' v='walkway' />
    <tag k='type' v='lanelet' />
  </relation>
  <relation id='4270' visible='true' version='1'>
    <member type='way' ref='4603' role='left' />
    <member type='way' ref='4602' role='right' />
    <tag k='location' v='city' />
    <tag k='one_way' v='no' />
    <tag k='region' v='de' />
    <tag k='subtype' v='walkway' />
    <tag k='type' v='lanelet' />
  </relation>
  <relation id='4271' visible='true' version='1'>
    <member type='way' ref='3210' role='left' />
    <member type='way' ref='3211' role='right' />
    <tag k='location' v='city' />
    <tag k='one_way' v='no' />
    <tag k='region' v='de' />
    <tag k='subtype' v='crosswalk' />
    <tag k='type' v='lanelet' />
  </relation>
  <relation id='4272' visible='true' version='1'>
    <member type='way' ref='3664' role='left' />
    <member type='way' ref='3396' role='right' />
    <tag k='location' v='city' />
    <tag k='one_way' v='no' />
    <tag k='region' v='de' />
    <tag k='subtype' v='walkway' />
    <tag k='type' v='lanelet' />
  </relation>
  <relation id='4273' visible='true' version='1'>
    <member type='way' ref='3167' role='left' />
    <member type='way' ref='3664' role='right' />
    <tag k='location' v='city' />
    <tag k='one_way' v='yes' />
    <tag k='region' v='de' />
    <tag k='subtype' v='bicycle_lane' />
    <tag k='type' v='lanelet' />
  </relation>
  <relation id='4274' visible='true' version='1'>
    <member type='way' ref='3630' role='left' />
    <member type='way' ref='3618' role='right' />
    <tag k='location' v='city' />
    <tag k='one_way' v='yes' />
    <tag k='region' v='de' />
    <tag k='subtype' v='bicycle_lane' />
    <tag k='type' v='lanelet' />
  </relation>
  <relation id='4275' visible='true' version='1'>
    <member type='way' ref='3411' role='left' />
    <member type='way' ref='3386' role='right' />
    <tag k='location' v='city' />
    <tag k='one_way' v='yes' />
    <tag k='region' v='de' />
    <tag k='subtype' v='bicycle_lane' />
    <tag k='type' v='lanelet' />
  </relation>
  <relation id='4276' visible='true' version='1'>
    <member type='way' ref='3616' role='left' />
    <member type='way' ref='3394' role='right' />
    <tag k='location' v='city' />
    <tag k='one_way' v='yes' />
    <tag k='region' v='de' />
    <tag k='subtype' v='bicycle_lane' />
    <tag k='type' v='lanelet' />
  </relation>
  <relation id='4277' visible='true' version='1'>
    <member type='way' ref='2972' role='left' />
    <member type='way' ref='3620' role='right' />
    <tag k='location' v='city' />
    <tag k='one_way' v='yes' />
    <tag k='region' v='de' />
    <tag k='subtype' v='bicycle_lane' />
    <tag k='type' v='lanelet' />
  </relation>
  <relation id='4278' visible='true' version='1'>
    <member type='way' ref='2985' role='left' />
    <member type='way' ref='3409' role='right' />
    <tag k='location' v='city' />
    <tag k='one_way' v='no' />
    <tag k='region' v='de' />
    <tag k='subtype' v='bicycle_lane' />
    <tag k='type' v='lanelet' />
  </relation>
  <relation id='4279' visible='true' version='1'>
    <member type='way' ref='3620' role='left' />
    <member type='way' ref='3395' role='right' />
    <tag k='location' v='city' />
    <tag k='one_way' v='no' />
    <tag k='region' v='de' />
    <tag k='subtype' v='walkway' />
    <tag k='type' v='lanelet' />
  </relation>
  <relation id='4280' visible='true' version='1'>
    <member type='way' ref='3409' role='left' />
    <member type='way' ref='3410' role='right' />
    <tag k='location' v='city' />
    <tag k='one_way' v='no' />
    <tag k='region' v='de' />
    <tag k='subtype' v='walkway' />
    <tag k='type' v='lanelet' />
  </relation>
  <relation id='4281' visible='true' version='1'>
    <member type='way' ref='3355' role='left' />
    <member type='way' ref='3354' role='right' />
    <member type='relation' ref='4548' role='regulatory_element' />
    <tag k='location' v='city' />
    <tag k='one_way' v='no' />
    <tag k='region' v='de' />
    <tag k='subtype' v='walkway' />
    <tag k='type' v='lanelet' />
  </relation>
  <relation id='4282' visible='true' version='1'>
    <member type='way' ref='3406' role='left' />
    <member type='way' ref='3408' role='right' />
    <tag k='location' v='city' />
    <tag k='one_way' v='no' />
    <tag k='region' v='de' />
    <tag k='subtype' v='walkway' />
    <tag k='type' v='lanelet' />
  </relation>
  <relation id='4283' visible='true' version='1'>
    <member type='way' ref='3405' role='left' />
    <member type='way' ref='3407' role='right' />
    <member type='relation' ref='4544' role='regulatory_element' />
    <tag k='location' v='city' />
    <tag k='one_way' v='no' />
    <tag k='region' v='de' />
    <tag k='subtype' v='walkway' />
    <tag k='type' v='lanelet' />
  </relation>
  <relation id='4284' visible='true' version='1'>
    <member type='way' ref='3629' role='left' />
    <member type='way' ref='3355' role='right' />
    <tag k='location' v='city' />
    <tag k='one_way' v='yes' />
    <tag k='region' v='de' />
    <tag k='subtype' v='bicycle_lane' />
    <tag k='type' v='lanelet' />
  </relation>
  <relation id='4285' visible='true' version='1'>
    <member type='way' ref='3404' role='left' />
    <member type='way' ref='3406' role='right' />
    <tag k='location' v='city' />
    <tag k='one_way' v='yes' />
    <tag k='region' v='de' />
    <tag k='subtype' v='bicycle_lane' />
    <tag k='type' v='lanelet' />
  </relation>
  <relation id='4286' visible='true' version='1'>
    <member type='way' ref='3403' role='left' />
    <member type='way' ref='3405' role='right' />
    <tag k='location' v='city' />
    <tag k='one_way' v='yes' />
    <tag k='region' v='de' />
    <tag k='subtype' v='bicycle_lane' />
    <tag k='type' v='lanelet' />
  </relation>
  <relation id='4287' visible='true' version='1'>
    <member type='way' ref='3624' role='left' />
    <member type='way' ref='3625' role='right' />
    <member type='relation' ref='4536' role='regulatory_element' />
    <tag k='location' v='city' />
    <tag k='one_way' v='no' />
    <tag k='region' v='de' />
    <tag k='subtype' v='walkway' />
    <tag k='type' v='lanelet' />
  </relation>
  <relation id='4288' visible='true' version='1'>
    <member type='way' ref='3633' role='left' />
    <member type='way' ref='3632' role='right' />
    <member type='relation' ref='4540' role='regulatory_element' />
    <tag k='location' v='city' />
    <tag k='one_way' v='no' />
    <tag k='region' v='de' />
    <tag k='subtype' v='walkway' />
    <tag k='type' v='lanelet' />
  </relation>
  <relation id='4289' visible='true' version='1'>
    <member type='way' ref='3382' role='left' />
    <member type='way' ref='3383' role='right' />
    <tag k='location' v='city' />
    <tag k='one_way' v='no' />
    <tag k='region' v='de' />
    <tag k='subtype' v='walkway' />
    <tag k='type' v='lanelet' />
  </relation>
  <relation id='4290' visible='true' version='1'>
    <member type='way' ref='3634' role='left' />
    <member type='way' ref='3635' role='right' />
    <member type='relation' ref='4538' role='regulatory_element' />
    <tag k='location' v='city' />
    <tag k='one_way' v='no' />
    <tag k='region' v='de' />
    <tag k='subtype' v='walkway' />
    <tag k='type' v='lanelet' />
  </relation>
  <relation id='4291' visible='true' version='1'>
    <member type='way' ref='3636' role='left' />
    <member type='way' ref='3637' role='right' />
    <tag k='location' v='city' />
    <tag k='one_way' v='no' />
    <tag k='region' v='de' />
    <tag k='subtype' v='crosswalk' />
    <tag k='type' v='lanelet' />
  </relation>
  <relation id='4292' visible='true' version='1'>
    <member type='way' ref='2977' role='left' />
    <member type='way' ref='3643' role='right' />
    <tag k='location' v='city' />
    <tag k='one_way' v='yes' />
    <tag k='region' v='de' />
    <tag k='subtype' v='bicycle_lane' />
    <tag k='type' v='lanelet' />
  </relation>
  <relation id='4293' visible='true' version='1'>
    <member type='way' ref='3178' role='left' />
    <member type='way' ref='3628' role='right' />
    <tag k='location' v='city' />
    <tag k='one_way' v='yes' />
    <tag k='region' v='de' />
    <tag k='subtype' v='bicycle_lane' />
    <tag k='type' v='lanelet' />
  </relation>
  <relation id='4294' visible='true' version='1'>
    <member type='way' ref='3154' role='left' />
    <member type='way' ref='3381' role='right' />
    <tag k='location' v='city' />
    <tag k='one_way' v='yes' />
    <tag k='region' v='de' />
    <tag k='subtype' v='bicycle_lane' />
    <tag k='type' v='lanelet' />
  </relation>
  <relation id='4295' visible='true' version='1'>
    <member type='way' ref='3379' role='left' />
    <member type='way' ref='3372' role='right' />
    <tag k='location' v='city' />
    <tag k='one_way' v='yes' />
    <tag k='region' v='de' />
    <tag k='subtype' v='bicycle_lane' />
    <tag k='type' v='lanelet' />
  </relation>
  <relation id='4296' visible='true' version='1'>
    <member type='way' ref='3369' role='left' />
    <member type='way' ref='3368' role='right' />
    <tag k='location' v='city' />
    <tag k='one_way' v='yes' />
    <tag k='region' v='de' />
    <tag k='subtype' v='bicycle_lane' />
    <tag k='type' v='lanelet' />
  </relation>
  <relation id='4297' visible='true' version='1'>
    <member type='way' ref='3627' role='left' />
    <member type='way' ref='3626' role='right' />
    <tag k='location' v='city' />
    <tag k='one_way' v='yes' />
    <tag k='region' v='de' />
    <tag k='subtype' v='bicycle_lane' />
    <tag k='type' v='lanelet' />
  </relation>
  <relation id='4298' visible='true' version='1'>
    <member type='way' ref='3207' role='left' />
    <member type='way' ref='3631' role='right' />
    <tag k='location' v='city' />
    <tag k='one_way' v='yes' />
    <tag k='region' v='de' />
    <tag k='subtype' v='bicycle_lane' />
    <tag k='type' v='lanelet' />
  </relation>
  <relation id='4299' visible='true' version='1'>
    <member type='way' ref='3149' role='left' />
    <member type='way' ref='3375' role='right' />
    <member type='relation' ref='4652' role='regulatory_element' />
    <tag k='location' v='city' />
    <tag k='one_way' v='yes' />
    <tag k='region' v='de' />
    <tag k='subtype' v='bicycle_lane' />
    <tag k='type' v='lanelet' />
  </relation>
  <relation id='4300' visible='true' version='1'>
    <member type='way' ref='3233' role='left' />
    <member type='way' ref='3380' role='right' />
    <tag k='location' v='city' />
    <tag k='one_way' v='yes' />
    <tag k='region' v='de' />
    <tag k='subtype' v='bicycle_lane' />
    <tag k='type' v='lanelet' />
  </relation>
  <relation id='4301' visible='true' version='1'>
    <member type='way' ref='3515' role='left' />
    <member type='way' ref='3611' role='right' />
    <tag k='location' v='city' />
    <tag k='one_way' v='yes' />
    <tag k='region' v='de' />
    <tag k='subtype' v='bicycle_lane' />
    <tag k='type' v='lanelet' />
  </relation>
  <relation id='4302' visible='true' version='1'>
    <member type='way' ref='3365' role='left' />
    <member type='way' ref='3364' role='right' />
    <tag k='location' v='city' />
    <tag k='one_way' v='yes' />
    <tag k='region' v='de' />
    <tag k='subtype' v='bicycle_lane' />
    <tag k='type' v='lanelet' />
  </relation>
  <relation id='4303' visible='true' version='1'>
    <member type='way' ref='3171' role='left' />
    <member type='way' ref='3877' role='right' />
    <tag k='location' v='city' />
    <tag k='one_way' v='yes' />
    <tag k='region' v='de' />
    <tag k='subtype' v='bicycle_lane' />
    <tag k='type' v='lanelet' />
  </relation>
  <relation id='4304' visible='true' version='1'>
    <member type='way' ref='3357' role='left' />
    <member type='way' ref='3878' role='right' />
    <tag k='location' v='city' />
    <tag k='one_way' v='yes' />
    <tag k='region' v='de' />
    <tag k='subtype' v='bicycle_lane' />
    <tag k='type' v='lanelet' />
  </relation>
  <relation id='4305' visible='true' version='1'>
    <member type='way' ref='3245' role='left' />
    <member type='way' ref='3879' role='right' />
    <tag k='location' v='city' />
    <tag k='one_way' v='yes' />
    <tag k='region' v='de' />
    <tag k='subtype' v='bicycle_lane' />
    <tag k='type' v='lanelet' />
  </relation>
  <relation id='4306' visible='true' version='1'>
    <member type='way' ref='3877' role='left' />
    <member type='way' ref='3873' role='right' />
    <tag k='location' v='city' />
    <tag k='one_way' v='no' />
    <tag k='region' v='de' />
    <tag k='subtype' v='walkway' />
    <tag k='type' v='lanelet' />
  </relation>
  <relation id='4307' visible='true' version='1'>
    <member type='way' ref='3878' role='left' />
    <member type='way' ref='3361' role='right' />
    <tag k='location' v='city' />
    <tag k='one_way' v='no' />
    <tag k='region' v='de' />
    <tag k='subtype' v='walkway' />
    <tag k='type' v='lanelet' />
  </relation>
  <relation id='4308' visible='true' version='1'>
    <member type='way' ref='3879' role='left' />
    <member type='way' ref='3874' role='right' />
    <tag k='location' v='city' />
    <tag k='one_way' v='no' />
    <tag k='region' v='de' />
    <tag k='subtype' v='walkway' />
    <tag k='type' v='lanelet' />
  </relation>
  <relation id='4309' visible='true' version='1'>
    <member type='way' ref='3643' role='left' />
    <member type='way' ref='3642' role='right' />
    <tag k='location' v='urban' />
    <tag k='one_way' v='no' />
    <tag k='region' v='de' />
    <tag k='subtype' v='walkway' />
    <tag k='type' v='lanelet' />
  </relation>
  <relation id='4310' visible='true' version='1'>
    <member type='way' ref='3645' role='left' />
    <member type='way' ref='3644' role='right' />
    <tag k='location' v='urban' />
    <tag k='one_way' v='no' />
    <tag k='region' v='de' />
    <tag k='subtype' v='walkway' />
    <tag k='type' v='lanelet' />
  </relation>
  <relation id='4311' visible='true' version='1'>
    <member type='way' ref='2968' role='left' />
    <member type='way' ref='3645' role='right' />
    <tag k='location' v='urban' />
    <tag k='one_way' v='yes' />
    <tag k='region' v='de' />
    <tag k='subtype' v='bicycle_lane' />
    <tag k='type' v='lanelet' />
  </relation>
  <relation id='4312' visible='true' version='1'>
    <member type='way' ref='2967' role='left' />
    <member type='way' ref='2968' role='right' />
    <tag k='location' v='urban' />
    <tag k='one_way' v='yes' />
    <tag k='region' v='de' />
    <tag k='subtype' v='road' />
    <tag k='type' v='lanelet' />
  </relation>
  <relation id='4313' visible='true' version='1'>
    <member type='way' ref='2966' role='left' />
    <member type='way' ref='2967' role='right' />
    <tag k='location' v='urban' />
    <tag k='one_way' v='yes' />
    <tag k='region' v='de' />
    <tag k='subtype' v='road' />
    <tag k='type' v='lanelet' />
  </relation>
  <relation id='4314' visible='true' version='1'>
    <member type='way' ref='2966' role='left' />
    <member type='way' ref='2934' role='right' />
    <tag k='location' v='urban' />
    <tag k='one_way' v='yes' />
    <tag k='region' v='de' />
    <tag k='subtype' v='road' />
    <tag k='type' v='lanelet' />
  </relation>
  <relation id='4315' visible='true' version='1'>
    <member type='way' ref='2934' role='left' />
    <member type='way' ref='3171' role='right' />
    <tag k='location' v='urban' />
    <tag k='one_way' v='yes' />
    <tag k='region' v='de' />
    <tag k='subtype' v='road' />
    <tag k='type' v='lanelet' />
  </relation>
  <relation id='4316' visible='true' version='1'>
    <member type='way' ref='3171' role='left' />
    <member type='way' ref='3877' role='right' />
    <tag k='location' v='urban' />
    <tag k='one_way' v='yes' />
    <tag k='region' v='de' />
    <tag k='subtype' v='bicycle_lane' />
    <tag k='type' v='lanelet' />
  </relation>
  <relation id='4317' visible='true' version='1'>
    <member type='way' ref='3877' role='left' />
    <member type='way' ref='3873' role='right' />
    <tag k='location' v='urban' />
    <tag k='one_way' v='no' />
    <tag k='region' v='de' />
    <tag k='subtype' v='walkway' />
    <tag k='type' v='lanelet' />
  </relation>
  <relation id='4318' visible='true' version='1'>
    <member type='way' ref='2971' role='left' />
    <member type='way' ref='2932' role='right' />
    <tag k='location' v='urban' />
    <tag k='one_way' v='yes' />
    <tag k='region' v='de' />
    <tag k='subtype' v='road' />
    <tag k='type' v='lanelet' />
  </relation>
  <relation id='4319' visible='true' version='1'>
    <member type='way' ref='2932' role='left' />
    <member type='way' ref='2925' role='right' />
    <tag k='location' v='urban' />
    <tag k='one_way' v='yes' />
    <tag k='region' v='de' />
    <tag k='subtype' v='road' />
    <tag k='type' v='lanelet' />
  </relation>
  <relation id='4320' visible='true' version='1'>
    <member type='way' ref='2925' role='left' />
    <member type='way' ref='2924' role='right' />
    <tag k='location' v='urban' />
    <tag k='one_way' v='yes' />
    <tag k='region' v='de' />
    <tag k='subtype' v='road' />
    <tag k='type' v='lanelet' />
  </relation>
  <relation id='4321' visible='true' version='1'>
    <member type='way' ref='2924' role='left' />
    <member type='way' ref='3651' role='right' />
    <tag k='location' v='urban' />
    <tag k='one_way' v='yes' />
    <tag k='region' v='de' />
    <tag k='subtype' v='bicycle_lane' />
    <tag k='type' v='lanelet' />
  </relation>
  <relation id='4322' visible='true' version='1'>
    <member type='way' ref='3651' role='left' />
    <member type='way' ref='3650' role='right' />
    <tag k='location' v='urban' />
    <tag k='one_way' v='no' />
    <tag k='region' v='de' />
    <tag k='subtype' v='walkway' />
    <tag k='type' v='lanelet' />
  </relation>
  <relation id='4323' visible='true' version='1'>
    <member type='way' ref='2929' role='left' />
    <member type='way' ref='2930' role='right' />
    <tag k='location' v='urban' />
    <tag k='one_way' v='yes' />
    <tag k='region' v='de' />
    <tag k='subtype' v='road' />
    <tag k='type' v='lanelet' />
  </relation>
  <relation id='4324' visible='true' version='1'>
    <member type='way' ref='2930' role='left' />
    <member type='way' ref='2931' role='right' />
    <tag k='location' v='urban' />
    <tag k='one_way' v='yes' />
    <tag k='region' v='de' />
    <tag k='subtype' v='road' />
    <tag k='type' v='lanelet' />
  </relation>
  <relation id='4325' visible='true' version='1'>
    <member type='way' ref='2931' role='left' />
    <member type='way' ref='3652' role='right' />
    <tag k='location' v='urban' />
    <tag k='one_way' v='yes' />
    <tag k='region' v='de' />
    <tag k='subtype' v='bicycle_lane' />
    <tag k='type' v='lanelet' />
  </relation>
  <relation id='4326' visible='true' version='1'>
    <member type='way' ref='3652' role='left' />
    <member type='way' ref='3653' role='right' />
    <tag k='location' v='urban' />
    <tag k='one_way' v='no' />
    <tag k='region' v='de' />
    <tag k='subtype' v='walkway' />
    <tag k='type' v='lanelet' />
  </relation>
  <relation id='4327' visible='true' version='1'>
    <member type='way' ref='2922' role='left' />
    <member type='way' ref='2923' role='right' />
    <tag k='location' v='urban' />
    <tag k='one_way' v='yes' />
    <tag k='region' v='de' />
    <tag k='subtype' v='road' />
    <tag k='type' v='lanelet' />
  </relation>
  <relation id='4328' visible='true' version='1'>
    <member type='way' ref='3656' role='left' />
    <member type='way' ref='3654' role='right' />
    <tag k='location' v='urban' />
    <tag k='one_way' v='no' />
    <tag k='region' v='de' />
    <tag k='subtype' v='walkway' />
    <tag k='type' v='lanelet' />
  </relation>
  <relation id='4329' visible='true' version='1'>
    <member type='way' ref='3797' role='left' />
    <member type='way' ref='3655' role='right' />
    <tag k='location' v='urban' />
    <tag k='one_way' v='no' />
    <tag k='region' v='de' />
    <tag k='subtype' v='walkway' />
    <tag k='type' v='lanelet' />
  </relation>
  <relation id='4330' visible='true' version='1'>
    <member type='way' ref='3665' role='left' />
    <member type='way' ref='3661' role='right' />
    <tag k='location' v='urban' />
    <tag k='one_way' v='no' />
    <tag k='region' v='de' />
    <tag k='subtype' v='walkway' />
    <tag k='type' v='lanelet' />
  </relation>
  <relation id='4331' visible='true' version='1'>
    <member type='way' ref='3136' role='left' />
    <member type='way' ref='3665' role='right' />
    <tag k='location' v='urban' />
    <tag k='one_way' v='yes' />
    <tag k='region' v='de' />
    <tag k='subtype' v='bicycle_lane' />
    <tag k='type' v='lanelet' />
  </relation>
  <relation id='4332' visible='true' version='1'>
    <member type='way' ref='3139' role='left' />
    <member type='way' ref='3136' role='right' />
    <tag k='location' v='urban' />
    <tag k='one_way' v='yes' />
    <tag k='region' v='de' />
    <tag k='subtype' v='road' />
    <tag k='type' v='lanelet' />
  </relation>
  <relation id='4333' visible='true' version='1'>
    <member type='way' ref='3140' role='left' />
    <member type='way' ref='3139' role='right' />
    <tag k='location' v='urban' />
    <tag k='one_way' v='yes' />
    <tag k='region' v='de' />
    <tag k='subtype' v='road' />
    <tag k='type' v='lanelet' />
  </relation>
  <relation id='4334' visible='true' version='1'>
    <member type='way' ref='2937' role='left' />
    <member type='way' ref='3140' role='right' />
    <tag k='location' v='urban' />
    <tag k='one_way' v='yes' />
    <tag k='region' v='de' />
    <tag k='subtype' v='road' />
    <tag k='type' v='lanelet' />
  </relation>
  <relation id='4335' visible='true' version='1'>
    <member type='way' ref='3658' role='left' />
    <member type='way' ref='3657' role='right' />
    <tag k='location' v='urban' />
    <tag k='one_way' v='yes' />
    <tag k='region' v='de' />
    <tag k='subtype' v='walkway' />
    <tag k='type' v='lanelet' />
  </relation>
  <relation id='4336' visible='true' version='1'>
    <member type='way' ref='3659' role='left' />
    <member type='way' ref='3658' role='right' />
    <tag k='location' v='urban' />
    <tag k='one_way' v='yes' />
    <tag k='region' v='de' />
    <tag k='subtype' v='bicycle_lane' />
    <tag k='type' v='lanelet' />
  </relation>
  <relation id='4337' visible='true' version='1'>
    <member type='way' ref='2945' role='left' />
    <member type='way' ref='3659' role='right' />
    <tag k='location' v='urban' />
    <tag k='one_way' v='yes' />
    <tag k='region' v='de' />
    <tag k='subtype' v='road' />
    <tag k='type' v='lanelet' />
  </relation>
  <relation id='4338' visible='true' version='1'>
    <member type='way' ref='2941' role='left' />
    <member type='way' ref='2945' role='right' />
    <tag k='location' v='urban' />
    <tag k='one_way' v='yes' />
    <tag k='region' v='de' />
    <tag k='subtype' v='road' />
    <tag k='type' v='lanelet' />
  </relation>
  <relation id='4339' visible='true' version='1'>
    <member type='way' ref='2939' role='left' />
    <member type='way' ref='2941' role='right' />
    <tag k='location' v='urban' />
    <tag k='one_way' v='yes' />
    <tag k='region' v='de' />
    <tag k='subtype' v='road' />
    <tag k='type' v='lanelet' />
  </relation>
  <relation id='4340' visible='true' version='1'>
    <member type='way' ref='3667' role='left' />
    <member type='way' ref='3662' role='right' />
    <tag k='location' v='urban' />
    <tag k='one_way' v='no' />
    <tag k='region' v='de' />
    <tag k='subtype' v='walkway' />
    <tag k='type' v='lanelet' />
  </relation>
  <relation id='4341' visible='true' version='1'>
    <member type='way' ref='3133' role='left' />
    <member type='way' ref='3667' role='right' />
    <tag k='location' v='urban' />
    <tag k='one_way' v='yes' />
    <tag k='region' v='de' />
    <tag k='subtype' v='bicycle_lane' />
    <tag k='type' v='lanelet' />
  </relation>
  <relation id='4342' visible='true' version='1'>
    <member type='way' ref='3134' role='left' />
    <member type='way' ref='3133' role='right' />
    <tag k='location' v='urban' />
    <tag k='one_way' v='yes' />
    <tag k='region' v='de' />
    <tag k='subtype' v='road' />
    <tag k='type' v='lanelet' />
  </relation>
  <relation id='4343' visible='true' version='1'>
    <member type='way' ref='3135' role='left' />
    <member type='way' ref='3134' role='right' />
    <tag k='location' v='urban' />
    <tag k='one_way' v='yes' />
    <tag k='region' v='de' />
    <tag k='subtype' v='road' />
    <tag k='type' v='lanelet' />
  </relation>
  <relation id='4344' visible='true' version='1'>
    <member type='way' ref='3666' role='left' />
    <member type='way' ref='3663' role='right' />
    <tag k='location' v='urban' />
    <tag k='one_way' v='no' />
    <tag k='region' v='de' />
    <tag k='subtype' v='walkway' />
    <tag k='type' v='lanelet' />
  </relation>
  <relation id='4345' visible='true' version='1'>
    <member type='way' ref='3717' role='left' />
    <member type='way' ref='3666' role='right' />
    <tag k='location' v='urban' />
    <tag k='one_way' v='yes' />
    <tag k='region' v='de' />
    <tag k='subtype' v='bicycle_lane' />
    <tag k='type' v='lanelet' />
  </relation>
  <relation id='4346' visible='true' version='1'>
    <member type='way' ref='3718' role='left' />
    <member type='way' ref='3717' role='right' />
    <tag k='location' v='urban' />
    <tag k='one_way' v='yes' />
    <tag k='region' v='de' />
    <tag k='subtype' v='road' />
    <tag k='type' v='lanelet' />
  </relation>
  <relation id='4347' visible='true' version='1'>
    <member type='way' ref='3719' role='left' />
    <member type='way' ref='3718' role='right' />
    <tag k='location' v='urban' />
    <tag k='one_way' v='yes' />
    <tag k='region' v='de' />
    <tag k='subtype' v='road' />
    <tag k='type' v='lanelet' />
  </relation>
  <relation id='4348' visible='true' version='1'>
    <member type='way' ref='2940' role='left' />
    <member type='way' ref='3719' role='right' />
    <tag k='location' v='urban' />
    <tag k='one_way' v='yes' />
    <tag k='region' v='de' />
    <tag k='subtype' v='road' />
    <tag k='type' v='lanelet' />
  </relation>
  <relation id='4349' visible='true' version='1'>
    <member type='way' ref='3150' role='left' />
    <member type='way' ref='3708' role='right' />
    <tag k='location' v='urban' />
    <tag k='one_way' v='yes' />
    <tag k='region' v='de' />
    <tag k='subtype' v='road' />
    <tag k='type' v='lanelet' />
  </relation>
  <relation id='4350' visible='true' version='1'>
    <member type='way' ref='3734' role='left' />
    <member type='way' ref='3733' role='right' />
    <tag k='location' v='urban' />
    <tag k='one_way' v='no' />
    <tag k='region' v='de' />
    <tag k='subtype' v='walkway' />
    <tag k='type' v='lanelet' />
  </relation>
  <relation id='4351' visible='true' version='1'>
    <member type='way' ref='3714' role='left' />
    <member type='way' ref='3707' role='right' />
    <tag k='location' v='urban' />
    <tag k='one_way' v='yes' />
    <tag k='region' v='de' />
    <tag k='subtype' v='walkway' />
    <tag k='type' v='lanelet' />
  </relation>
  <relation id='4352' visible='true' version='1'>
    <member type='way' ref='3795' role='left' />
    <member type='way' ref='3796' role='right' />
    <tag k='location' v='urban' />
    <tag k='one_way' v='no' />
    <tag k='region' v='de' />
    <tag k='subtype' v='walkway' />
    <tag k='type' v='lanelet' />
  </relation>
  <relation id='4353' visible='true' version='1'>
    <member type='way' ref='2956' role='left' />
    <member type='way' ref='3669' role='right' />
    <tag k='location' v='urban' />
    <tag k='one_way' v='yes' />
    <tag k='region' v='de' />
    <tag k='subtype' v='bicycle_lane' />
    <tag k='type' v='lanelet' />
  </relation>
  <relation id='4354' visible='true' version='1'>
    <member type='way' ref='2959' role='left' />
    <member type='way' ref='2961' role='right' />
    <tag k='location' v='urban' />
    <tag k='one_way' v='yes' />
    <tag k='region' v='de' />
    <tag k='subtype' v='road' />
    <tag k='type' v='lanelet' />
  </relation>
  <relation id='4355' visible='true' version='1'>
    <member type='way' ref='2961' role='left' />
    <member type='way' ref='2962' role='right' />
    <tag k='location' v='urban' />
    <tag k='one_way' v='yes' />
    <tag k='region' v='de' />
    <tag k='subtype' v='road' />
    <tag k='type' v='lanelet' />
  </relation>
  <relation id='4356' visible='true' version='1'>
    <member type='way' ref='2962' role='left' />
    <member type='way' ref='3083' role='right' />
    <tag k='location' v='urban' />
    <tag k='one_way' v='yes' />
    <tag k='region' v='de' />
    <tag k='subtype' v='road' />
    <tag k='type' v='lanelet' />
  </relation>
  <relation id='4357' visible='true' version='1'>
    <member type='way' ref='3794' role='left' />
    <member type='way' ref='3793' role='right' />
    <tag k='location' v='urban' />
    <tag k='one_way' v='no' />
    <tag k='region' v='de' />
    <tag k='subtype' v='walkway' />
    <tag k='type' v='lanelet' />
  </relation>
  <relation id='4358' visible='true' version='1'>
    <member type='way' ref='3778' role='left' />
    <member type='way' ref='3670' role='right' />
    <tag k='location' v='urban' />
    <tag k='one_way' v='yes' />
    <tag k='region' v='de' />
    <tag k='subtype' v='walkway' />
    <tag k='type' v='lanelet' />
  </relation>
  <relation id='4359' visible='true' version='1'>
    <member type='way' ref='3083' role='left' />
    <member type='way' ref='3674' role='right' />
    <tag k='location' v='urban' />
    <tag k='one_way' v='yes' />
    <tag k='region' v='de' />
    <tag k='subtype' v='bicycle_lane' />
    <tag k='type' v='lanelet' />
  </relation>
  <relation id='4360' visible='true' version='1'>
    <member type='way' ref='3674' role='left' />
    <member type='way' ref='3673' role='right' />
    <tag k='location' v='urban' />
    <tag k='one_way' v='no' />
    <tag k='region' v='de' />
    <tag k='subtype' v='walkway' />
    <tag k='type' v='lanelet' />
  </relation>
  <relation id='4361' visible='true' version='1'>
    <member type='way' ref='3672' role='left' />
    <member type='way' ref='3671' role='right' />
    <tag k='location' v='urban' />
    <tag k='one_way' v='no' />
    <tag k='region' v='de' />
    <tag k='subtype' v='walkway' />
    <tag k='type' v='lanelet' />
  </relation>
  <relation id='4362' visible='true' version='1'>
    <member type='way' ref='3857' role='left' />
    <member type='way' ref='3856' role='right' />
    <tag k='location' v='urban' />
    <tag k='one_way' v='no' />
    <tag k='region' v='de' />
    <tag k='subtype' v='walkway' />
    <tag k='type' v='lanelet' />
  </relation>
  <relation id='4363' visible='true' version='1'>
    <member type='way' ref='2896' role='left' />
    <member type='way' ref='3857' role='right' />
    <tag k='location' v='urban' />
    <tag k='one_way' v='yes' />
    <tag k='region' v='de' />
    <tag k='subtype' v='bicycle_lane' />
    <tag k='type' v='lanelet' />
  </relation>
  <relation id='4364' visible='true' version='1'>
    <member type='way' ref='2895' role='left' />
    <member type='way' ref='2896' role='right' />
    <tag k='location' v='urban' />
    <tag k='one_way' v='yes' />
    <tag k='region' v='de' />
    <tag k='subtype' v='road' />
    <tag k='type' v='lanelet' />
  </relation>
  <relation id='4365' visible='true' version='1'>
    <member type='way' ref='2884' role='left' />
    <member type='way' ref='2895' role='right' />
    <tag k='location' v='urban' />
    <tag k='one_way' v='yes' />
    <tag k='region' v='de' />
    <tag k='subtype' v='road' />
    <tag k='type' v='lanelet' />
  </relation>
  <relation id='4366' visible='true' version='1'>
    <member type='way' ref='2884' role='left' />
    <member type='way' ref='2883' role='right' />
    <tag k='location' v='urban' />
    <tag k='one_way' v='yes' />
    <tag k='region' v='de' />
    <tag k='subtype' v='road' />
    <tag k='type' v='lanelet' />
  </relation>
  <relation id='4367' visible='true' version='1'>
    <member type='way' ref='2883' role='left' />
    <member type='way' ref='2909' role='right' />
    <tag k='location' v='urban' />
    <tag k='one_way' v='yes' />
    <tag k='region' v='de' />
    <tag k='subtype' v='road' />
    <tag k='type' v='lanelet' />
  </relation>
  <relation id='4368' visible='true' version='1'>
    <member type='way' ref='2909' role='left' />
    <member type='way' ref='3680' role='right' />
    <tag k='location' v='urban' />
    <tag k='one_way' v='yes' />
    <tag k='region' v='de' />
    <tag k='subtype' v='bicycle_lane' />
    <tag k='type' v='lanelet' />
  </relation>
  <relation id='4369' visible='true' version='1'>
    <member type='way' ref='3680' role='left' />
    <member type='way' ref='3681' role='right' />
    <tag k='location' v='urban' />
    <tag k='one_way' v='no' />
    <tag k='region' v='de' />
    <tag k='subtype' v='walkway' />
    <tag k='type' v='lanelet' />
  </relation>
  <relation id='4370' visible='true' version='1'>
    <member type='way' ref='2886' role='left' />
    <member type='way' ref='3692' role='right' />
    <tag k='location' v='urban' />
    <tag k='one_way' v='yes' />
    <tag k='region' v='de' />
    <tag k='subtype' v='road' />
    <tag k='type' v='lanelet' />
  </relation>
  <relation id='4371' visible='true' version='1'>
    <member type='way' ref='3692' role='left' />
    <member type='way' ref='3691' role='right' />
    <tag k='location' v='urban' />
    <tag k='one_way' v='yes' />
    <tag k='region' v='de' />
    <tag k='subtype' v='road' />
    <tag k='type' v='lanelet' />
  </relation>
  <relation id='4372' visible='true' version='1'>
    <member type='way' ref='3691' role='left' />
    <member type='way' ref='3804' role='right' />
    <tag k='location' v='urban' />
    <tag k='one_way' v='yes' />
    <tag k='region' v='de' />
    <tag k='subtype' v='bicycle_lane' />
    <tag k='type' v='lanelet' />
  </relation>
  <relation id='4373' visible='true' version='1'>
    <member type='way' ref='3804' role='left' />
    <member type='way' ref='3682' role='right' />
    <tag k='location' v='urban' />
    <tag k='one_way' v='no' />
    <tag k='region' v='de' />
    <tag k='subtype' v='walkway' />
    <tag k='type' v='lanelet' />
  </relation>
  <relation id='4374' visible='true' version='1'>
    <member type='way' ref='3683' role='left' />
    <member type='way' ref='3684' role='right' />
    <tag k='location' v='urban' />
    <tag k='one_way' v='no' />
    <tag k='region' v='de' />
    <tag k='subtype' v='walkway' />
    <tag k='type' v='lanelet' />
  </relation>
  <relation id='4375' visible='true' version='1'>
    <member type='way' ref='2919' role='left' />
    <member type='way' ref='3683' role='right' />
    <tag k='location' v='urban' />
    <tag k='one_way' v='yes' />
    <tag k='region' v='de' />
    <tag k='subtype' v='bicycle_lane' />
    <tag k='type' v='lanelet' />
  </relation>
  <relation id='4376' visible='true' version='1'>
    <member type='way' ref='2918' role='left' />
    <member type='way' ref='2919' role='right' />
    <tag k='location' v='urban' />
    <tag k='one_way' v='yes' />
    <tag k='region' v='de' />
    <tag k='subtype' v='road' />
    <tag k='type' v='lanelet' />
  </relation>
  <relation id='4377' visible='true' version='1'>
    <member type='way' ref='2917' role='left' />
    <member type='way' ref='2918' role='right' />
    <tag k='location' v='urban' />
    <tag k='one_way' v='yes' />
    <tag k='region' v='de' />
    <tag k='subtype' v='road' />
    <tag k='type' v='lanelet' />
  </relation>
  <relation id='4378' visible='true' version='1'>
    <member type='way' ref='2889' role='left' />
    <member type='way' ref='2917' role='right' />
    <tag k='location' v='urban' />
    <tag k='one_way' v='yes' />
    <tag k='region' v='de' />
    <tag k='subtype' v='road' />
    <tag k='type' v='lanelet' />
  </relation>
  <relation id='4379' visible='true' version='1'>
    <member type='way' ref='3685' role='left' />
    <member type='way' ref='3686' role='right' />
    <tag k='location' v='urban' />
    <tag k='one_way' v='yes' />
    <tag k='region' v='de' />
    <tag k='subtype' v='walkway' />
    <tag k='type' v='lanelet' />
  </relation>
  <relation id='4380' visible='true' version='1'>
    <member type='way' ref='2893' role='left' />
    <member type='way' ref='3685' role='right' />
    <tag k='location' v='urban' />
    <tag k='one_way' v='yes' />
    <tag k='region' v='de' />
    <tag k='subtype' v='bicycle_lane' />
    <tag k='type' v='lanelet' />
  </relation>
  <relation id='4381' visible='true' version='1'>
    <member type='way' ref='3689' role='left' />
    <member type='way' ref='3690' role='right' />
    <tag k='location' v='urban' />
    <tag k='one_way' v='no' />
    <tag k='region' v='de' />
    <tag k='subtype' v='walkway' />
    <tag k='type' v='lanelet' />
  </relation>
  <relation id='4382' visible='true' version='1'>
    <member type='way' ref='3129' role='left' />
    <member type='way' ref='3689' role='right' />
    <tag k='location' v='urban' />
    <tag k='one_way' v='yes' />
    <tag k='region' v='de' />
    <tag k='subtype' v='bicycle_lane' />
    <tag k='type' v='lanelet' />
  </relation>
  <relation id='4383' visible='true' version='1'>
    <member type='way' ref='3688' role='left' />
    <member type='way' ref='3687' role='right' />
    <tag k='location' v='urban' />
    <tag k='one_way' v='no' />
    <tag k='region' v='de' />
    <tag k='subtype' v='walkway' />
    <tag k='type' v='lanelet' />
  </relation>
  <relation id='4384' visible='true' version='1'>
    <member type='way' ref='3043' role='left' />
    <member type='way' ref='3688' role='right' />
    <member type='relation' ref='4656' role='regulatory_element' />
    <tag k='location' v='urban' />
    <tag k='one_way' v='yes' />
    <tag k='region' v='de' />
    <tag k='subtype' v='bicycle_lane' />
    <tag k='type' v='lanelet' />
  </relation>
  <relation id='4385' visible='true' version='1'>
    <member type='way' ref='2892' role='left' />
    <member type='way' ref='2893' role='right' />
    <tag k='location' v='urban' />
    <tag k='one_way' v='yes' />
    <tag k='region' v='de' />
    <tag k='subtype' v='road' />
    <tag k='type' v='lanelet' />
  </relation>
  <relation id='4386' visible='true' version='1'>
    <member type='way' ref='2891' role='left' />
    <member type='way' ref='2892' role='right' />
    <tag k='location' v='urban' />
    <tag k='one_way' v='yes' />
    <tag k='region' v='de' />
    <tag k='subtype' v='road' />
    <tag k='type' v='lanelet' />
  </relation>
  <relation id='4387' visible='true' version='1'>
    <member type='way' ref='3046' role='left' />
    <member type='way' ref='2891' role='right' />
    <tag k='location' v='urban' />
    <tag k='one_way' v='yes' />
    <tag k='region' v='de' />
    <tag k='subtype' v='road' />
    <tag k='type' v='lanelet' />
  </relation>
  <relation id='4388' visible='true' version='1'>
    <member type='way' ref='2887' role='left' />
    <member type='way' ref='3696' role='right' />
    <tag k='location' v='urban' />
    <tag k='one_way' v='yes' />
    <tag k='region' v='de' />
    <tag k='subtype' v='road' />
    <tag k='type' v='lanelet' />
  </relation>
  <relation id='4389' visible='true' version='1'>
    <member type='way' ref='3696' role='left' />
    <member type='way' ref='3695' role='right' />
    <tag k='location' v='urban' />
    <tag k='one_way' v='yes' />
    <tag k='region' v='de' />
    <tag k='subtype' v='road' />
    <tag k='type' v='lanelet' />
  </relation>
  <relation id='4390' visible='true' version='1'>
    <member type='way' ref='3695' role='left' />
    <member type='way' ref='3694' role='right' />
    <tag k='location' v='urban' />
    <tag k='one_way' v='yes' />
    <tag k='region' v='de' />
    <tag k='subtype' v='bicycle_lane' />
    <tag k='type' v='lanelet' />
  </relation>
  <relation id='4391' visible='true' version='1'>
    <member type='way' ref='3694' role='left' />
    <member type='way' ref='3693' role='right' />
    <tag k='location' v='urban' />
    <tag k='one_way' v='no' />
    <tag k='region' v='de' />
    <tag k='subtype' v='walkway' />
    <tag k='type' v='lanelet' />
  </relation>
  <relation id='4392' visible='true' version='1'>
    <member type='way' ref='2888' role='left' />
    <member type='way' ref='2920' role='right' />
    <tag k='location' v='urban' />
    <tag k='one_way' v='yes' />
    <tag k='region' v='de' />
    <tag k='subtype' v='road' />
    <tag k='type' v='lanelet' />
  </relation>
  <relation id='4393' visible='true' version='1'>
    <member type='way' ref='2920' role='left' />
    <member type='way' ref='2921' role='right' />
    <tag k='location' v='urban' />
    <tag k='one_way' v='yes' />
    <tag k='region' v='de' />
    <tag k='subtype' v='road' />
    <tag k='type' v='lanelet' />
  </relation>
  <relation id='4394' visible='true' version='1'>
    <member type='way' ref='2921' role='left' />
    <member type='way' ref='3698' role='right' />
    <tag k='location' v='urban' />
    <tag k='one_way' v='yes' />
    <tag k='region' v='de' />
    <tag k='subtype' v='bicycle_lane' />
    <tag k='type' v='lanelet' />
  </relation>
  <relation id='4395' visible='true' version='1'>
    <member type='way' ref='3698' role='left' />
    <member type='way' ref='3697' role='right' />
    <tag k='location' v='urban' />
    <tag k='one_way' v='yes' />
    <tag k='region' v='de' />
    <tag k='subtype' v='walkway' />
    <tag k='type' v='lanelet' />
  </relation>
  <relation id='4396' visible='true' version='1'>
    <member type='way' ref='3762' role='left' />
    <member type='way' ref='3806' role='right' />
    <tag k='location' v='urban' />
    <tag k='one_way' v='no' />
    <tag k='region' v='de' />
    <tag k='subtype' v='walkway' />
    <tag k='type' v='lanelet' />
  </relation>
  <relation id='4397' visible='true' version='1'>
    <member type='way' ref='3113' role='left' />
    <member type='way' ref='3759' role='right' />
    <tag k='location' v='urban' />
    <tag k='one_way' v='no' />
    <tag k='region' v='de' />
    <tag k='subtype' v='walkway' />
    <tag k='type' v='lanelet' />
  </relation>
  <relation id='4398' visible='true' version='1'>
    <member type='way' ref='2965' role='left' />
    <member type='way' ref='3699' role='right' />
    <tag k='location' v='urban' />
    <tag k='one_way' v='no' />
    <tag k='region' v='de' />
    <tag k='subtype' v='walkway' />
    <tag k='type' v='lanelet' />
  </relation>
  <relation id='4399' visible='true' version='1'>
    <member type='way' ref='2951' role='left' />
    <member type='way' ref='2965' role='right' />
    <tag k='location' v='urban' />
    <tag k='one_way' v='yes' />
    <tag k='region' v='de' />
    <tag k='subtype' v='bicycle_lane' />
    <tag k='type' v='lanelet' />
  </relation>
  <relation id='4400' visible='true' version='1'>
    <member type='way' ref='2950' role='left' />
    <member type='way' ref='2951' role='right' />
    <tag k='location' v='urban' />
    <tag k='one_way' v='yes' />
    <tag k='region' v='de' />
    <tag k='subtype' v='road' />
    <tag k='type' v='lanelet' />
  </relation>
  <relation id='4401' visible='true' version='1'>
    <member type='way' ref='2949' role='left' />
    <member type='way' ref='2950' role='right' />
    <tag k='location' v='urban' />
    <tag k='one_way' v='yes' />
    <tag k='region' v='de' />
    <tag k='subtype' v='road' />
    <tag k='type' v='lanelet' />
  </relation>
  <relation id='4402' visible='true' version='1'>
    <member type='way' ref='2948' role='left' />
    <member type='way' ref='2949' role='right' />
    <tag k='location' v='urban' />
    <tag k='one_way' v='yes' />
    <tag k='region' v='de' />
    <tag k='subtype' v='road' />
    <tag k='type' v='lanelet' />
  </relation>
  <relation id='4403' visible='true' version='1'>
    <member type='way' ref='3052' role='left' />
    <member type='way' ref='3051' role='right' />
    <tag k='location' v='urban' />
    <tag k='one_way' v='yes' />
    <tag k='region' v='de' />
    <tag k='subtype' v='road' />
    <tag k='type' v='lanelet' />
  </relation>
  <relation id='4404' visible='true' version='1'>
    <member type='way' ref='3018' role='left' />
    <member type='way' ref='3056' role='right' />
    <tag k='location' v='urban' />
    <tag k='one_way' v='yes' />
    <tag k='region' v='de' />
    <tag k='subtype' v='road' />
    <tag k='type' v='lanelet' />
  </relation>
  <relation id='4405' visible='true' version='1'>
    <member type='way' ref='3092' role='left' />
    <member type='way' ref='3091' role='right' />
    <tag k='location' v='urban' />
    <tag k='one_way' v='yes' />
    <tag k='region' v='de' />
    <tag k='subtype' v='road' />
    <tag k='type' v='lanelet' />
  </relation>
  <relation id='4406' visible='true' version='1'>
    <member type='way' ref='3095' role='left' />
    <member type='way' ref='3096' role='right' />
    <tag k='location' v='urban' />
    <tag k='one_way' v='yes' />
    <tag k='region' v='de' />
    <tag k='subtype' v='road' />
    <tag k='type' v='lanelet' />
  </relation>
  <relation id='4407' visible='true' version='1'>
    <member type='way' ref='3118' role='left' />
    <member type='way' ref='3117' role='right' />
    <tag k='location' v='urban' />
    <tag k='one_way' v='yes' />
    <tag k='region' v='de' />
    <tag k='subtype' v='road' />
    <tag k='type' v='lanelet' />
  </relation>
  <relation id='4408' visible='true' version='1'>
    <member type='way' ref='3093' role='left' />
    <member type='way' ref='3092' role='right' />
    <tag k='location' v='urban' />
    <tag k='one_way' v='yes' />
    <tag k='region' v='de' />
    <tag k='subtype' v='road' />
    <tag k='type' v='lanelet' />
  </relation>
  <relation id='4409' visible='true' version='1'>
    <member type='way' ref='3094' role='left' />
    <member type='way' ref='3095' role='right' />
    <tag k='location' v='urban' />
    <tag k='one_way' v='yes' />
    <tag k='region' v='de' />
    <tag k='subtype' v='road' />
    <tag k='type' v='lanelet' />
  </relation>
  <relation id='4410' visible='true' version='1'>
    <member type='way' ref='3119' role='left' />
    <member type='way' ref='3118' role='right' />
    <tag k='location' v='urban' />
    <tag k='one_way' v='yes' />
    <tag k='region' v='de' />
    <tag k='subtype' v='road' />
    <tag k='type' v='lanelet' />
  </relation>
  <relation id='4411' visible='true' version='1'>
    <member type='way' ref='3003' role='left' />
    <member type='way' ref='3029' role='right' />
    <tag k='location' v='urban' />
    <tag k='one_way' v='yes' />
    <tag k='region' v='de' />
    <tag k='subtype' v='road' />
    <tag k='type' v='lanelet' />
  </relation>
  <relation id='4412' visible='true' version='1'>
    <member type='way' ref='3022' role='left' />
    <member type='way' ref='3023' role='right' />
    <tag k='location' v='urban' />
    <tag k='one_way' v='yes' />
    <tag k='region' v='de' />
    <tag k='subtype' v='road' />
    <tag k='type' v='lanelet' />
  </relation>
  <relation id='4413' visible='true' version='1'>
    <member type='way' ref='3090' role='left' />
    <member type='way' ref='3027' role='right' />
    <tag k='location' v='urban' />
    <tag k='one_way' v='yes' />
    <tag k='region' v='de' />
    <tag k='subtype' v='road' />
    <tag k='type' v='lanelet' />
  </relation>
  <relation id='4414' visible='true' version='1'>
    <member type='way' ref='3068' role='left' />
    <member type='way' ref='3070' role='right' />
    <tag k='location' v='urban' />
    <tag k='one_way' v='yes' />
    <tag k='region' v='de' />
    <tag k='subtype' v='road' />
    <tag k='type' v='lanelet' />
  </relation>
  <relation id='4415' visible='true' version='1'>
    <member type='way' ref='3065' role='left' />
    <member type='way' ref='3068' role='right' />
    <tag k='location' v='urban' />
    <tag k='one_way' v='yes' />
    <tag k='region' v='de' />
    <tag k='subtype' v='road' />
    <tag k='type' v='lanelet' />
  </relation>
  <relation id='4416' visible='true' version='1'>
    <member type='way' ref='3010' role='left' />
    <member type='way' ref='3065' role='right' />
    <tag k='location' v='urban' />
    <tag k='one_way' v='yes' />
    <tag k='region' v='de' />
    <tag k='subtype' v='road' />
    <tag k='type' v='lanelet' />
  </relation>
  <relation id='4417' visible='true' version='1'>
    <member type='way' ref='3067' role='left' />
    <member type='way' ref='3069' role='right' />
    <tag k='location' v='urban' />
    <tag k='one_way' v='yes' />
    <tag k='region' v='de' />
    <tag k='subtype' v='road' />
    <tag k='type' v='lanelet' />
  </relation>
  <relation id='4418' visible='true' version='1'>
    <member type='way' ref='3066' role='left' />
    <member type='way' ref='3067' role='right' />
    <tag k='location' v='urban' />
    <tag k='one_way' v='yes' />
    <tag k='region' v='de' />
    <tag k='subtype' v='road' />
    <tag k='type' v='lanelet' />
  </relation>
  <relation id='4419' visible='true' version='1'>
    <member type='way' ref='3064' role='left' />
    <member type='way' ref='3066' role='right' />
    <tag k='location' v='urban' />
    <tag k='one_way' v='yes' />
    <tag k='region' v='de' />
    <tag k='subtype' v='road' />
    <tag k='type' v='lanelet' />
  </relation>
  <relation id='4420' visible='true' version='1'>
    <member type='way' ref='3114' role='left' />
    <member type='way' ref='3112' role='right' />
    <member type='relation' ref='4529' role='regulatory_element' />
    <tag k='location' v='urban' />
    <tag k='one_way' v='yes' />
    <tag k='region' v='de' />
    <tag k='subtype' v='road' />
    <tag k='type' v='lanelet' />
  </relation>
  <relation id='4421' visible='true' version='1'>
    <member type='way' ref='3115' role='left' />
    <member type='way' ref='3114' role='right' />
    <member type='relation' ref='4529' role='regulatory_element' />
    <tag k='location' v='urban' />
    <tag k='one_way' v='yes' />
    <tag k='region' v='de' />
    <tag k='subtype' v='road' />
    <tag k='type' v='lanelet' />
  </relation>
  <relation id='4422' visible='true' version='1'>
    <member type='way' ref='3116' role='left' />
    <member type='way' ref='3115' role='right' />
    <member type='relation' ref='4529' role='regulatory_element' />
    <tag k='location' v='urban' />
    <tag k='one_way' v='yes' />
    <tag k='region' v='de' />
    <tag k='subtype' v='road' />
    <tag k='type' v='lanelet' />
  </relation>
  <relation id='4423' visible='true' version='1'>
    <member type='way' ref='2928' role='left' />
    <member type='way' ref='2926' role='right' />
    <tag k='location' v='urban' />
    <tag k='one_way' v='yes' />
    <tag k='region' v='de' />
    <tag k='subtype' v='road' />
    <tag k='type' v='lanelet' />
  </relation>
  <relation id='4424' visible='true' version='1'>
    <member type='way' ref='2935' role='left' />
    <member type='way' ref='3728' role='right' />
    <tag k='location' v='urban' />
    <tag k='one_way' v='yes' />
    <tag k='region' v='de' />
    <tag k='subtype' v='road' />
    <tag k='type' v='lanelet' />
  </relation>
  <relation id='4425' visible='true' version='1'>
    <member type='way' ref='3012' role='left' />
    <member type='way' ref='3018' role='right' />
    <tag k='location' v='urban' />
    <tag k='one_way' v='yes' />
    <tag k='region' v='de' />
    <tag k='subtype' v='road' />
    <tag k='type' v='lanelet' />
  </relation>
  <relation id='4426' visible='true' version='1'>
    <member type='way' ref='3014' role='left' />
    <member type='way' ref='3013' role='right' />
    <tag k='location' v='urban' />
    <tag k='one_way' v='yes' />
    <tag k='region' v='de' />
    <tag k='subtype' v='road' />
    <tag k='type' v='lanelet' />
  </relation>
  <relation id='4427' visible='true' version='1'>
    <member type='way' ref='3011' role='left' />
    <member type='way' ref='3007' role='right' />
    <tag k='location' v='urban' />
    <tag k='one_way' v='yes' />
    <tag k='region' v='de' />
    <tag k='subtype' v='road' />
    <tag k='type' v='lanelet' />
  </relation>
  <relation id='4428' visible='true' version='1'>
    <member type='way' ref='3106' role='left' />
    <member type='way' ref='3015' role='right' />
    <tag k='location' v='urban' />
    <tag k='one_way' v='yes' />
    <tag k='region' v='de' />
    <tag k='subtype' v='road' />
    <tag k='type' v='lanelet' />
  </relation>
  <relation id='4429' visible='true' version='1'>
    <member type='way' ref='3337' role='left' />
    <member type='way' ref='3338' role='right' />
    <tag k='location' v='urban' />
    <tag k='one_way' v='yes' />
    <tag k='region' v='de' />
    <tag k='subtype' v='road' />
    <tag k='type' v='lanelet' />
  </relation>
  <relation id='4430' visible='true' version='1'>
    <member type='way' ref='3335' role='left' />
    <member type='way' ref='3336' role='right' />
    <tag k='location' v='urban' />
    <tag k='one_way' v='yes' />
    <tag k='region' v='de' />
    <tag k='subtype' v='road' />
    <tag k='type' v='lanelet' />
  </relation>
  <relation id='4431' visible='true' version='1'>
    <member type='way' ref='3701' role='left' />
    <member type='way' ref='3702' role='right' />
    <tag k='location' v='urban' />
    <tag k='one_way' v='yes' />
    <tag k='region' v='de' />
    <tag k='subtype' v='road' />
    <tag k='type' v='lanelet' />
  </relation>
  <relation id='4432' visible='true' version='1'>
    <member type='way' ref='3025' role='left' />
    <member type='way' ref='3077' role='right' />
    <tag k='location' v='urban' />
    <tag k='one_way' v='yes' />
    <tag k='region' v='de' />
    <tag k='subtype' v='road' />
    <tag k='type' v='lanelet' />
  </relation>
  <relation id='4433' visible='true' version='1'>
    <member type='way' ref='2915' role='left' />
    <member type='way' ref='2916' role='right' />
    <tag k='location' v='urban' />
    <tag k='one_way' v='yes' />
    <tag k='region' v='de' />
    <tag k='subtype' v='road' />
    <tag k='type' v='lanelet' />
  </relation>
  <relation id='4434' visible='true' version='1'>
    <member type='way' ref='3049' role='left' />
    <member type='way' ref='3050' role='right' />
    <tag k='location' v='urban' />
    <tag k='one_way' v='yes' />
    <tag k='region' v='de' />
    <tag k='subtype' v='road' />
    <tag k='type' v='lanelet' />
  </relation>
  <relation id='4435' visible='true' version='1'>
    <member type='way' ref='3338' role='left' />
    <member type='way' ref='3824' role='right' />
    <tag k='location' v='urban' />
    <tag k='one_way' v='yes' />
    <tag k='region' v='de' />
    <tag k='subtype' v='road' />
    <tag k='type' v='lanelet' />
  </relation>
  <relation id='4436' visible='true' version='1'>
    <member type='way' ref='3336' role='left' />
    <member type='way' ref='3340' role='right' />
    <tag k='location' v='urban' />
    <tag k='one_way' v='yes' />
    <tag k='region' v='de' />
    <tag k='subtype' v='road' />
    <tag k='type' v='lanelet' />
  </relation>
  <relation id='4437' visible='true' version='1'>
    <member type='way' ref='3702' role='left' />
    <member type='way' ref='3784' role='right' />
    <tag k='location' v='urban' />
    <tag k='one_way' v='yes' />
    <tag k='region' v='de' />
    <tag k='subtype' v='road' />
    <tag k='type' v='lanelet' />
  </relation>
  <relation id='4438' visible='true' version='1'>
    <member type='way' ref='3077' role='left' />
    <member type='way' ref='3076' role='right' />
    <tag k='location' v='urban' />
    <tag k='one_way' v='yes' />
    <tag k='region' v='de' />
    <tag k='subtype' v='road' />
    <tag k='type' v='lanelet' />
  </relation>
  <relation id='4439' visible='true' version='1'>
    <member type='way' ref='3005' role='left' />
    <member type='way' ref='3081' role='right' />
    <tag k='location' v='urban' />
    <tag k='one_way' v='yes' />
    <tag k='region' v='de' />
    <tag k='subtype' v='road' />
    <tag k='type' v='lanelet' />
  </relation>
  <relation id='4440' visible='true' version='1'>
    <member type='way' ref='3081' role='left' />
    <member type='way' ref='3078' role='right' />
    <tag k='location' v='urban' />
    <tag k='one_way' v='yes' />
    <tag k='region' v='de' />
    <tag k='subtype' v='road' />
    <tag k='type' v='lanelet' />
  </relation>
  <relation id='4441' visible='true' version='1'>
    <member type='way' ref='3078' role='left' />
    <member type='way' ref='2995' role='right' />
    <tag k='location' v='urban' />
    <tag k='one_way' v='yes' />
    <tag k='region' v='de' />
    <tag k='subtype' v='road' />
    <tag k='type' v='lanelet' />
  </relation>
  <relation id='4442' visible='true' version='1'>
    <member type='way' ref='3030' role='left' />
    <member type='way' ref='3781' role='right' />
    <tag k='location' v='urban' />
    <tag k='one_way' v='yes' />
    <tag k='region' v='de' />
    <tag k='subtype' v='road' />
    <tag k='type' v='lanelet' />
  </relation>
  <relation id='4443' visible='true' version='1'>
    <member type='way' ref='3782' role='left' />
    <member type='way' ref='3085' role='right' />
    <tag k='location' v='urban' />
    <tag k='one_way' v='yes' />
    <tag k='region' v='de' />
    <tag k='subtype' v='road' />
    <tag k='type' v='lanelet' />
  </relation>
  <relation id='4444' visible='true' version='1'>
    <member type='way' ref='3101' role='left' />
    <member type='way' ref='3100' role='right' />
    <tag k='location' v='urban' />
    <tag k='one_way' v='yes' />
    <tag k='region' v='de' />
    <tag k='subtype' v='road' />
    <tag k='type' v='lanelet' />
  </relation>
  <relation id='4445' visible='true' version='1'>
    <member type='way' ref='3706' role='left' />
    <member type='way' ref='3740' role='right' />
    <tag k='location' v='urban' />
    <tag k='one_way' v='yes' />
    <tag k='region' v='de' />
    <tag k='subtype' v='road' />
    <tag k='type' v='lanelet' />
  </relation>
  <relation id='4446' visible='true' version='1'>
    <member type='way' ref='3061' role='left' />
    <member type='way' ref='3060' role='right' />
    <tag k='location' v='urban' />
    <tag k='one_way' v='yes' />
    <tag k='region' v='de' />
    <tag k='subtype' v='road' />
    <tag k='type' v='lanelet' />
  </relation>
  <relation id='4447' visible='true' version='1'>
    <member type='way' ref='3036' role='left' />
    <member type='way' ref='3058' role='right' />
    <tag k='location' v='urban' />
    <tag k='one_way' v='yes' />
    <tag k='region' v='de' />
    <tag k='subtype' v='road' />
    <tag k='type' v='lanelet' />
  </relation>
  <relation id='4448' visible='true' version='1'>
    <member type='way' ref='3033' role='left' />
    <member type='way' ref='3036' role='right' />
    <tag k='location' v='urban' />
    <tag k='one_way' v='yes' />
    <tag k='region' v='de' />
    <tag k='subtype' v='road' />
    <tag k='type' v='lanelet' />
  </relation>
  <relation id='4449' visible='true' version='1'>
    <member type='way' ref='3812' role='left' />
    <member type='way' ref='3033' role='right' />
    <tag k='location' v='urban' />
    <tag k='one_way' v='yes' />
    <tag k='region' v='de' />
    <tag k='subtype' v='road' />
    <tag k='type' v='lanelet' />
  </relation>
  <relation id='4450' visible='true' version='1'>
    <member type='way' ref='3034' role='left' />
    <member type='way' ref='3035' role='right' />
    <tag k='location' v='urban' />
    <tag k='one_way' v='yes' />
    <tag k='region' v='de' />
    <tag k='subtype' v='road' />
    <tag k='type' v='lanelet' />
  </relation>
  <relation id='4451' visible='true' version='1'>
    <member type='way' ref='3716' role='left' />
    <member type='way' ref='3034' role='right' />
    <tag k='location' v='urban' />
    <tag k='one_way' v='yes' />
    <tag k='region' v='de' />
    <tag k='subtype' v='road' />
    <tag k='type' v='lanelet' />
  </relation>
  <relation id='4452' visible='true' version='1'>
    <member type='way' ref='3028' role='left' />
    <member type='way' ref='3073' role='right' />
    <tag k='location' v='urban' />
    <tag k='one_way' v='yes' />
    <tag k='region' v='de' />
    <tag k='subtype' v='road' />
    <tag k='type' v='lanelet' />
  </relation>
  <relation id='4453' visible='true' version='1'>
    <member type='way' ref='3063' role='left' />
    <member type='way' ref='3062' role='right' />
    <tag k='location' v='urban' />
    <tag k='one_way' v='yes' />
    <tag k='region' v='de' />
    <tag k='subtype' v='road' />
    <tag k='type' v='lanelet' />
  </relation>
  <relation id='4454' visible='true' version='1'>
    <member type='way' ref='3035' role='left' />
    <member type='way' ref='3059' role='right' />
    <tag k='location' v='urban' />
    <tag k='one_way' v='yes' />
    <tag k='region' v='de' />
    <tag k='subtype' v='road' />
    <tag k='type' v='lanelet' />
  </relation>
  <relation id='4455' visible='true' version='1'>
    <member type='way' ref='2944' role='left' />
    <member type='way' ref='3150' role='right' />
    <tag k='location' v='urban' />
    <tag k='one_way' v='yes' />
    <tag k='region' v='de' />
    <tag k='subtype' v='bicycle_lane' />
    <tag k='type' v='lanelet' />
  </relation>
  <relation id='4456' visible='true' version='1'>
    <member type='way' ref='2946' role='left' />
    <member type='way' ref='2944' role='right' />
    <tag k='location' v='urban' />
    <tag k='one_way' v='yes' />
    <tag k='region' v='de' />
    <tag k='subtype' v='road' />
    <tag k='type' v='lanelet' />
  </relation>
  <relation id='4457' visible='true' version='1'>
    <member type='way' ref='2947' role='left' />
    <member type='way' ref='2946' role='right' />
    <tag k='location' v='urban' />
    <tag k='one_way' v='yes' />
    <tag k='region' v='de' />
    <tag k='subtype' v='road' />
    <tag k='type' v='lanelet' />
  </relation>
  <relation id='4458' visible='true' version='1'>
    <member type='way' ref='2936' role='left' />
    <member type='way' ref='2947' role='right' />
    <tag k='location' v='urban' />
    <tag k='one_way' v='yes' />
    <tag k='region' v='de' />
    <tag k='subtype' v='road' />
    <tag k='type' v='lanelet' />
  </relation>
  <relation id='4459' visible='true' version='1'>
    <member type='way' ref='4624' role='left' />
    <member type='way' ref='3734' role='right' />
    <tag k='location' v='urban' />
    <tag k='one_way' v='yes' />
    <tag k='region' v='de' />
    <tag k='subtype' v='bicycle_lane' />
    <tag k='type' v='lanelet' />
  </relation>
  <relation id='4460' visible='true' version='1'>
    <member type='way' ref='3709' role='left' />
    <member type='way' ref='3713' role='right' />
    <tag k='location' v='urban' />
    <tag k='one_way' v='yes' />
    <tag k='region' v='de' />
    <tag k='subtype' v='bicycle_lane' />
    <tag k='type' v='lanelet' />
  </relation>
  <relation id='4461' visible='true' version='1'>
    <member type='way' ref='3712' role='left' />
    <member type='way' ref='3709' role='right' />
    <tag k='location' v='urban' />
    <tag k='one_way' v='yes' />
    <tag k='region' v='de' />
    <tag k='subtype' v='road' />
    <tag k='type' v='lanelet' />
  </relation>
  <relation id='4462' visible='true' version='1'>
    <member type='way' ref='3711' role='left' />
    <member type='way' ref='3712' role='right' />
    <tag k='location' v='urban' />
    <tag k='one_way' v='yes' />
    <tag k='region' v='de' />
    <tag k='subtype' v='road' />
    <tag k='type' v='lanelet' />
  </relation>
  <relation id='4463' visible='true' version='1'>
    <member type='way' ref='3710' role='left' />
    <member type='way' ref='3711' role='right' />
    <tag k='location' v='urban' />
    <tag k='one_way' v='yes' />
    <tag k='region' v='de' />
    <tag k='subtype' v='road' />
    <tag k='type' v='lanelet' />
  </relation>
  <relation id='4464' visible='true' version='1'>
    <member type='way' ref='3107' role='left' />
    <member type='way' ref='3715' role='right' />
    <tag k='location' v='urban' />
    <tag k='one_way' v='yes' />
    <tag k='region' v='de' />
    <tag k='subtype' v='bicycle_lane' />
    <tag k='type' v='lanelet' />
  </relation>
  <relation id='4465' visible='true' version='1'>
    <member type='way' ref='3108' role='left' />
    <member type='way' ref='3107' role='right' />
    <member type='relation' ref='4551' role='regulatory_element' />
    <tag k='location' v='urban' />
    <tag k='one_way' v='yes' />
    <tag k='region' v='de' />
    <tag k='subtype' v='road' />
    <tag k='type' v='lanelet' />
  </relation>
  <relation id='4466' visible='true' version='1'>
    <member type='way' ref='3109' role='left' />
    <member type='way' ref='3108' role='right' />
    <member type='relation' ref='4551' role='regulatory_element' />
    <tag k='location' v='urban' />
    <tag k='one_way' v='yes' />
    <tag k='region' v='de' />
    <tag k='subtype' v='road' />
    <tag k='type' v='lanelet' />
  </relation>
  <relation id='4467' visible='true' version='1'>
    <member type='way' ref='3110' role='left' />
    <member type='way' ref='3109' role='right' />
    <member type='relation' ref='4551' role='regulatory_element' />
    <tag k='location' v='urban' />
    <tag k='one_way' v='yes' />
    <tag k='region' v='de' />
    <tag k='subtype' v='road' />
    <tag k='type' v='lanelet' />
  </relation>
  <relation id='4468' visible='true' version='1'>
    <member type='way' ref='2958' role='left' />
    <member type='way' ref='2957' role='right' />
    <tag k='location' v='urban' />
    <tag k='one_way' v='yes' />
    <tag k='region' v='de' />
    <tag k='subtype' v='road' />
    <tag k='type' v='lanelet' />
  </relation>
  <relation id='4469' visible='true' version='1'>
    <member type='way' ref='3721' role='left' />
    <member type='way' ref='3040' role='right' />
    <tag k='location' v='urban' />
    <tag k='one_way' v='yes' />
    <tag k='region' v='de' />
    <tag k='subtype' v='road' />
    <tag k='type' v='lanelet' />
  </relation>
  <relation id='4470' visible='true' version='1'>
    <member type='way' ref='3722' role='left' />
    <member type='way' ref='3725' role='right' />
    <tag k='location' v='urban' />
    <tag k='one_way' v='yes' />
    <tag k='region' v='de' />
    <tag k='subtype' v='road' />
    <tag k='type' v='lanelet' />
  </relation>
  <relation id='4471' visible='true' version='1'>
    <member type='way' ref='3723' role='left' />
    <member type='way' ref='3726' role='right' />
    <tag k='location' v='urban' />
    <tag k='one_way' v='yes' />
    <tag k='region' v='de' />
    <tag k='subtype' v='road' />
    <tag k='type' v='lanelet' />
  </relation>
  <relation id='4472' visible='true' version='1'>
    <member type='way' ref='3021' role='left' />
    <member type='way' ref='3727' role='right' />
    <tag k='location' v='urban' />
    <tag k='one_way' v='yes' />
    <tag k='region' v='de' />
    <tag k='subtype' v='road' />
    <tag k='type' v='lanelet' />
  </relation>
  <relation id='4473' visible='true' version='1'>
    <member type='way' ref='3019' role='left' />
    <member type='way' ref='3020' role='right' />
    <tag k='location' v='urban' />
    <tag k='one_way' v='yes' />
    <tag k='region' v='de' />
    <tag k='subtype' v='road' />
    <tag k='type' v='lanelet' />
  </relation>
  <relation id='4474' visible='true' version='1'>
    <member type='way' ref='2999' role='left' />
    <member type='way' ref='3041' role='right' />
    <tag k='location' v='urban' />
    <tag k='one_way' v='yes' />
    <tag k='region' v='de' />
    <tag k='subtype' v='road' />
    <tag k='type' v='lanelet' />
  </relation>
  <relation id='4475' visible='true' version='1'>
    <member type='way' ref='3746' role='outer' />
    <member type='way' ref='2963' role='outer' />
    <member type='way' ref='3736' role='outer' />
    <member type='way' ref='3325' role='outer' />
    <member type='way' ref='3732' role='outer' />
    <member type='way' ref='3731' role='outer' />
    <tag k='region' v='de' />
    <tag k='subtype' v='shared_walkway' />
    <tag k='type' v='multipolygon' />
  </relation>
  <relation id='4476' visible='true' version='1'>
    <member type='way' ref='3060' role='outer' />
    <member type='way' ref='3739' role='outer' />
    <member type='way' ref='3738' role='outer' />
    <member type='way' ref='3748' role='outer' />
    <member type='way' ref='3737' role='outer' />
    <member type='relation' ref='4655' role='regulatory_element' />
    <tag k='region' v='de' />
    <tag k='subtype' v='bicycle_lane' />
    <tag k='type' v='multipolygon' />
  </relation>
  <relation id='4477' visible='true' version='1'>
    <member type='way' ref='2952' role='outer' />
    <member type='way' ref='3088' role='outer' />
    <member type='way' ref='3064' role='outer' />
    <member type='way' ref='3116' role='outer' />
    <member type='way' ref='2948' role='outer' />
    <member type='way' ref='3649' role='outer' />
    <tag k='region' v='de' />
    <tag k='subtype' v='vegetation' />
    <tag k='type' v='multipolygon' />
  </relation>
  <relation id='4478' visible='true' version='1'>
    <member type='way' ref='3038' role='outer' />
    <member type='way' ref='3037' role='outer' />
    <member type='way' ref='2996' role='outer' />
    <member type='way' ref='3019' role='outer' />
    <tag k='subtype' v='traffic_island' />
    <tag k='type' v='multipolygon' />
  </relation>
  <relation id='4479' visible='true' version='1'>
    <member type='way' ref='3070' role='outer' />
    <member type='way' ref='3817' role='outer' />
    <member type='way' ref='3776' role='outer' />
    <member type='way' ref='3772' role='outer' />
    <member type='way' ref='3774' role='outer' />
    <member type='way' ref='3769' role='outer' />
    <member type='relation' ref='4659' role='regulatory_element' />
    <tag k='region' v='de' />
    <tag k='subtype' v='bicycle_lane' />
    <tag k='type' v='multipolygon' />
  </relation>
  <relation id='4480' visible='true' version='1'>
    <member type='way' ref='3704' role='outer' />
    <member type='way' ref='3014' role='outer' />
    <member type='way' ref='3006' role='outer' />
    <member type='way' ref='3703' role='outer' />
    <tag k='subtype' v='traffic_island' />
    <tag k='type' v='multipolygon' />
  </relation>
  <relation id='4481' visible='true' version='1'>
    <member type='way' ref='3105' role='outer' />
    <member type='way' ref='3003' role='outer' />
    <member type='way' ref='3002' role='outer' />
    <member type='way' ref='3106' role='outer' />
    <tag k='subtype' v='traffic_island' />
    <tag k='type' v='multipolygon' />
  </relation>
  <relation id='4482' visible='true' version='1'>
    <member type='way' ref='3648' role='outer' />
    <member type='way' ref='2958' role='outer' />
    <member type='way' ref='2960' role='outer' />
    <member type='way' ref='3082' role='outer' />
    <member type='way' ref='3126' role='outer' />
    <member type='way' ref='2959' role='outer' />
    <tag k='subtype' v='traffic_island' />
    <tag k='type' v='multipolygon' />
  </relation>
  <relation id='4483' visible='true' version='1'>
    <member type='way' ref='2936' role='outer' />
    <member type='way' ref='2938' role='outer' />
    <member type='way' ref='2937' role='outer' />
    <member type='way' ref='3180' role='outer' />
    <member type='way' ref='3437' role='outer' />
    <member type='way' ref='3141' role='outer' />
    <member type='way' ref='3074' role='outer' />
    <member type='way' ref='3194' role='outer' />
    <member type='way' ref='2927' role='outer' />
    <member type='way' ref='3189' role='outer' />
    <member type='way' ref='3188' role='outer' />
    <member type='way' ref='2971' role='outer' />
    <member type='way' ref='2929' role='outer' />
    <member type='way' ref='2928' role='outer' />
    <member type='way' ref='2935' role='outer' />
    <member type='way' ref='3008' role='outer' />
    <member type='way' ref='3716' role='outer' />
    <member type='way' ref='3110' role='outer' />
    <member type='way' ref='3710' role='outer' />
    <tag k='region' v='de' />
    <tag k='subtype' v='vegetation' />
    <tag k='type' v='multipolygon' />
  </relation>
  <relation id='4484' visible='true' version='1'>
    <member type='way' ref='3755' role='outer' />
    <member type='way' ref='3756' role='outer' />
    <member type='way' ref='3757' role='outer' />
    <member type='way' ref='3053' role='outer' />
    <tag k='subtype' v='traffic_island' />
    <tag k='type' v='multipolygon' />
  </relation>
  <relation id='4485' visible='true' version='1'>
    <member type='way' ref='3751' role='outer' />
    <member type='way' ref='3805' role='outer' />
    <member type='way' ref='3798' role='outer' />
    <member type='way' ref='3323' role='outer' />
    <member type='way' ref='3054' role='outer' />
    <member type='way' ref='3750' role='outer' />
    <member type='way' ref='3768' role='outer' />
    <member type='way' ref='3803' role='outer' />
    <member type='way' ref='3754' role='outer' />
    <member type='way' ref='3802' role='outer' />
    <member type='way' ref='3800' role='outer' />
    <tag k='region' v='de' />
    <tag k='subtype' v='shared_walkway' />
    <tag k='type' v='multipolygon' />
  </relation>
  <relation id='4486' visible='true' version='1'>
    <member type='way' ref='3225' role='outer' />
    <member type='way' ref='3365' role='outer' />
    <member type='way' ref='3359' role='outer' />
    <member type='way' ref='3366' role='outer' />
    <tag k='subtype' v='traffic_island' />
    <tag k='type' v='multipolygon' />
  </relation>
  <relation id='4487' visible='true' version='1'>
    <member type='way' ref='3364' role='outer' />
    <member type='way' ref='3612' role='outer' />
    <member type='way' ref='3534' role='outer' />
    <member type='way' ref='3358' role='outer' />
    <tag k='subtype' v='traffic_island' />
    <tag k='type' v='multipolygon' />
  </relation>
  <relation id='4488' visible='true' version='1'>
    <member type='way' ref='3089' role='outer' />
    <member type='way' ref='3017' role='outer' />
    <member type='way' ref='3009' role='outer' />
    <member type='way' ref='3090' role='outer' />
    <tag k='subtype' v='traffic_island' />
    <tag k='type' v='multipolygon' />
  </relation>
  <relation id='4489' visible='true' version='1'>
    <member type='way' ref='3864' role='outer' />
    <member type='way' ref='3887' role='outer' />
    <member type='way' ref='3580' role='outer' />
    <member type='way' ref='3297' role='outer' />
    <tag k='region' v='de' />
    <tag k='subtype' v='shared_walkway' />
    <tag k='type' v='multipolygon' />
  </relation>
  <relation id='4490' visible='true' version='1'>
    <member type='way' ref='2890' role='outer' />
    <member type='way' ref='2889' role='outer' />
    <member type='way' ref='2888' role='outer' />
    <tag k='region' v='de' />
    <tag k='subtype' v='keepout' />
    <tag k='type' v='multipolygon' />
  </relation>
  <relation id='4491' visible='true' version='1'>
    <member type='way' ref='3381' role='outer' />
    <member type='way' ref='3172' role='outer' />
    <member type='way' ref='3173' role='outer' />
    <member type='way' ref='3376' role='outer' />
    <member type='way' ref='3375' role='outer' />
    <member type='way' ref='3374' role='outer' />
    <member type='way' ref='3373' role='outer' />
    <tag k='region' v='de' />
    <tag k='subtype' v='walkway' />
    <tag k='type' v='multipolygon' />
  </relation>
  <relation id='4492' visible='true' version='1'>
    <member type='way' ref='3048' role='outer' />
    <member type='way' ref='3047' role='outer' />
    <member type='way' ref='3132' role='outer' />
    <member type='way' ref='3046' role='outer' />
    <member type='way' ref='2890' role='outer' />
    <member type='way' ref='2885' role='outer' />
    <tag k='subtype' v='traffic_island' />
    <tag k='type' v='multipolygon' />
  </relation>
  <relation id='4493' visible='true' version='1'>
    <member type='way' ref='3863' role='outer' />
    <member type='way' ref='3885' role='outer' />
    <member type='way' ref='3579' role='outer' />
    <member type='way' ref='3887' role='outer' />
    <tag k='region' v='de' />
    <tag k='subtype' v='walkway' />
    <tag k='type' v='multipolygon' />
  </relation>
  <relation id='4494' visible='true' version='1'>
    <member type='way' ref='3198' role='outer' />
    <member type='way' ref='3431' role='outer' />
    <member type='way' ref='3426' role='outer' />
    <member type='way' ref='3430' role='outer' />
    <member type='way' ref='2981' role='outer' />
    <tag k='region' v='de' />
    <tag k='subtype' v='walkway' />
    <tag k='type' v='multipolygon' />
  </relation>
  <relation id='4495' visible='true' version='1'>
    <member type='way' ref='3618' role='outer' />
    <member type='way' ref='3392' role='outer' />
    <member type='way' ref='3660' role='outer' />
    <member type='way' ref='3393' role='outer' />
    <member type='way' ref='3394' role='outer' />
    <member type='way' ref='3399' role='outer' />
    <member type='way' ref='3391' role='outer' />
    <member type='way' ref='3619' role='outer' />
    <tag k='region' v='de' />
    <tag k='subtype' v='walkway' />
    <tag k='type' v='multipolygon' />
  </relation>
  <relation id='4496' visible='true' version='1'>
    <member type='way' ref='3587' role='outer' />
    <member type='way' ref='3261' role='outer' />
    <member type='way' ref='3843' role='outer' />
    <member type='way' ref='3589' role='outer' />
    <tag k='region' v='de' />
    <tag k='subtype' v='shared_walkway' />
    <tag k='type' v='multipolygon' />
  </relation>
  <relation id='4497' visible='true' version='1'>
    <member type='way' ref='3588' role='outer' />
    <member type='way' ref='3589' role='outer' />
    <member type='way' ref='3845' role='outer' />
    <member type='way' ref='3844' role='outer' />
    <tag k='region' v='de' />
    <tag k='subtype' v='walkway' />
    <tag k='type' v='multipolygon' />
  </relation>
  <relation id='4498' visible='true' version='1'>
    <member type='way' ref='3390' role='outer' />
    <member type='way' ref='3615' role='outer' />
    <member type='way' ref='3613' role='outer' />
    <member type='way' ref='3387' role='outer' />
    <member type='way' ref='3614' role='outer' />
    <member type='way' ref='3530' role='outer' />
    <member type='way' ref='3385' role='outer' />
    <tag k='region' v='de' />
    <tag k='subtype' v='bicycle_lane' />
    <tag k='type' v='multipolygon' />
  </relation>
  <relation id='4499' visible='true' version='1'>
    <member type='way' ref='3529' role='outer' />
    <member type='way' ref='3639' role='outer' />
    <member type='way' ref='3641' role='outer' />
    <member type='way' ref='3638' role='outer' />
    <member type='way' ref='3518' role='outer' />
    <member type='way' ref='3519' role='outer' />
    <tag k='region' v='de' />
    <tag k='subtype' v='walkway' />
    <tag k='type' v='multipolygon' />
  </relation>
  <relation id='4500' visible='true' version='1'>
    <member type='way' ref='3893' role='outer' />
    <member type='way' ref='3461' role='outer' />
    <member type='way' ref='3322' role='outer' />
    <member type='way' ref='3881' role='outer' />
    <member type='way' ref='3344' role='outer' />
    <member type='way' ref='3882' role='outer' />
    <tag k='region' v='de' />
    <tag k='subtype' v='walkway' />
    <tag k='type' v='multipolygon' />
  </relation>
  <relation id='4501' visible='true' version='1'>
    <member type='way' ref='3578' role='outer' />
    <member type='way' ref='3296' role='outer' />
    <member type='way' ref='3850' role='outer' />
    <member type='way' ref='3582' role='outer' />
    <tag k='region' v='de' />
    <tag k='subtype' v='shared_walkway' />
    <tag k='type' v='multipolygon' />
  </relation>
  <relation id='4502' visible='true' version='1'>
    <member type='way' ref='3240' role='outer' />
    <member type='way' ref='3160' role='outer' />
    <member type='way' ref='3397' role='outer' />
    <member type='way' ref='3616' role='outer' />
    <tag k='subtype' v='traffic_island' />
    <tag k='type' v='multipolygon' />
  </relation>
  <relation id='4503' visible='true' version='1'>
    <member type='way' ref='3596' role='outer' />
    <member type='way' ref='3609' role='outer' />
    <member type='way' ref='3608' role='outer' />
    <member type='way' ref='3610' role='outer' />
    <member type='way' ref='3607' role='outer' />
    <tag k='region' v='de' />
    <tag k='subtype' v='walkway' />
    <tag k='type' v='multipolygon' />
  </relation>
  <relation id='4504' visible='true' version='1'>
    <member type='way' ref='3586' role='outer' />
    <member type='way' ref='3585' role='outer' />
    <member type='way' ref='3574' role='outer' />
    <member type='way' ref='3826' role='outer' />
    <member type='way' ref='3311' role='outer' />
    <tag k='region' v='de' />
    <tag k='subtype' v='vegetation' />
    <tag k='type' v='multipolygon' />
  </relation>
  <relation id='4505' visible='true' version='1'>
    <member type='way' ref='3852' role='outer' />
    <member type='way' ref='3836' role='outer' />
    <member type='way' ref='3573' role='outer' />
    <member type='way' ref='3318' role='outer' />
    <member type='way' ref='3853' role='outer' />
    <member type='way' ref='3582' role='outer' />
    <member type='way' ref='3851' role='outer' />
    <member type='way' ref='3581' role='outer' />
    <tag k='region' v='de' />
    <tag k='subtype' v='walkway' />
    <tag k='type' v='multipolygon' />
  </relation>
  <relation id='4506' visible='true' version='1'>
    <member type='way' ref='2938' role='outer' />
    <member type='way' ref='2940' role='outer' />
    <member type='way' ref='3135' role='outer' />
    <member type='way' ref='2939' role='outer' />
    <tag k='region' v='de' />
    <tag k='subtype' v='keepout' />
    <tag k='type' v='multipolygon' />
  </relation>
  <relation id='4507' visible='true' version='1'>
    <member type='way' ref='3281' role='outer' />
    <member type='way' ref='3466' role='outer' />
    <member type='way' ref='2911' role='outer' />
    <member type='way' ref='3282' role='outer' />
    <member type='way' ref='3267' role='outer' />
    <member type='way' ref='3841' role='outer' />
    <member type='way' ref='3265' role='outer' />
    <member type='way' ref='3842' role='outer' />
    <member type='way' ref='3477' role='outer' />
    <member type='way' ref='3253' role='outer' />
    <tag k='region' v='de' />
    <tag k='subtype' v='shared_walkway' />
    <tag k='type' v='multipolygon' />
  </relation>
  <relation id='4508' visible='true' version='1'>
    <member type='way' ref='3158' role='outer' />
    <member type='way' ref='3389' role='outer' />
    <member type='way' ref='3615' role='outer' />
    <tag k='subtype' v='traffic_island' />
    <tag k='type' v='multipolygon' />
  </relation>
  <relation id='4509' visible='true' version='1'>
    <member type='way' ref='3341' role='outer' />
    <member type='way' ref='3459' role='outer' />
    <member type='way' ref='3457' role='outer' />
    <member type='way' ref='3460' role='outer' />
    <tag k='region' v='de' />
    <tag k='subtype' v='walkway' />
    <tag k='type' v='multipolygon' />
  </relation>
  <relation id='4510' visible='true' version='1'>
    <member type='way' ref='3231' role='outer' />
    <member type='way' ref='3232' role='outer' />
    <member type='way' ref='3357' role='outer' />
    <member type='way' ref='3363' role='outer' />
    <tag k='subtype' v='traffic_island' />
    <tag k='type' v='multipolygon' />
  </relation>
  <relation id='4511' visible='true' version='1'>
    <member type='way' ref='3848' role='outer' />
    <member type='way' ref='3826' role='outer' />
    <member type='way' ref='3869' role='outer' />
    <member type='way' ref='3867' role='outer' />
    <member type='way' ref='3847' role='outer' />
    <tag k='region' v='de' />
    <tag k='subtype' v='walkway' />
    <tag k='type' v='multipolygon' />
  </relation>
  <relation id='4512' visible='true' version='1'>
    <member type='way' ref='3415' role='outer' />
    <member type='way' ref='2882' role='outer' />
    <member type='way' ref='3418' role='outer' />
    <member type='way' ref='3420' role='outer' />
    <member type='way' ref='3749' role='outer' />
    <member type='way' ref='3422' role='outer' />
    <tag k='region' v='de' />
    <tag k='subtype' v='walkway' />
    <tag k='type' v='multipolygon' />
  </relation>
  <relation id='4513' visible='true' version='1'>
    <member type='way' ref='2998' role='outer' />
    <member type='way' ref='3767' role='outer' />
    <member type='way' ref='3768' role='outer' />
    <member type='way' ref='3750' role='outer' />
    <member type='relation' ref='4653' role='regulatory_element' />
    <tag k='region' v='de' />
    <tag k='subtype' v='bicycle_lane' />
    <tag k='type' v='multipolygon' />
  </relation>
  <relation id='4514' visible='true' version='1'>
    <member type='way' ref='3196' role='outer' />
    <member type='way' ref='2987' role='outer' />
    <member type='way' ref='3428' role='outer' />
    <member type='way' ref='3427' role='outer' />
    <tag k='region' v='de' />
    <tag k='subtype' v='bicycle_lane' />
    <tag k='type' v='multipolygon' />
  </relation>
  <relation id='4515' visible='true' version='1'>
    <member type='way' ref='3147' role='outer' />
    <member type='way' ref='3421' role='outer' />
    <member type='way' ref='3418' role='outer' />
    <member type='way' ref='3201' role='outer' />
    <member type='way' ref='2983' role='outer' />
    <tag k='region' v='de' />
    <tag k='subtype' v='bicycle_lane' />
    <tag k='type' v='multipolygon' />
  </relation>
  <relation id='4516' visible='true' version='1'>
    <member type='way' ref='3774' role='outer' />
    <member type='way' ref='3772' role='outer' />
    <member type='way' ref='2964' role='outer' />
    <member type='way' ref='3334' role='outer' />
    <member type='way' ref='3761' role='outer' />
    <member type='way' ref='3333' role='outer' />
    <member type='way' ref='3760' role='outer' />
    <member type='way' ref='3071' role='outer' />
    <tag k='region' v='de' />
    <tag k='subtype' v='shared_walkway' />
    <tag k='type' v='multipolygon' />
  </relation>
  <relation id='4517' visible='true' version='1'>
    <member type='way' ref='3222' role='outer' />
    <member type='way' ref='2982' role='outer' />
    <member type='way' ref='3200' role='outer' />
    <member type='way' ref='3415' role='outer' />
    <member type='way' ref='3419' role='outer' />
    <tag k='region' v='de' />
    <tag k='subtype' v='bicycle_lane' />
    <tag k='type' v='multipolygon' />
  </relation>
  <relation id='4518' visible='true' version='1'>
    <member type='way' ref='3249' role='outer' />
    <member type='way' ref='3359' role='outer' />
    <member type='way' ref='3360' role='outer' />
    <member type='way' ref='3358' role='outer' />
    <member type='way' ref='3537' role='outer' />
    <member type='way' ref='3535' role='outer' />
    <member type='way' ref='3536' role='outer' />
    <member type='relation' ref='4556' role='regulatory_element' />
    <tag k='region' v='de' />
    <tag k='subtype' v='bicycle_lane' />
    <tag k='type' v='multipolygon' />
  </relation>
  <relation id='4519' visible='true' version='1'>
    <member type='way' ref='3413' role='outer' />
    <member type='way' ref='3412' role='outer' />
    <member type='way' ref='3535' role='outer' />
    <member type='way' ref='3538' role='outer' />
    <member type='way' ref='3362' role='outer' />
    <member type='way' ref='3875' role='outer' />
    <tag k='region' v='de' />
    <tag k='subtype' v='walkway' />
    <tag k='type' v='multipolygon' />
  </relation>
  <relation id='4520' visible='true' version='1'>
    <member type='way' ref='2995' role='outer' />
    <member type='way' ref='3076' role='outer' />
    <member type='way' ref='3789' role='outer' />
    <member type='way' ref='3783' role='outer' />
    <member type='way' ref='3086' role='outer' />
    <member type='relation' ref='4658' role='regulatory_element' />
    <tag k='region' v='de' />
    <tag k='subtype' v='bicycle_lane' />
    <tag k='type' v='multipolygon' />
  </relation>
  <relation id='4521' visible='true' version='1'>
    <member type='way' ref='3237' role='outer' />
    <member type='way' ref='2975' role='outer' />
    <member type='way' ref='3177' role='outer' />
    <member type='way' ref='3153' role='outer' />
    <member type='way' ref='3400' role='outer' />
    <member type='way' ref='3434' role='outer' />
    <member type='way' ref='3155' role='outer' />
    <member type='way' ref='3402' role='outer' />
    <member type='way' ref='3156' role='outer' />
    <member type='way' ref='3401' role='outer' />
    <member type='way' ref='3151' role='outer' />
    <member type='way' ref='3152' role='outer' />
    <tag k='region' v='de' />
    <tag k='subtype' v='vegetation' />
    <tag k='type' v='multipolygon' />
  </relation>
  <relation id='4522' visible='true' version='1'>
    <member type='way' ref='3166' role='outer' />
    <member type='way' ref='3168' role='outer' />
    <member type='way' ref='3411' role='outer' />
    <member type='way' ref='3387' role='outer' />
    <member type='way' ref='3388' role='outer' />
    <tag k='region' v='de' />
    <tag k='subtype' v='vegetation' />
    <tag k='type' v='multipolygon' />
  </relation>
  <relation id='4523' visible='true' version='1'>
    <member type='way' ref='3783' role='outer' />
    <member type='way' ref='3085' role='outer' />
    <member type='way' ref='3781' role='outer' />
    <member type='way' ref='3787' role='outer' />
    <member type='way' ref='3324' role='outer' />
    <member type='way' ref='3786' role='outer' />
    <member type='way' ref='3788' role='outer' />
    <member type='way' ref='3086' role='outer' />
    <tag k='region' v='de' />
    <tag k='subtype' v='shared_walkway' />
    <tag k='type' v='multipolygon' />
  </relation>
  <relation id='4524' visible='true' version='1'>
    <member type='way' ref='3619' role='outer' />
    <member type='way' ref='3391' role='outer' />
    <member type='way' ref='3386' role='outer' />
    <tag k='region' v='de' />
    <tag k='subtype' v='vegetation' />
    <tag k='type' v='multipolygon' />
  </relation>
  <relation id='4525' visible='true' version='1'>
    <member type='way' ref='3216' role='outer' />
    <member type='way' ref='3436' role='outer' />
    <member type='way' ref='3377' role='outer' />
    <member type='way' ref='3378' role='outer' />
    <member type='way' ref='3374' role='outer' />
    <member type='way' ref='3236' role='outer' />
    <member type='relation' ref='4667' role='regulatory_element' />
    <tag k='region' v='de' />
    <tag k='subtype' v='bicycle_lane' />
    <tag k='type' v='multipolygon' />
  </relation>
  <relation id='4526' visible='true' version='1'>
    <member type='way' ref='3124' role='ref_line' />
    <member type='way' ref='3563' role='refers' />
    <tag k='subtype' v='traffic_light' />
    <tag k='type' v='regulatory_element' />
  </relation>
  <relation id='4527' visible='true' version='1'>
    <member type='way' ref='3124' role='ref_line' />
    <member type='way' ref='3564' role='refers' />
    <tag k='subtype' v='traffic_light' />
    <tag k='type' v='regulatory_element' />
  </relation>
  <relation id='4528' visible='true' version='1'>
    <member type='way' ref='3121' role='ref_line' />
    <member type='way' ref='3561' role='refers' />
    <tag k='subtype' v='traffic_light' />
    <tag k='type' v='regulatory_element' />
  </relation>
  <relation id='4529' visible='true' version='1'>
    <member type='way' ref='3120' role='ref_line' />
    <member type='way' ref='3559' role='refers' />
    <tag k='subtype' v='traffic_light' />
    <tag k='type' v='regulatory_element' />
  </relation>
  <relation id='4530' visible='true' version='1'>
    <member type='way' ref='3243' role='ref_line' />
    <member type='way' ref='3554' role='refers' />
    <tag k='subtype' v='traffic_light' />
    <tag k='type' v='regulatory_element' />
  </relation>
  <relation id='4531' visible='true' version='1'>
    <member type='way' ref='3190' role='ref_line' />
    <member type='way' ref='3558' role='refers' />
    <tag k='subtype' v='traffic_light' />
    <tag k='type' v='regulatory_element' />
  </relation>
  <relation id='4532' visible='true' version='1'>
    <member type='way' ref='3191' role='ref_line' />
    <member type='way' ref='3557' role='refers' />
    <tag k='subtype' v='traffic_light' />
    <tag k='type' v='regulatory_element' />
  </relation>
  <relation id='4533' visible='true' version='1'>
    <member type='way' ref='3241' role='ref_line' />
    <member type='way' ref='3556' role='refers' />
    <tag k='subtype' v='traffic_light' />
    <tag k='type' v='regulatory_element' />
  </relation>
  <relation id='4535' visible='true' version='1'>
    <member type='way' ref='3235' role='ref_line' />
    <member type='way' ref='3553' role='refers' />
    <tag k='subtype' v='traffic_light' />
    <tag k='type' v='regulatory_element' />
  </relation>
  <relation id='4536' visible='true' version='1'>
    <member type='way' ref='3506' role='refers' />
    <member type='way' ref='3505' role='refers' />
    <tag k='subtype' v='traffic_light' />
    <tag k='type' v='regulatory_element' />
  </relation>
  <relation id='4537' visible='true' version='1'>
    <member type='way' ref='3544' role='refers' />
    <member type='way' ref='3545' role='refers' />
    <tag k='subtype' v='traffic_light' />
    <tag k='type' v='regulatory_element' />
  </relation>
  <relation id='4538' visible='true' version='1'>
    <member type='way' ref='3508' role='refers' />
    <member type='way' ref='3507' role='refers' />
    <tag k='subtype' v='traffic_light' />
    <tag k='type' v='regulatory_element' />
  </relation>
  <relation id='4539' visible='true' version='1'>
    <member type='way' ref='3494' role='refers' />
    <member type='way' ref='3495' role='refers' />
    <tag k='subtype' v='traffic_light' />
    <tag k='type' v='regulatory_element' />
  </relation>
  <relation id='4540' visible='true' version='1'>
    <member type='way' ref='3510' role='refers' />
    <member type='way' ref='3509' role='refers' />
    <tag k='subtype' v='traffic_light' />
    <tag k='type' v='regulatory_element' />
  </relation>
  <relation id='4541' visible='true' version='1'>
    <member type='way' ref='3501' role='refers' />
    <member type='way' ref='3496' role='refers' />
    <tag k='subtype' v='traffic_light' />
    <tag k='type' v='regulatory_element' />
  </relation>
  <relation id='4542' visible='true' version='1'>
    <member type='way' ref='3504' role='refers' />
    <member type='way' ref='3489' role='refers' />
    <tag k='subtype' v='traffic_light' />
    <tag k='type' v='regulatory_element' />
  </relation>
  <relation id='4543' visible='true' version='1'>
    <member type='way' ref='3883' role='ref_line' />
    <member type='way' ref='3523' role='refers' />
    <tag k='subtype' v='traffic_light' />
    <tag k='type' v='regulatory_element' />
  </relation>
  <relation id='4544' visible='true' version='1'>
    <member type='way' ref='3511' role='refers' />
    <member type='way' ref='3512' role='refers' />
    <tag k='subtype' v='traffic_light' />
    <tag k='type' v='regulatory_element' />
  </relation>
  <relation id='4545' visible='true' version='1'>
    <member type='way' ref='3492' role='refers' />
    <member type='way' ref='3493' role='refers' />
    <tag k='subtype' v='traffic_light' />
    <tag k='type' v='regulatory_element' />
  </relation>
  <relation id='4546' visible='true' version='1'>
    <member type='way' ref='3499' role='refers' />
    <member type='way' ref='3498' role='refers' />
    <tag k='subtype' v='traffic_light' />
    <tag k='type' v='regulatory_element' />
  </relation>
  <relation id='4547' visible='true' version='1'>
    <member type='way' ref='3893' role='ref_line' />
    <member type='way' ref='3524' role='refers' />
    <tag k='subtype' v='traffic_light' />
    <tag k='type' v='regulatory_element' />
  </relation>
  <relation id='4548' visible='true' version='1'>
    <member type='way' ref='3513' role='refers' />
    <member type='way' ref='3542' role='refers' />
    <tag k='subtype' v='traffic_light' />
    <tag k='type' v='regulatory_element' />
  </relation>
  <relation id='4549' visible='true' version='1'>
    <member type='way' ref='3502' role='refers' />
    <member type='way' ref='3491' role='refers' />
    <tag k='subtype' v='traffic_light' />
    <tag k='type' v='regulatory_element' />
  </relation>
  <relation id='4550' visible='true' version='1'>
    <member type='way' ref='3503' role='refers' />
    <member type='way' ref='3497' role='refers' />
    <tag k='subtype' v='traffic_light' />
    <tag k='type' v='regulatory_element' />
  </relation>
  <relation id='4551' visible='true' version='1'>
    <member type='way' ref='3122' role='ref_line' />
    <member type='way' ref='3562' role='refers' />
    <tag k='subtype' v='traffic_light' />
    <tag k='type' v='regulatory_element' />
  </relation>
  <relation id='4552' visible='true' version='1'>
    <member type='way' ref='3281' role='ref_line' />
    <member type='way' ref='3525' role='refers' />
    <tag k='subtype' v='traffic_light' />
    <tag k='type' v='regulatory_element' />
  </relation>
  <relation id='4553' visible='true' version='1'>
    <member type='way' ref='3521' role='ref_line' />
    <member type='way' ref='3522' role='refers' />
    <tag k='subtype' v='traffic_light' />
    <tag k='type' v='regulatory_element' />
  </relation>
  <relation id='4554' visible='true' version='1'>
    <member type='way' ref='3490' role='refers' />
    <member type='way' ref='3500' role='refers' />
    <tag k='subtype' v='traffic_light' />
    <tag k='type' v='regulatory_element' />
  </relation>
  <relation id='4555' visible='true' version='1'>
    <member type='way' ref='3121' role='ref_line' />
    <member type='way' ref='3560' role='refers' />
    <tag k='subtype' v='traffic_light' />
    <tag k='type' v='regulatory_element' />
  </relation>
  <relation id='4556' visible='true' version='1'>
    <member type='way' ref='3360' role='ref_line' />
    <member type='way' ref='3526' role='refers' />
    <tag k='subtype' v='traffic_light' />
    <tag k='type' v='regulatory_element' />
  </relation>
  <relation id='4557' visible='true' version='1'>
    <member type='way' ref='3488' role='refers' />
    <member type='way' ref='3487' role='refers' />
    <tag k='subtype' v='traffic_light' />
    <tag k='type' v='regulatory_element' />
  </relation>
  <relation id='4558' visible='true' version='1'>
    <member type='way' ref='3485' role='refers' />
    <member type='way' ref='3486' role='refers' />
    <tag k='subtype' v='traffic_light' />
    <tag k='type' v='regulatory_element' />
  </relation>
  <relation id='4559' visible='true' version='1'>
    <member type='way' ref='3484' role='refers' />
    <member type='way' ref='3543' role='refers' />
    <tag k='subtype' v='traffic_light' />
    <tag k='type' v='regulatory_element' />
  </relation>
  <relation id='4560' visible='true' version='1'>
    <member type='way' ref='3546' role='refers' />
    <member type='way' ref='3547' role='refers' />
    <tag k='subtype' v='traffic_light' />
    <tag k='type' v='regulatory_element' />
  </relation>
  <relation id='4561' visible='true' version='1'>
    <member type='way' ref='3872' role='ref_line' />
    <member type='way' ref='3551' role='refers' />
    <tag k='subtype' v='traffic_light' />
    <tag k='type' v='regulatory_element' />
  </relation>
  <relation id='4562' visible='true' version='1'>
    <member type='way' ref='3298' role='ref_line' />
    <member type='way' ref='3552' role='refers' />
    <tag k='subtype' v='traffic_light' />
    <tag k='type' v='regulatory_element' />
  </relation>
  <relation id='4563' visible='true' version='1'>
    <member type='way' ref='3348' role='ref_line' />
    <member type='way' ref='3549' role='refers' />
    <tag k='subtype' v='traffic_light' />
    <tag k='type' v='regulatory_element' />
  </relation>
  <relation id='4564' visible='true' version='1'>
    <member type='way' ref='3348' role='ref_line' />
    <member type='way' ref='3549' role='refers' />
    <tag k='subtype' v='traffic_light' />
    <tag k='type' v='regulatory_element' />
  </relation>
  <relation id='4565' visible='true' version='1'>
    <member type='way' ref='3280' role='ref_line' />
    <member type='way' ref='3550' role='refers' />
    <tag k='subtype' v='traffic_light' />
    <tag k='type' v='regulatory_element' />
  </relation>
  <relation id='4566' visible='true' version='1'>
    <member type='way' ref='3308' role='ref_line' />
    <member type='way' ref='3548' role='refers' />
    <tag k='subtype' v='traffic_light' />
    <tag k='type' v='regulatory_element' />
  </relation>
  <relation id='4633' visible='true' version='1'>
    <member type='way' ref='3594' role='left' />
    <member type='way' ref='4620' role='right' />
    <tag k='location' v='urban' />
    <tag k='one_way' v='yes' />
    <tag k='region' v='de' />
    <tag k='subtype' v='road' />
    <tag k='type' v='lanelet' />
  </relation>
  <relation id='4634' visible='true' version='1'>
    <member type='way' ref='4606' role='left' />
    <member type='way' ref='4605' role='right' />
    <tag k='location' v='urban' />
    <tag k='one_way' v='yes' />
    <tag k='region' v='de' />
    <tag k='subtype' v='road' />
    <tag k='type' v='lanelet' />
  </relation>
  <relation id='4635' visible='true' version='1'>
    <member type='way' ref='3880' role='left' />
    <member type='way' ref='3876' role='right' />
    <tag k='location' v='urban' />
    <tag k='one_way' v='no' />
    <tag k='region' v='de' />
    <tag k='subtype' v='walkway' />
    <tag k='type' v='lanelet' />
  </relation>
  <relation id='4636' visible='true' version='1'>
    <member type='way' ref='3170' role='left' />
    <member type='way' ref='3880' role='right' />
    <tag k='location' v='urban' />
    <tag k='one_way' v='yes' />
    <tag k='region' v='de' />
    <tag k='subtype' v='bicycle_lane' />
    <tag k='type' v='lanelet' />
  </relation>
  <relation id='4637' visible='true' version='1'>
    <member type='way' ref='2908' role='left' />
    <member type='way' ref='3170' role='right' />
    <tag k='location' v='urban' />
    <tag k='one_way' v='yes' />
    <tag k='region' v='de' />
    <tag k='subtype' v='road' />
    <tag k='type' v='lanelet' />
  </relation>
  <relation id='4638' visible='true' version='1'>
    <member type='way' ref='2908' role='left' />
    <member type='way' ref='3144' role='right' />
    <tag k='location' v='urban' />
    <tag k='one_way' v='yes' />
    <tag k='region' v='de' />
    <tag k='subtype' v='road' />
    <tag k='type' v='lanelet' />
  </relation>
  <relation id='4639' visible='true' version='1'>
    <member type='way' ref='3144' role='left' />
    <member type='way' ref='3417' role='right' />
    <tag k='location' v='urban' />
    <tag k='one_way' v='yes' />
    <tag k='region' v='de' />
    <tag k='subtype' v='bicycle_lane' />
    <tag k='type' v='lanelet' />
  </relation>
  <relation id='4640' visible='true' version='1'>
    <member type='way' ref='3417' role='left' />
    <member type='way' ref='3429' role='right' />
    <tag k='location' v='urban' />
    <tag k='one_way' v='no' />
    <tag k='region' v='de' />
    <tag k='subtype' v='walkway' />
    <tag k='type' v='lanelet' />
  </relation>
  <relation id='4641' visible='true' version='1'>
    <member type='way' ref='4618' role='left' />
    <member type='way' ref='4614' role='right' />
    <tag k='location' v='urban' />
    <tag k='one_way' v='yes' />
    <tag k='region' v='de' />
    <tag k='subtype' v='road' />
    <tag k='type' v='lanelet' />
  </relation>
  <relation id='4642' visible='true' version='1'>
    <member type='way' ref='4613' role='left' />
    <member type='way' ref='4617' role='right' />
    <tag k='location' v='urban' />
    <tag k='one_way' v='yes' />
    <tag k='region' v='de' />
    <tag k='subtype' v='road' />
    <tag k='type' v='lanelet' />
  </relation>
  <relation id='4643' visible='true' version='1'>
    <member type='way' ref='4614' role='left' />
    <member type='way' ref='4615' role='right' />
    <tag k='location' v='urban' />
    <tag k='one_way' v='yes' />
    <tag k='region' v='de' />
    <tag k='subtype' v='bicycle_lane' />
    <tag k='type' v='lanelet' />
  </relation>
  <relation id='4644' visible='true' version='1'>
    <member type='way' ref='4615' role='left' />
    <member type='way' ref='4616' role='right' />
    <tag k='location' v='urban' />
    <tag k='one_way' v='no' />
    <tag k='region' v='de' />
    <tag k='subtype' v='walkway' />
    <tag k='type' v='lanelet' />
  </relation>
  <relation id='4645' visible='true' version='1'>
    <member type='way' ref='4611' role='left' />
    <member type='way' ref='4610' role='right' />
    <tag k='location' v='urban' />
    <tag k='one_way' v='no' />
    <tag k='region' v='de' />
    <tag k='subtype' v='walkway' />
    <tag k='type' v='lanelet' />
  </relation>
  <relation id='4646' visible='true' version='1'>
    <member type='way' ref='4612' role='left' />
    <member type='way' ref='4611' role='right' />
    <tag k='location' v='urban' />
    <tag k='one_way' v='yes' />
    <tag k='region' v='de' />
    <tag k='subtype' v='bicycle_lane' />
    <tag k='type' v='lanelet' />
  </relation>
  <relation id='4647' visible='true' version='1'>
    <member type='way' ref='4613' role='left' />
    <member type='way' ref='4612' role='right' />
    <tag k='location' v='urban' />
    <tag k='one_way' v='yes' />
    <tag k='region' v='de' />
    <tag k='subtype' v='road' />
    <tag k='type' v='lanelet' />
  </relation>
  <relation id='4648' visible='true' version='1'>
    <member type='way' ref='3213' role='outer' />
    <member type='way' ref='3220' role='outer' />
    <member type='way' ref='2969' role='outer' />
    <member type='way' ref='3383' role='outer' />
    <member type='way' ref='3218' role='outer' />
    <tag k='subtype' v='traffic_island' />
    <tag k='type' v='multipolygon' />
  </relation>
  <relation id='4649' visible='true' version='1'>
    <member type='way' ref='3384' role='outer' />
    <member type='way' ref='3382' role='outer' />
    <member type='way' ref='3219' role='outer' />
    <tag k='subtype' v='traffic_island' />
    <tag k='type' v='multipolygon' />
  </relation>
  <relation id='4650' visible='true' version='1'>
    <member type='way' ref='3570' role='outer' />
    <member type='way' ref='3569' role='outer' />
    <member type='way' ref='3840' role='outer' />
    <tag k='region' v='de' />
    <tag k='subtype' v='keepout' />
    <tag k='type' v='multipolygon' />
  </relation>
  <relation id='4651' visible='true' version='1'>
    <member type='way' ref='3266' role='outer' />
    <member type='way' ref='3260' role='outer' />
    <member type='way' ref='3257' role='outer' />
    <member type='way' ref='3604' role='outer' />
    <member type='way' ref='3276' role='outer' />
    <member type='way' ref='3258' role='outer' />
    <member type='way' ref='3256' role='outer' />
    <member type='way' ref='3305' role='outer' />
    <member type='way' ref='3466' role='outer' />
    <member type='way' ref='2911' role='outer' />
    <member type='way' ref='3282' role='outer' />
    <member type='way' ref='3267' role='outer' />
    <tag k='subtype' v='traffic_island' />
    <tag k='type' v='multipolygon' />
  </relation>
  <relation id='4652' visible='true' version='1'>
    <member type='way' ref='3236' role='ref_line' />
    <member type='way' ref='4632' role='refers' />
    <tag k='subtype' v='traffic_light' />
    <tag k='type' v='regulatory_element' />
  </relation>
  <relation id='4653' visible='true' version='1'>
    <member type='way' ref='3767' role='ref_line' />
    <member type='way' ref='4628' role='refers' />
    <tag k='subtype' v='traffic_light' />
    <tag k='type' v='regulatory_element' />
  </relation>
  <relation id='4654' visible='true' version='1'>
    <member type='way' ref='3123' role='ref_line' />
    <member type='way' ref='4625' role='refers' />
    <tag k='subtype' v='traffic_light' />
    <tag k='type' v='regulatory_element' />
  </relation>
  <relation id='4655' visible='true' version='1'>
    <member type='way' ref='3739' role='ref_line' />
    <member type='way' ref='4627' role='refers' />
    <tag k='subtype' v='traffic_light' />
    <tag k='type' v='regulatory_element' />
  </relation>
  <relation id='4656' visible='true' version='1'>
    <member type='way' ref='3323' role='ref_line' />
    <member type='way' ref='4629' role='refers' />
    <tag k='subtype' v='traffic_light' />
    <tag k='type' v='regulatory_element' />
  </relation>
  <relation id='4657' visible='true' version='1'>
    <member type='relation' ref='4148' role='right_of_way' />
    <member type='relation' ref='4022' role='right_of_way' />
    <member type='relation' ref='4033' role='yield' />
    <tag k='subtype' v='right_of_way' />
    <tag k='type' v='regulatory_element' />
  </relation>
  <relation id='4658' visible='true' version='1'>
    <member type='way' ref='3789' role='ref_line' />
    <member type='way' ref='4626' role='refers' />
    <tag k='subtype' v='traffic_light' />
    <tag k='type' v='regulatory_element' />
  </relation>
  <relation id='4659' visible='true' version='1'>
    <member type='way' ref='3776' role='ref_line' />
    <member type='way' ref='4622' role='refers' />
    <tag k='subtype' v='traffic_light' />
    <tag k='type' v='regulatory_element' />
  </relation>
  <relation id='4660' visible='true' version='1'>
    <member type='relation' ref='4268' role='right_of_way' />
    <member type='relation' ref='3964' role='right_of_way' />
    <member type='relation' ref='4259' role='yield' />
    <tag k='subtype' v='right_of_way' />
    <tag k='type' v='regulatory_element' />
  </relation>
  <relation id='4661' visible='true' version='1'>
    <member type='way' ref='3788' role='ref_line' />
    <member type='way' ref='4621' role='refers' />
    <tag k='subtype' v='traffic_light' />
    <tag k='type' v='regulatory_element' />
  </relation>
  <relation id='4662' visible='true' version='1'>
    <member type='way' ref='3120' role='ref_line' />
    <member type='way' ref='4623' role='refers' />
    <tag k='subtype' v='traffic_light' />
    <tag k='type' v='regulatory_element' />
  </relation>
  <relation id='4663' visible='true' version='1'>
    <member type='relation' ref='4294' role='right_of_way' />
    <member type='relation' ref='3939' role='right_of_way' />
    <member type='relation' ref='3968' role='yield' />
    <tag k='subtype' v='right_of_way' />
    <tag k='type' v='regulatory_element' />
  </relation>
  <relation id='4664' visible='true' version='1'>
    <member type='way' ref='3613' role='ref_line' />
    <member type='way' ref='4630' role='refers' />
    <tag k='subtype' v='traffic_light' />
    <tag k='type' v='regulatory_element' />
  </relation>
  <relation id='4665' visible='true' version='1'>
    <member type='relation' ref='3992' role='right_of_way' />
    <member type='relation' ref='4008' role='right_of_way' />
    <member type='relation' ref='4001' role='yield' />
    <tag k='subtype' v='right_of_way' />
    <tag k='type' v='regulatory_element' />
  </relation>
  <relation id='4666' visible='true' version='1'>
    <member type='relation' ref='3941' role='right_of_way' />
    <member type='relation' ref='4125' role='yield' />
    <tag k='subtype' v='right_of_way' />
    <tag k='type' v='regulatory_element' />
  </relation>
  <relation id='4667' visible='true' version='1'>
    <member type='way' ref='3377' role='ref_line' />
    <member type='way' ref='4631' role='refers' />
    <tag k='subtype' v='traffic_light' />
    <tag k='type' v='regulatory_element' />
  </relation>
  <relation id='4668' visible='true' version='1'>
    <member type='relation' ref='3952' role='right_of_way' />
    <member type='relation' ref='3951' role='right_of_way' />
    <member type='relation' ref='4249' role='yield' />
    <tag k='subtype' v='right_of_way' />
    <tag k='type' v='regulatory_element' />
  </relation>
  <relation id='4669' visible='true' version='1'>
    <member type='relation' ref='4248' role='right_of_way' />
    <member type='relation' ref='4247' role='right_of_way' />
    <member type='relation' ref='3950' role='yield' />
    <tag k='subtype' v='right_of_way' />
    <tag k='type' v='regulatory_element' />
  </relation>
  <relation id='4670' visible='true' version='1'>
    <member type='relation' ref='4437' role='right_of_way' />
    <member type='relation' ref='4431' role='right_of_way' />
    <member type='relation' ref='4473' role='yield' />
    <tag k='subtype' v='right_of_way' />
    <tag k='type' v='regulatory_element' />
  </relation>
  <relation id='4671' visible='true' version='1'>
    <member type='relation' ref='4471' role='right_of_way' />
    <member type='relation' ref='4179' role='right_of_way' />
    <member type='relation' ref='4428' role='yield' />
    <tag k='subtype' v='right_of_way' />
    <tag k='type' v='regulatory_element' />
  </relation>
  <relation id='4672' visible='true' version='1'>
    <member type='relation' ref='4407' role='right_of_way' />
    <member type='relation' ref='4410' role='right_of_way' />
    <member type='relation' ref='4061' role='yield' />
    <tag k='subtype' v='right_of_way' />
    <tag k='type' v='regulatory_element' />
  </relation>
  <relation id='4673' visible='true' version='1'>
    <member type='relation' ref='4445' role='right_of_way' />
    <member type='relation' ref='4142' role='right_of_way' />
    <member type='relation' ref='4413' role='yield' />
    <tag k='subtype' v='right_of_way' />
    <tag k='type' v='regulatory_element' />
  </relation>
</osm>
